ISO-10303-21;
HEADER;
FILE_DESCRIPTION(('1988813901577658368'),'2;1');
FILE_NAME('1988813901577658368','2026-10-09T20:33:42',('Gilles Foucault'
    ),('UJF'),'Open CASCADE STEP processor 7.6',
  'STEP CAF CONTROL WRITER','Unknown');
FILE_SCHEMA(('AUTOMOTIVE_DESIGN { 1 0 10303 214 1 1 1 1 }'));
ENDSEC;
DATA;
#1 = APPLICATION_PROTOCOL_DEFINITION('international standard',
  'automotive_design',2000,#2);
#2 = APPLICATION_CONTEXT(
  'core data for automotive mechanical design processes');
#3 = SHAPE_DEFINITION_REPRESENTATION(#4,#10);
#4 = PRODUCT_DEFINITION_SHAPE('','',#5);
#5 = PRODUCT_DEFINITION('design','',#6,#9);
#6 = PRODUCT_DEFINITION_FORMATION('','',#7);
#7 = PRODUCT('ASSEMBLY','ASSEMBLY','',(#8));
#8 = PRODUCT_CONTEXT('',#2,'mechanical');
#9 = PRODUCT_DEFINITION_CONTEXT('part definition',#2,'design');
#10 = SHAPE_REPRESENTATION('',(#11,#15),#19);
#11 = AXIS2_PLACEMENT_3D('',#12,#13,#14);
#12 = CARTESIAN_POINT('',(0.,0.,0.));
#13 = DIRECTION('',(0.,0.,1.));
#14 = DIRECTION('',(1.,0.,-0.));
#15 = AXIS2_PLACEMENT_3D('',#16,#17,#18);
#16 = CARTESIAN_POINT('',(0.,0.,0.));
#17 = DIRECTION('',(0.,0.,1.));
#18 = DIRECTION('',(1.,0.,-0.));
#19 = ( GEOMETRIC_REPRESENTATION_CONTEXT(3) 
GLOBAL_UNCERTAINTY_ASSIGNED_CONTEXT((#23)) GLOBAL_UNIT_ASSIGNED_CONTEXT(
(#20,#21,#22)) REPRESENTATION_CONTEXT('Context #1',
  '3D Context with UNIT and UNCERTAINTY') );
#20 = ( LENGTH_UNIT() NAMED_UNIT(*) SI_UNIT(.MILLI.,.METRE.) );
#21 = ( NAMED_UNIT(*) PLANE_ANGLE_UNIT() SI_UNIT($,.RADIAN.) );
#22 = ( NAMED_UNIT(*) SI_UNIT($,.STERADIAN.) SOLID_ANGLE_UNIT() );
#23 = UNCERTAINTY_MEASURE_WITH_UNIT(LENGTH_MEASURE(2.E-07),#20,
  'distance_accuracy_value','confusion accuracy');
#24 = PRODUCT_RELATED_PRODUCT_CATEGORY('part',$,(#7));
#25 = ADVANCED_BREP_SHAPE_REPRESENTATION('',(#11,#26),#5322);
#26 = MANIFOLD_SOLID_BREP('undefined shape id',#27);
#27 = CLOSED_SHELL('',(#28,#148,#226,#304,#1778,#3002,#3029,#3056,#3083,
    #3110,#3137,#3508,#3535,#3562,#3589,#3616,#3643,#3670,#3697,#3724,
    #3751,#3778,#3805,#3832,#3859,#3886,#3913,#3940,#3967,#3994,#4021,
    #4048,#4075,#4102,#4129,#4424,#4451,#4478,#4505,#4532,#4559,#4586,
    #4613,#4640,#4667,#4694,#4721,#4748,#4775,#4802,#4829,#4856,#4883,
    #4910,#4937,#4964,#4991,#4998,#5045,#5072,#5099,#5126,#5153,#5180,
    #5207,#5214,#5261,#5288,#5315));
#28 = ADVANCED_FACE('1_region1_Face_345',(#29),#43,.F.);
#29 = FACE_BOUND('',#30,.F.);
#30 = EDGE_LOOP('undefined shape id',(#31,#66,#94,#122));
#31 = ORIENTED_EDGE('',*,*,#32,.T.);
#32 = EDGE_CURVE('1_region1_Edge_0',#33,#35,#37,.T.);
#33 = VERTEX_POINT('1_region1_Vertex_0',#34);
#34 = CARTESIAN_POINT('',(34.79999616,0.51000129,0.));
#35 = VERTEX_POINT('1_region1_Vertex_1',#36);
#36 = CARTESIAN_POINT('',(34.79999616,0.51000129,100.));
#37 = SURFACE_CURVE('',#38,(#42,#54),.PCURVE_S1.);
#38 = LINE('',#39,#40);
#39 = CARTESIAN_POINT('',(34.79999616,0.51000129,0.));
#40 = VECTOR('',#41,1.);
#41 = DIRECTION('',(0.,0.,1.));
#42 = PCURVE('',#43,#48);
#43 = PLANE('',#44);
#44 = AXIS2_PLACEMENT_3D('',#45,#46,#47);
#45 = CARTESIAN_POINT('',(34.79999616,0.51000129,0.));
#46 = DIRECTION('',(1.,0.,-0.));
#47 = DIRECTION('',(0.,-1.,0.));
#48 = DEFINITIONAL_REPRESENTATION('',(#49),#53);
#49 = LINE('',#50,#51);
#50 = CARTESIAN_POINT('',(0.,0.));
#51 = VECTOR('',#52,1.);
#52 = DIRECTION('',(0.,-1.));
#53 = ( GEOMETRIC_REPRESENTATION_CONTEXT(2) 
PARAMETRIC_REPRESENTATION_CONTEXT() REPRESENTATION_CONTEXT('2D SPACE',''
  ) );
#54 = PCURVE('',#55,#60);
#55 = CYLINDRICAL_SURFACE('',#56,0.45);
#56 = AXIS2_PLACEMENT_3D('',#57,#58,#59);
#57 = CARTESIAN_POINT('',(34.34999616,0.51000129,0.));
#58 = DIRECTION('',(-0.,0.,-1.));
#59 = DIRECTION('',(1.,0.,0.));
#60 = DEFINITIONAL_REPRESENTATION('',(#61),#65);
#61 = LINE('',#62,#63);
#62 = CARTESIAN_POINT('',(-0.,0.));
#63 = VECTOR('',#64,1.);
#64 = DIRECTION('',(-0.,-1.));
#65 = ( GEOMETRIC_REPRESENTATION_CONTEXT(2) 
PARAMETRIC_REPRESENTATION_CONTEXT() REPRESENTATION_CONTEXT('2D SPACE',''
  ) );
#66 = ORIENTED_EDGE('',*,*,#67,.T.);
#67 = EDGE_CURVE('1_region1_Edge_3',#35,#68,#70,.T.);
#68 = VERTEX_POINT('1_region1_Vertex_3',#69);
#69 = CARTESIAN_POINT('',(34.79999616,0.11000129,100.));
#70 = SURFACE_CURVE('',#71,(#75,#82),.PCURVE_S1.);
#71 = LINE('',#72,#73);
#72 = CARTESIAN_POINT('',(34.79999616,0.51000129,100.));
#73 = VECTOR('',#74,1.);
#74 = DIRECTION('',(0.,-1.,-0.));
#75 = PCURVE('',#43,#76);
#76 = DEFINITIONAL_REPRESENTATION('',(#77),#81);
#77 = LINE('',#78,#79);
#78 = CARTESIAN_POINT('',(0.,-100.));
#79 = VECTOR('',#80,1.);
#80 = DIRECTION('',(1.,0.));
#81 = ( GEOMETRIC_REPRESENTATION_CONTEXT(2) 
PARAMETRIC_REPRESENTATION_CONTEXT() REPRESENTATION_CONTEXT('2D SPACE',''
  ) );
#82 = PCURVE('',#83,#88);
#83 = PLANE('',#84);
#84 = AXIS2_PLACEMENT_3D('',#85,#86,#87);
#85 = CARTESIAN_POINT('',(0.,0.,100.));
#86 = DIRECTION('',(0.,0.,1.));
#87 = DIRECTION('',(1.,0.,-0.));
#88 = DEFINITIONAL_REPRESENTATION('',(#89),#93);
#89 = LINE('',#90,#91);
#90 = CARTESIAN_POINT('',(34.79999616,0.51000129));
#91 = VECTOR('',#92,1.);
#92 = DIRECTION('',(0.,-1.));
#93 = ( GEOMETRIC_REPRESENTATION_CONTEXT(2) 
PARAMETRIC_REPRESENTATION_CONTEXT() REPRESENTATION_CONTEXT('2D SPACE',''
  ) );
#94 = ORIENTED_EDGE('',*,*,#95,.F.);
#95 = EDGE_CURVE('1_region1_Edge_1',#96,#68,#98,.T.);
#96 = VERTEX_POINT('1_region1_Vertex_2',#97);
#97 = CARTESIAN_POINT('',(34.79999616,0.11000129,0.));
#98 = SURFACE_CURVE('',#99,(#103,#110),.PCURVE_S1.);
#99 = LINE('',#100,#101);
#100 = CARTESIAN_POINT('',(34.79999616,0.11000129,0.));
#101 = VECTOR('',#102,1.);
#102 = DIRECTION('',(0.,0.,1.));
#103 = PCURVE('',#43,#104);
#104 = DEFINITIONAL_REPRESENTATION('',(#105),#109);
#105 = LINE('',#106,#107);
#106 = CARTESIAN_POINT('',(0.4,0.));
#107 = VECTOR('',#108,1.);
#108 = DIRECTION('',(0.,-1.));
#109 = ( GEOMETRIC_REPRESENTATION_CONTEXT(2) 
PARAMETRIC_REPRESENTATION_CONTEXT() REPRESENTATION_CONTEXT('2D SPACE',''
  ) );
#110 = PCURVE('',#111,#116);
#111 = CYLINDRICAL_SURFACE('',#112,0.1);
#112 = AXIS2_PLACEMENT_3D('',#113,#114,#115);
#113 = CARTESIAN_POINT('',(34.89999616,0.11000129,0.));
#114 = DIRECTION('',(-0.,0.,-1.));
#115 = DIRECTION('',(1.,0.,0.));
#116 = DEFINITIONAL_REPRESENTATION('',(#117),#121);
#117 = LINE('',#118,#119);
#118 = CARTESIAN_POINT('',(-3.14159265359,0.));
#119 = VECTOR('',#120,1.);
#120 = DIRECTION('',(-0.,-1.));
#121 = ( GEOMETRIC_REPRESENTATION_CONTEXT(2) 
PARAMETRIC_REPRESENTATION_CONTEXT() REPRESENTATION_CONTEXT('2D SPACE',''
  ) );
#122 = ORIENTED_EDGE('',*,*,#123,.F.);
#123 = EDGE_CURVE('1_region1_Edge_2',#33,#96,#124,.T.);
#124 = SURFACE_CURVE('',#125,(#129,#136),.PCURVE_S1.);
#125 = LINE('',#126,#127);
#126 = CARTESIAN_POINT('',(34.79999616,0.51000129,0.));
#127 = VECTOR('',#128,1.);
#128 = DIRECTION('',(0.,-1.,-0.));
#129 = PCURVE('',#43,#130);
#130 = DEFINITIONAL_REPRESENTATION('',(#131),#135);
#131 = LINE('',#132,#133);
#132 = CARTESIAN_POINT('',(0.,0.));
#133 = VECTOR('',#134,1.);
#134 = DIRECTION('',(1.,0.));
#135 = ( GEOMETRIC_REPRESENTATION_CONTEXT(2) 
PARAMETRIC_REPRESENTATION_CONTEXT() REPRESENTATION_CONTEXT('2D SPACE',''
  ) );
#136 = PCURVE('',#137,#142);
#137 = PLANE('',#138);
#138 = AXIS2_PLACEMENT_3D('',#139,#140,#141);
#139 = CARTESIAN_POINT('',(0.,0.,0.));
#140 = DIRECTION('',(0.,0.,1.));
#141 = DIRECTION('',(1.,0.,-0.));
#142 = DEFINITIONAL_REPRESENTATION('',(#143),#147);
#143 = LINE('',#144,#145);
#144 = CARTESIAN_POINT('',(34.79999616,0.51000129));
#145 = VECTOR('',#146,1.);
#146 = DIRECTION('',(0.,-1.));
#147 = ( GEOMETRIC_REPRESENTATION_CONTEXT(2) 
PARAMETRIC_REPRESENTATION_CONTEXT() REPRESENTATION_CONTEXT('2D SPACE',''
  ) );
#148 = ADVANCED_FACE('1_region1_Face_341',(#149),#55,.F.);
#149 = FACE_BOUND('',#150,.T.);
#150 = EDGE_LOOP('undefined shape id',(#151,#152,#176,#204));
#151 = ORIENTED_EDGE('',*,*,#32,.T.);
#152 = ORIENTED_EDGE('',*,*,#153,.T.);
#153 = EDGE_CURVE('1_region1_Edge_164',#35,#154,#156,.T.);
#154 = VERTEX_POINT('1_region1_Vertex_109',#155);
#155 = CARTESIAN_POINT('',(33.89999616,0.51000129,100.));
#156 = SURFACE_CURVE('',#157,(#162,#169),.PCURVE_S1.);
#157 = CIRCLE('',#158,0.45);
#158 = AXIS2_PLACEMENT_3D('',#159,#160,#161);
#159 = CARTESIAN_POINT('',(34.34999616,0.51000129,100.));
#160 = DIRECTION('',(0.,-0.,1.));
#161 = DIRECTION('',(1.,0.,0.));
#162 = PCURVE('',#55,#163);
#163 = DEFINITIONAL_REPRESENTATION('',(#164),#168);
#164 = LINE('',#165,#166);
#165 = CARTESIAN_POINT('',(-0.,-100.));
#166 = VECTOR('',#167,1.);
#167 = DIRECTION('',(-1.,0.));
#168 = ( GEOMETRIC_REPRESENTATION_CONTEXT(2) 
PARAMETRIC_REPRESENTATION_CONTEXT() REPRESENTATION_CONTEXT('2D SPACE',''
  ) );
#169 = PCURVE('',#83,#170);
#170 = DEFINITIONAL_REPRESENTATION('',(#171),#175);
#171 = CIRCLE('',#172,0.45);
#172 = AXIS2_PLACEMENT_2D('',#173,#174);
#173 = CARTESIAN_POINT('',(34.34999616,0.51000129));
#174 = DIRECTION('',(1.,0.));
#175 = ( GEOMETRIC_REPRESENTATION_CONTEXT(2) 
PARAMETRIC_REPRESENTATION_CONTEXT() REPRESENTATION_CONTEXT('2D SPACE',''
  ) );
#176 = ORIENTED_EDGE('',*,*,#177,.F.);
#177 = EDGE_CURVE('1_region1_Edge_160',#178,#154,#180,.T.);
#178 = VERTEX_POINT('1_region1_Vertex_108',#179);
#179 = CARTESIAN_POINT('',(33.89999616,0.51000129,0.));
#180 = SURFACE_CURVE('',#181,(#185,#192),.PCURVE_S1.);
#181 = LINE('',#182,#183);
#182 = CARTESIAN_POINT('',(33.89999616,0.51000129,0.));
#183 = VECTOR('',#184,1.);
#184 = DIRECTION('',(0.,0.,1.));
#185 = PCURVE('',#55,#186);
#186 = DEFINITIONAL_REPRESENTATION('',(#187),#191);
#187 = LINE('',#188,#189);
#188 = CARTESIAN_POINT('',(-3.14159265359,0.));
#189 = VECTOR('',#190,1.);
#190 = DIRECTION('',(-0.,-1.));
#191 = ( GEOMETRIC_REPRESENTATION_CONTEXT(2) 
PARAMETRIC_REPRESENTATION_CONTEXT() REPRESENTATION_CONTEXT('2D SPACE',''
  ) );
#192 = PCURVE('',#193,#198);
#193 = PLANE('',#194);
#194 = AXIS2_PLACEMENT_3D('',#195,#196,#197);
#195 = CARTESIAN_POINT('',(33.89999615,0.11000129,0.));
#196 = DIRECTION('',(-1.,2.500000206851E-08,0.));
#197 = DIRECTION('',(2.500000206851E-08,1.,0.));
#198 = DEFINITIONAL_REPRESENTATION('',(#199),#203);
#199 = LINE('',#200,#201);
#200 = CARTESIAN_POINT('',(0.4,0.));
#201 = VECTOR('',#202,1.);
#202 = DIRECTION('',(0.,-1.));
#203 = ( GEOMETRIC_REPRESENTATION_CONTEXT(2) 
PARAMETRIC_REPRESENTATION_CONTEXT() REPRESENTATION_CONTEXT('2D SPACE',''
  ) );
#204 = ORIENTED_EDGE('',*,*,#205,.F.);
#205 = EDGE_CURVE('1_region1_Edge_163',#33,#178,#206,.T.);
#206 = SURFACE_CURVE('',#207,(#212,#219),.PCURVE_S1.);
#207 = CIRCLE('',#208,0.45);
#208 = AXIS2_PLACEMENT_3D('',#209,#210,#211);
#209 = CARTESIAN_POINT('',(34.34999616,0.51000129,0.));
#210 = DIRECTION('',(0.,-0.,1.));
#211 = DIRECTION('',(1.,0.,0.));
#212 = PCURVE('',#55,#213);
#213 = DEFINITIONAL_REPRESENTATION('',(#214),#218);
#214 = LINE('',#215,#216);
#215 = CARTESIAN_POINT('',(-0.,0.));
#216 = VECTOR('',#217,1.);
#217 = DIRECTION('',(-1.,0.));
#218 = ( GEOMETRIC_REPRESENTATION_CONTEXT(2) 
PARAMETRIC_REPRESENTATION_CONTEXT() REPRESENTATION_CONTEXT('2D SPACE',''
  ) );
#219 = PCURVE('',#137,#220);
#220 = DEFINITIONAL_REPRESENTATION('',(#221),#225);
#221 = CIRCLE('',#222,0.45);
#222 = AXIS2_PLACEMENT_2D('',#223,#224);
#223 = CARTESIAN_POINT('',(34.34999616,0.51000129));
#224 = DIRECTION('',(1.,0.));
#225 = ( GEOMETRIC_REPRESENTATION_CONTEXT(2) 
PARAMETRIC_REPRESENTATION_CONTEXT() REPRESENTATION_CONTEXT('2D SPACE',''
  ) );
#226 = ADVANCED_FACE('1_region1_Face_348',(#227),#111,.T.);
#227 = FACE_BOUND('',#228,.F.);
#228 = EDGE_LOOP('undefined shape id',(#229,#230,#254,#282));
#229 = ORIENTED_EDGE('',*,*,#95,.T.);
#230 = ORIENTED_EDGE('',*,*,#231,.T.);
#231 = EDGE_CURVE('1_region1_Edge_6',#68,#232,#234,.T.);
#232 = VERTEX_POINT('1_region1_Vertex_5',#233);
#233 = CARTESIAN_POINT('',(34.89999616,1.000129E-02,100.));
#234 = SURFACE_CURVE('',#235,(#240,#247),.PCURVE_S1.);
#235 = CIRCLE('',#236,0.1);
#236 = AXIS2_PLACEMENT_3D('',#237,#238,#239);
#237 = CARTESIAN_POINT('',(34.89999616,0.11000129,100.));
#238 = DIRECTION('',(0.,-0.,1.));
#239 = DIRECTION('',(1.,0.,0.));
#240 = PCURVE('',#111,#241);
#241 = DEFINITIONAL_REPRESENTATION('',(#242),#246);
#242 = LINE('',#243,#244);
#243 = CARTESIAN_POINT('',(-0.,-100.));
#244 = VECTOR('',#245,1.);
#245 = DIRECTION('',(-1.,0.));
#246 = ( GEOMETRIC_REPRESENTATION_CONTEXT(2) 
PARAMETRIC_REPRESENTATION_CONTEXT() REPRESENTATION_CONTEXT('2D SPACE',''
  ) );
#247 = PCURVE('',#83,#248);
#248 = DEFINITIONAL_REPRESENTATION('',(#249),#253);
#249 = CIRCLE('',#250,0.1);
#250 = AXIS2_PLACEMENT_2D('',#251,#252);
#251 = CARTESIAN_POINT('',(34.89999616,0.11000129));
#252 = DIRECTION('',(1.,0.));
#253 = ( GEOMETRIC_REPRESENTATION_CONTEXT(2) 
PARAMETRIC_REPRESENTATION_CONTEXT() REPRESENTATION_CONTEXT('2D SPACE',''
  ) );
#254 = ORIENTED_EDGE('',*,*,#255,.F.);
#255 = EDGE_CURVE('1_region1_Edge_4',#256,#232,#258,.T.);
#256 = VERTEX_POINT('1_region1_Vertex_4',#257);
#257 = CARTESIAN_POINT('',(34.89999616,1.000129E-02,0.));
#258 = SURFACE_CURVE('',#259,(#263,#270),.PCURVE_S1.);
#259 = LINE('',#260,#261);
#260 = CARTESIAN_POINT('',(34.89999616,1.000129E-02,0.));
#261 = VECTOR('',#262,1.);
#262 = DIRECTION('',(0.,0.,1.));
#263 = PCURVE('',#111,#264);
#264 = DEFINITIONAL_REPRESENTATION('',(#265),#269);
#265 = LINE('',#266,#267);
#266 = CARTESIAN_POINT('',(-4.712388980385,0.));
#267 = VECTOR('',#268,1.);
#268 = DIRECTION('',(-0.,-1.));
#269 = ( GEOMETRIC_REPRESENTATION_CONTEXT(2) 
PARAMETRIC_REPRESENTATION_CONTEXT() REPRESENTATION_CONTEXT('2D SPACE',''
  ) );
#270 = PCURVE('',#271,#276);
#271 = PLANE('',#272);
#272 = AXIS2_PLACEMENT_3D('',#273,#274,#275);
#273 = CARTESIAN_POINT('',(34.89999616,1.000129E-02,0.));
#274 = DIRECTION('',(0.,1.,0.));
#275 = DIRECTION('',(1.,0.,0.));
#276 = DEFINITIONAL_REPRESENTATION('',(#277),#281);
#277 = LINE('',#278,#279);
#278 = CARTESIAN_POINT('',(0.,0.));
#279 = VECTOR('',#280,1.);
#280 = DIRECTION('',(0.,-1.));
#281 = ( GEOMETRIC_REPRESENTATION_CONTEXT(2) 
PARAMETRIC_REPRESENTATION_CONTEXT() REPRESENTATION_CONTEXT('2D SPACE',''
  ) );
#282 = ORIENTED_EDGE('',*,*,#283,.F.);
#283 = EDGE_CURVE('1_region1_Edge_5',#96,#256,#284,.T.);
#284 = SURFACE_CURVE('',#285,(#290,#297),.PCURVE_S1.);
#285 = CIRCLE('',#286,0.1);
#286 = AXIS2_PLACEMENT_3D('',#287,#288,#289);
#287 = CARTESIAN_POINT('',(34.89999616,0.11000129,0.));
#288 = DIRECTION('',(0.,-0.,1.));
#289 = DIRECTION('',(1.,0.,0.));
#290 = PCURVE('',#111,#291);
#291 = DEFINITIONAL_REPRESENTATION('',(#292),#296);
#292 = LINE('',#293,#294);
#293 = CARTESIAN_POINT('',(-0.,0.));
#294 = VECTOR('',#295,1.);
#295 = DIRECTION('',(-1.,0.));
#296 = ( GEOMETRIC_REPRESENTATION_CONTEXT(2) 
PARAMETRIC_REPRESENTATION_CONTEXT() REPRESENTATION_CONTEXT('2D SPACE',''
  ) );
#297 = PCURVE('',#137,#298);
#298 = DEFINITIONAL_REPRESENTATION('',(#299),#303);
#299 = CIRCLE('',#300,0.1);
#300 = AXIS2_PLACEMENT_2D('',#301,#302);
#301 = CARTESIAN_POINT('',(34.89999616,0.11000129));
#302 = DIRECTION('',(1.,0.));
#303 = ( GEOMETRIC_REPRESENTATION_CONTEXT(2) 
PARAMETRIC_REPRESENTATION_CONTEXT() REPRESENTATION_CONTEXT('2D SPACE',''
  ) );
#304 = ADVANCED_FACE('1_region1_Face_start',(#305),#137,.F.);
#305 = FACE_BOUND('',#306,.F.);
#306 = EDGE_LOOP('undefined shape id',(#307,#308,#309,#332,#361,#389,
    #418,#446,#475,#503,#532,#560,#588,#617,#645,#674,#702,#731,#759,
    #788,#816,#844,#872,#901,#929,#958,#987,#1016,#1044,#1073,#1101,
    #1129,#1157,#1186,#1214,#1243,#1272,#1301,#1329,#1358,#1386,#1414,
    #1442,#1471,#1499,#1528,#1556,#1585,#1613,#1642,#1670,#1699,#1727,
    #1756,#1777));
#307 = ORIENTED_EDGE('',*,*,#123,.T.);
#308 = ORIENTED_EDGE('',*,*,#283,.T.);
#309 = ORIENTED_EDGE('',*,*,#310,.T.);
#310 = EDGE_CURVE('1_region1_Edge_8',#256,#311,#313,.T.);
#311 = VERTEX_POINT('1_region1_Vertex_6',#312);
#312 = CARTESIAN_POINT('',(35.39999616,1.000129E-02,0.));
#313 = SURFACE_CURVE('',#314,(#318,#325),.PCURVE_S1.);
#314 = LINE('',#315,#316);
#315 = CARTESIAN_POINT('',(34.89999616,1.000129E-02,0.));
#316 = VECTOR('',#317,1.);
#317 = DIRECTION('',(1.,0.,0.));
#318 = PCURVE('',#137,#319);
#319 = DEFINITIONAL_REPRESENTATION('',(#320),#324);
#320 = LINE('',#321,#322);
#321 = CARTESIAN_POINT('',(34.89999616,1.000129E-02));
#322 = VECTOR('',#323,1.);
#323 = DIRECTION('',(1.,0.));
#324 = ( GEOMETRIC_REPRESENTATION_CONTEXT(2) 
PARAMETRIC_REPRESENTATION_CONTEXT() REPRESENTATION_CONTEXT('2D SPACE',''
  ) );
#325 = PCURVE('',#271,#326);
#326 = DEFINITIONAL_REPRESENTATION('',(#327),#331);
#327 = LINE('',#328,#329);
#328 = CARTESIAN_POINT('',(0.,0.));
#329 = VECTOR('',#330,1.);
#330 = DIRECTION('',(1.,0.));
#331 = ( GEOMETRIC_REPRESENTATION_CONTEXT(2) 
PARAMETRIC_REPRESENTATION_CONTEXT() REPRESENTATION_CONTEXT('2D SPACE',''
  ) );
#332 = ORIENTED_EDGE('',*,*,#333,.T.);
#333 = EDGE_CURVE('1_region1_Edge_11',#311,#334,#336,.T.);
#334 = VERTEX_POINT('1_region1_Vertex_8',#335);
#335 = CARTESIAN_POINT('',(35.49999616,0.11000129,0.));
#336 = SURFACE_CURVE('',#337,(#342,#349),.PCURVE_S1.);
#337 = CIRCLE('',#338,0.1);
#338 = AXIS2_PLACEMENT_3D('',#339,#340,#341);
#339 = CARTESIAN_POINT('',(35.39999616,0.11000129,0.));
#340 = DIRECTION('',(0.,-0.,1.));
#341 = DIRECTION('',(1.,0.,0.));
#342 = PCURVE('',#137,#343);
#343 = DEFINITIONAL_REPRESENTATION('',(#344),#348);
#344 = CIRCLE('',#345,0.1);
#345 = AXIS2_PLACEMENT_2D('',#346,#347);
#346 = CARTESIAN_POINT('',(35.39999616,0.11000129));
#347 = DIRECTION('',(1.,0.));
#348 = ( GEOMETRIC_REPRESENTATION_CONTEXT(2) 
PARAMETRIC_REPRESENTATION_CONTEXT() REPRESENTATION_CONTEXT('2D SPACE',''
  ) );
#349 = PCURVE('',#350,#355);
#350 = CYLINDRICAL_SURFACE('',#351,0.1);
#351 = AXIS2_PLACEMENT_3D('',#352,#353,#354);
#352 = CARTESIAN_POINT('',(35.39999616,0.11000129,0.));
#353 = DIRECTION('',(-0.,0.,-1.));
#354 = DIRECTION('',(1.,0.,0.));
#355 = DEFINITIONAL_REPRESENTATION('',(#356),#360);
#356 = LINE('',#357,#358);
#357 = CARTESIAN_POINT('',(-0.,0.));
#358 = VECTOR('',#359,1.);
#359 = DIRECTION('',(-1.,0.));
#360 = ( GEOMETRIC_REPRESENTATION_CONTEXT(2) 
PARAMETRIC_REPRESENTATION_CONTEXT() REPRESENTATION_CONTEXT('2D SPACE',''
  ) );
#361 = ORIENTED_EDGE('',*,*,#362,.T.);
#362 = EDGE_CURVE('1_region1_Edge_14',#334,#363,#365,.T.);
#363 = VERTEX_POINT('1_region1_Vertex_10',#364);
#364 = CARTESIAN_POINT('',(35.49999616,10.26000129,0.));
#365 = SURFACE_CURVE('',#366,(#370,#377),.PCURVE_S1.);
#366 = LINE('',#367,#368);
#367 = CARTESIAN_POINT('',(35.49999616,0.11000129,0.));
#368 = VECTOR('',#369,1.);
#369 = DIRECTION('',(0.,1.,0.));
#370 = PCURVE('',#137,#371);
#371 = DEFINITIONAL_REPRESENTATION('',(#372),#376);
#372 = LINE('',#373,#374);
#373 = CARTESIAN_POINT('',(35.49999616,0.11000129));
#374 = VECTOR('',#375,1.);
#375 = DIRECTION('',(0.,1.));
#376 = ( GEOMETRIC_REPRESENTATION_CONTEXT(2) 
PARAMETRIC_REPRESENTATION_CONTEXT() REPRESENTATION_CONTEXT('2D SPACE',''
  ) );
#377 = PCURVE('',#378,#383);
#378 = PLANE('',#379);
#379 = AXIS2_PLACEMENT_3D('',#380,#381,#382);
#380 = CARTESIAN_POINT('',(35.49999616,0.11000129,0.));
#381 = DIRECTION('',(-1.,0.,0.));
#382 = DIRECTION('',(0.,1.,0.));
#383 = DEFINITIONAL_REPRESENTATION('',(#384),#388);
#384 = LINE('',#385,#386);
#385 = CARTESIAN_POINT('',(0.,0.));
#386 = VECTOR('',#387,1.);
#387 = DIRECTION('',(1.,0.));
#388 = ( GEOMETRIC_REPRESENTATION_CONTEXT(2) 
PARAMETRIC_REPRESENTATION_CONTEXT() REPRESENTATION_CONTEXT('2D SPACE',''
  ) );
#389 = ORIENTED_EDGE('',*,*,#390,.T.);
#390 = EDGE_CURVE('1_region1_Edge_17',#363,#391,#393,.T.);
#391 = VERTEX_POINT('1_region1_Vertex_12',#392);
#392 = CARTESIAN_POINT('',(32.499996150026,13.26000129,0.));
#393 = SURFACE_CURVE('',#394,(#399,#406),.PCURVE_S1.);
#394 = CIRCLE('',#395,3.);
#395 = AXIS2_PLACEMENT_3D('',#396,#397,#398);
#396 = CARTESIAN_POINT('',(32.49999616,10.26000129,0.));
#397 = DIRECTION('',(0.,-0.,1.));
#398 = DIRECTION('',(1.,0.,0.));
#399 = PCURVE('',#137,#400);
#400 = DEFINITIONAL_REPRESENTATION('',(#401),#405);
#401 = CIRCLE('',#402,3.);
#402 = AXIS2_PLACEMENT_2D('',#403,#404);
#403 = CARTESIAN_POINT('',(32.49999616,10.26000129));
#404 = DIRECTION('',(1.,0.));
#405 = ( GEOMETRIC_REPRESENTATION_CONTEXT(2) 
PARAMETRIC_REPRESENTATION_CONTEXT() REPRESENTATION_CONTEXT('2D SPACE',''
  ) );
#406 = PCURVE('',#407,#412);
#407 = CYLINDRICAL_SURFACE('',#408,3.);
#408 = AXIS2_PLACEMENT_3D('',#409,#410,#411);
#409 = CARTESIAN_POINT('',(32.49999616,10.26000129,0.));
#410 = DIRECTION('',(-0.,0.,-1.));
#411 = DIRECTION('',(1.,0.,0.));
#412 = DEFINITIONAL_REPRESENTATION('',(#413),#417);
#413 = LINE('',#414,#415);
#414 = CARTESIAN_POINT('',(-0.,0.));
#415 = VECTOR('',#416,1.);
#416 = DIRECTION('',(-1.,0.));
#417 = ( GEOMETRIC_REPRESENTATION_CONTEXT(2) 
PARAMETRIC_REPRESENTATION_CONTEXT() REPRESENTATION_CONTEXT('2D SPACE',''
  ) );
#418 = ORIENTED_EDGE('',*,*,#419,.T.);
#419 = EDGE_CURVE('1_region1_Edge_20',#391,#420,#422,.T.);
#420 = VERTEX_POINT('1_region1_Vertex_14',#421);
#421 = CARTESIAN_POINT('',(-32.50000384,13.26000129,0.));
#422 = SURFACE_CURVE('',#423,(#427,#434),.PCURVE_S1.);
#423 = LINE('',#424,#425);
#424 = CARTESIAN_POINT('',(32.49999615,13.26000129,0.));
#425 = VECTOR('',#426,1.);
#426 = DIRECTION('',(-1.,0.,0.));
#427 = PCURVE('',#137,#428);
#428 = DEFINITIONAL_REPRESENTATION('',(#429),#433);
#429 = LINE('',#430,#431);
#430 = CARTESIAN_POINT('',(32.49999615,13.26000129));
#431 = VECTOR('',#432,1.);
#432 = DIRECTION('',(-1.,0.));
#433 = ( GEOMETRIC_REPRESENTATION_CONTEXT(2) 
PARAMETRIC_REPRESENTATION_CONTEXT() REPRESENTATION_CONTEXT('2D SPACE',''
  ) );
#434 = PCURVE('',#435,#440);
#435 = PLANE('',#436);
#436 = AXIS2_PLACEMENT_3D('',#437,#438,#439);
#437 = CARTESIAN_POINT('',(32.49999615,13.26000129,0.));
#438 = DIRECTION('',(0.,-1.,0.));
#439 = DIRECTION('',(-1.,0.,0.));
#440 = DEFINITIONAL_REPRESENTATION('',(#441),#445);
#441 = LINE('',#442,#443);
#442 = CARTESIAN_POINT('',(0.,-0.));
#443 = VECTOR('',#444,1.);
#444 = DIRECTION('',(1.,0.));
#445 = ( GEOMETRIC_REPRESENTATION_CONTEXT(2) 
PARAMETRIC_REPRESENTATION_CONTEXT() REPRESENTATION_CONTEXT('2D SPACE',''
  ) );
#446 = ORIENTED_EDGE('',*,*,#447,.T.);
#447 = EDGE_CURVE('1_region1_Edge_23',#420,#448,#450,.T.);
#448 = VERTEX_POINT('1_region1_Vertex_16',#449);
#449 = CARTESIAN_POINT('',(-35.50000384,10.26000129,0.));
#450 = SURFACE_CURVE('',#451,(#456,#463),.PCURVE_S1.);
#451 = CIRCLE('',#452,3.);
#452 = AXIS2_PLACEMENT_3D('',#453,#454,#455);
#453 = CARTESIAN_POINT('',(-32.50000384,10.26000129,0.));
#454 = DIRECTION('',(0.,-0.,1.));
#455 = DIRECTION('',(1.,0.,0.));
#456 = PCURVE('',#137,#457);
#457 = DEFINITIONAL_REPRESENTATION('',(#458),#462);
#458 = CIRCLE('',#459,3.);
#459 = AXIS2_PLACEMENT_2D('',#460,#461);
#460 = CARTESIAN_POINT('',(-32.50000384,10.26000129));
#461 = DIRECTION('',(1.,0.));
#462 = ( GEOMETRIC_REPRESENTATION_CONTEXT(2) 
PARAMETRIC_REPRESENTATION_CONTEXT() REPRESENTATION_CONTEXT('2D SPACE',''
  ) );
#463 = PCURVE('',#464,#469);
#464 = CYLINDRICAL_SURFACE('',#465,3.);
#465 = AXIS2_PLACEMENT_3D('',#466,#467,#468);
#466 = CARTESIAN_POINT('',(-32.50000384,10.26000129,0.));
#467 = DIRECTION('',(-0.,0.,-1.));
#468 = DIRECTION('',(1.,0.,0.));
#469 = DEFINITIONAL_REPRESENTATION('',(#470),#474);
#470 = LINE('',#471,#472);
#471 = CARTESIAN_POINT('',(-0.,0.));
#472 = VECTOR('',#473,1.);
#473 = DIRECTION('',(-1.,0.));
#474 = ( GEOMETRIC_REPRESENTATION_CONTEXT(2) 
PARAMETRIC_REPRESENTATION_CONTEXT() REPRESENTATION_CONTEXT('2D SPACE',''
  ) );
#475 = ORIENTED_EDGE('',*,*,#476,.T.);
#476 = EDGE_CURVE('1_region1_Edge_26',#448,#477,#479,.T.);
#477 = VERTEX_POINT('1_region1_Vertex_18',#478);
#478 = CARTESIAN_POINT('',(-35.50000384,0.11000129,0.));
#479 = SURFACE_CURVE('',#480,(#484,#491),.PCURVE_S1.);
#480 = LINE('',#481,#482);
#481 = CARTESIAN_POINT('',(-35.50000384,10.26000129,0.));
#482 = VECTOR('',#483,1.);
#483 = DIRECTION('',(0.,-1.,-0.));
#484 = PCURVE('',#137,#485);
#485 = DEFINITIONAL_REPRESENTATION('',(#486),#490);
#486 = LINE('',#487,#488);
#487 = CARTESIAN_POINT('',(-35.50000384,10.26000129));
#488 = VECTOR('',#489,1.);
#489 = DIRECTION('',(0.,-1.));
#490 = ( GEOMETRIC_REPRESENTATION_CONTEXT(2) 
PARAMETRIC_REPRESENTATION_CONTEXT() REPRESENTATION_CONTEXT('2D SPACE',''
  ) );
#491 = PCURVE('',#492,#497);
#492 = PLANE('',#493);
#493 = AXIS2_PLACEMENT_3D('',#494,#495,#496);
#494 = CARTESIAN_POINT('',(-35.50000384,10.26000129,0.));
#495 = DIRECTION('',(1.,0.,-0.));
#496 = DIRECTION('',(0.,-1.,0.));
#497 = DEFINITIONAL_REPRESENTATION('',(#498),#502);
#498 = LINE('',#499,#500);
#499 = CARTESIAN_POINT('',(0.,0.));
#500 = VECTOR('',#501,1.);
#501 = DIRECTION('',(1.,0.));
#502 = ( GEOMETRIC_REPRESENTATION_CONTEXT(2) 
PARAMETRIC_REPRESENTATION_CONTEXT() REPRESENTATION_CONTEXT('2D SPACE',''
  ) );
#503 = ORIENTED_EDGE('',*,*,#504,.T.);
#504 = EDGE_CURVE('1_region1_Edge_29',#477,#505,#507,.T.);
#505 = VERTEX_POINT('1_region1_Vertex_20',#506);
#506 = CARTESIAN_POINT('',(-35.40000384,1.000129E-02,0.));
#507 = SURFACE_CURVE('',#508,(#513,#520),.PCURVE_S1.);
#508 = CIRCLE('',#509,0.1);
#509 = AXIS2_PLACEMENT_3D('',#510,#511,#512);
#510 = CARTESIAN_POINT('',(-35.40000384,0.11000129,0.));
#511 = DIRECTION('',(0.,-0.,1.));
#512 = DIRECTION('',(1.,0.,0.));
#513 = PCURVE('',#137,#514);
#514 = DEFINITIONAL_REPRESENTATION('',(#515),#519);
#515 = CIRCLE('',#516,0.1);
#516 = AXIS2_PLACEMENT_2D('',#517,#518);
#517 = CARTESIAN_POINT('',(-35.40000384,0.11000129));
#518 = DIRECTION('',(1.,0.));
#519 = ( GEOMETRIC_REPRESENTATION_CONTEXT(2) 
PARAMETRIC_REPRESENTATION_CONTEXT() REPRESENTATION_CONTEXT('2D SPACE',''
  ) );
#520 = PCURVE('',#521,#526);
#521 = CYLINDRICAL_SURFACE('',#522,0.1);
#522 = AXIS2_PLACEMENT_3D('',#523,#524,#525);
#523 = CARTESIAN_POINT('',(-35.40000384,0.11000129,0.));
#524 = DIRECTION('',(-0.,0.,-1.));
#525 = DIRECTION('',(1.,0.,0.));
#526 = DEFINITIONAL_REPRESENTATION('',(#527),#531);
#527 = LINE('',#528,#529);
#528 = CARTESIAN_POINT('',(-0.,0.));
#529 = VECTOR('',#530,1.);
#530 = DIRECTION('',(-1.,0.));
#531 = ( GEOMETRIC_REPRESENTATION_CONTEXT(2) 
PARAMETRIC_REPRESENTATION_CONTEXT() REPRESENTATION_CONTEXT('2D SPACE',''
  ) );
#532 = ORIENTED_EDGE('',*,*,#533,.T.);
#533 = EDGE_CURVE('1_region1_Edge_32',#505,#534,#536,.T.);
#534 = VERTEX_POINT('1_region1_Vertex_22',#535);
#535 = CARTESIAN_POINT('',(-34.70000385,1.000129E-02,0.));
#536 = SURFACE_CURVE('',#537,(#541,#548),.PCURVE_S1.);
#537 = LINE('',#538,#539);
#538 = CARTESIAN_POINT('',(-35.40000384,1.000129E-02,0.));
#539 = VECTOR('',#540,1.);
#540 = DIRECTION('',(1.,0.,0.));
#541 = PCURVE('',#137,#542);
#542 = DEFINITIONAL_REPRESENTATION('',(#543),#547);
#543 = LINE('',#544,#545);
#544 = CARTESIAN_POINT('',(-35.40000384,1.000129E-02));
#545 = VECTOR('',#546,1.);
#546 = DIRECTION('',(1.,0.));
#547 = ( GEOMETRIC_REPRESENTATION_CONTEXT(2) 
PARAMETRIC_REPRESENTATION_CONTEXT() REPRESENTATION_CONTEXT('2D SPACE',''
  ) );
#548 = PCURVE('',#549,#554);
#549 = PLANE('',#550);
#550 = AXIS2_PLACEMENT_3D('',#551,#552,#553);
#551 = CARTESIAN_POINT('',(-35.40000384,1.000129E-02,0.));
#552 = DIRECTION('',(0.,1.,0.));
#553 = DIRECTION('',(1.,0.,0.));
#554 = DEFINITIONAL_REPRESENTATION('',(#555),#559);
#555 = LINE('',#556,#557);
#556 = CARTESIAN_POINT('',(0.,0.));
#557 = VECTOR('',#558,1.);
#558 = DIRECTION('',(1.,0.));
#559 = ( GEOMETRIC_REPRESENTATION_CONTEXT(2) 
PARAMETRIC_REPRESENTATION_CONTEXT() REPRESENTATION_CONTEXT('2D SPACE',''
  ) );
#560 = ORIENTED_EDGE('',*,*,#561,.T.);
#561 = EDGE_CURVE('1_region1_Edge_35',#534,#562,#564,.T.);
#562 = VERTEX_POINT('1_region1_Vertex_24',#563);
#563 = CARTESIAN_POINT('',(-34.70000384,-0.48999871,0.));
#564 = SURFACE_CURVE('',#565,(#569,#576),.PCURVE_S1.);
#565 = LINE('',#566,#567);
#566 = CARTESIAN_POINT('',(-34.70000385,1.000129E-02,0.));
#567 = VECTOR('',#568,1.);
#568 = DIRECTION('',(2.000000165481E-08,-1.,-0.));
#569 = PCURVE('',#137,#570);
#570 = DEFINITIONAL_REPRESENTATION('',(#571),#575);
#571 = LINE('',#572,#573);
#572 = CARTESIAN_POINT('',(-34.70000385,1.000129E-02));
#573 = VECTOR('',#574,1.);
#574 = DIRECTION('',(2.000000165481E-08,-1.));
#575 = ( GEOMETRIC_REPRESENTATION_CONTEXT(2) 
PARAMETRIC_REPRESENTATION_CONTEXT() REPRESENTATION_CONTEXT('2D SPACE',''
  ) );
#576 = PCURVE('',#577,#582);
#577 = PLANE('',#578);
#578 = AXIS2_PLACEMENT_3D('',#579,#580,#581);
#579 = CARTESIAN_POINT('',(-34.70000385,1.000129E-02,0.));
#580 = DIRECTION('',(1.,2.000000165481E-08,-0.));
#581 = DIRECTION('',(2.000000165481E-08,-1.,0.));
#582 = DEFINITIONAL_REPRESENTATION('',(#583),#587);
#583 = LINE('',#584,#585);
#584 = CARTESIAN_POINT('',(0.,0.));
#585 = VECTOR('',#586,1.);
#586 = DIRECTION('',(1.,0.));
#587 = ( GEOMETRIC_REPRESENTATION_CONTEXT(2) 
PARAMETRIC_REPRESENTATION_CONTEXT() REPRESENTATION_CONTEXT('2D SPACE',''
  ) );
#588 = ORIENTED_EDGE('',*,*,#589,.T.);
#589 = EDGE_CURVE('1_region1_Edge_38',#562,#590,#592,.T.);
#590 = VERTEX_POINT('1_region1_Vertex_26',#591);
#591 = CARTESIAN_POINT('',(-34.00000384,-0.48999871,0.));
#592 = SURFACE_CURVE('',#593,(#598,#605),.PCURVE_S1.);
#593 = CIRCLE('',#594,0.35);
#594 = AXIS2_PLACEMENT_3D('',#595,#596,#597);
#595 = CARTESIAN_POINT('',(-34.35000384,-0.48999871,0.));
#596 = DIRECTION('',(0.,-0.,1.));
#597 = DIRECTION('',(1.,0.,0.));
#598 = PCURVE('',#137,#599);
#599 = DEFINITIONAL_REPRESENTATION('',(#600),#604);
#600 = CIRCLE('',#601,0.35);
#601 = AXIS2_PLACEMENT_2D('',#602,#603);
#602 = CARTESIAN_POINT('',(-34.35000384,-0.48999871));
#603 = DIRECTION('',(1.,0.));
#604 = ( GEOMETRIC_REPRESENTATION_CONTEXT(2) 
PARAMETRIC_REPRESENTATION_CONTEXT() REPRESENTATION_CONTEXT('2D SPACE',''
  ) );
#605 = PCURVE('',#606,#611);
#606 = CYLINDRICAL_SURFACE('',#607,0.35);
#607 = AXIS2_PLACEMENT_3D('',#608,#609,#610);
#608 = CARTESIAN_POINT('',(-34.35000384,-0.48999871,0.));
#609 = DIRECTION('',(-0.,0.,-1.));
#610 = DIRECTION('',(1.,0.,0.));
#611 = DEFINITIONAL_REPRESENTATION('',(#612),#616);
#612 = LINE('',#613,#614);
#613 = CARTESIAN_POINT('',(-0.,0.));
#614 = VECTOR('',#615,1.);
#615 = DIRECTION('',(-1.,0.));
#616 = ( GEOMETRIC_REPRESENTATION_CONTEXT(2) 
PARAMETRIC_REPRESENTATION_CONTEXT() REPRESENTATION_CONTEXT('2D SPACE',''
  ) );
#617 = ORIENTED_EDGE('',*,*,#618,.T.);
#618 = EDGE_CURVE('1_region1_Edge_41',#590,#619,#621,.T.);
#619 = VERTEX_POINT('1_region1_Vertex_28',#620);
#620 = CARTESIAN_POINT('',(-34.00000385,4.91000129,0.));
#621 = SURFACE_CURVE('',#622,(#626,#633),.PCURVE_S1.);
#622 = LINE('',#623,#624);
#623 = CARTESIAN_POINT('',(-34.00000384,-0.48999871,0.));
#624 = VECTOR('',#625,1.);
#625 = DIRECTION('',(-1.851852005075E-09,1.,0.));
#626 = PCURVE('',#137,#627);
#627 = DEFINITIONAL_REPRESENTATION('',(#628),#632);
#628 = LINE('',#629,#630);
#629 = CARTESIAN_POINT('',(-34.00000384,-0.48999871));
#630 = VECTOR('',#631,1.);
#631 = DIRECTION('',(-1.851852005075E-09,1.));
#632 = ( GEOMETRIC_REPRESENTATION_CONTEXT(2) 
PARAMETRIC_REPRESENTATION_CONTEXT() REPRESENTATION_CONTEXT('2D SPACE',''
  ) );
#633 = PCURVE('',#634,#639);
#634 = PLANE('',#635);
#635 = AXIS2_PLACEMENT_3D('',#636,#637,#638);
#636 = CARTESIAN_POINT('',(-34.00000384,-0.48999871,0.));
#637 = DIRECTION('',(-1.,-1.851852005075E-09,0.));
#638 = DIRECTION('',(-1.851852005075E-09,1.,0.));
#639 = DEFINITIONAL_REPRESENTATION('',(#640),#644);
#640 = LINE('',#641,#642);
#641 = CARTESIAN_POINT('',(0.,0.));
#642 = VECTOR('',#643,1.);
#643 = DIRECTION('',(1.,0.));
#644 = ( GEOMETRIC_REPRESENTATION_CONTEXT(2) 
PARAMETRIC_REPRESENTATION_CONTEXT() REPRESENTATION_CONTEXT('2D SPACE',''
  ) );
#645 = ORIENTED_EDGE('',*,*,#646,.F.);
#646 = EDGE_CURVE('1_region1_Edge_44',#647,#619,#649,.T.);
#647 = VERTEX_POINT('1_region1_Vertex_30',#648);
#648 = CARTESIAN_POINT('',(-33.80000384,5.11000129,0.));
#649 = SURFACE_CURVE('',#650,(#655,#662),.PCURVE_S1.);
#650 = CIRCLE('',#651,0.2);
#651 = AXIS2_PLACEMENT_3D('',#652,#653,#654);
#652 = CARTESIAN_POINT('',(-33.80000385,4.91000129,0.));
#653 = DIRECTION('',(0.,-0.,1.));
#654 = DIRECTION('',(1.,0.,0.));
#655 = PCURVE('',#137,#656);
#656 = DEFINITIONAL_REPRESENTATION('',(#657),#661);
#657 = CIRCLE('',#658,0.2);
#658 = AXIS2_PLACEMENT_2D('',#659,#660);
#659 = CARTESIAN_POINT('',(-33.80000385,4.91000129));
#660 = DIRECTION('',(1.,0.));
#661 = ( GEOMETRIC_REPRESENTATION_CONTEXT(2) 
PARAMETRIC_REPRESENTATION_CONTEXT() REPRESENTATION_CONTEXT('2D SPACE',''
  ) );
#662 = PCURVE('',#663,#668);
#663 = CYLINDRICAL_SURFACE('',#664,0.2);
#664 = AXIS2_PLACEMENT_3D('',#665,#666,#667);
#665 = CARTESIAN_POINT('',(-33.80000385,4.91000129,0.));
#666 = DIRECTION('',(-0.,0.,-1.));
#667 = DIRECTION('',(1.,0.,0.));
#668 = DEFINITIONAL_REPRESENTATION('',(#669),#673);
#669 = LINE('',#670,#671);
#670 = CARTESIAN_POINT('',(-0.,0.));
#671 = VECTOR('',#672,1.);
#672 = DIRECTION('',(-1.,0.));
#673 = ( GEOMETRIC_REPRESENTATION_CONTEXT(2) 
PARAMETRIC_REPRESENTATION_CONTEXT() REPRESENTATION_CONTEXT('2D SPACE',''
  ) );
#674 = ORIENTED_EDGE('',*,*,#675,.T.);
#675 = EDGE_CURVE('1_region1_Edge_47',#647,#676,#678,.T.);
#676 = VERTEX_POINT('1_region1_Vertex_32',#677);
#677 = CARTESIAN_POINT('',(-32.00000384,5.11000129,0.));
#678 = SURFACE_CURVE('',#679,(#683,#690),.PCURVE_S1.);
#679 = LINE('',#680,#681);
#680 = CARTESIAN_POINT('',(-33.80000384,5.11000129,0.));
#681 = VECTOR('',#682,1.);
#682 = DIRECTION('',(1.,0.,0.));
#683 = PCURVE('',#137,#684);
#684 = DEFINITIONAL_REPRESENTATION('',(#685),#689);
#685 = LINE('',#686,#687);
#686 = CARTESIAN_POINT('',(-33.80000384,5.11000129));
#687 = VECTOR('',#688,1.);
#688 = DIRECTION('',(1.,0.));
#689 = ( GEOMETRIC_REPRESENTATION_CONTEXT(2) 
PARAMETRIC_REPRESENTATION_CONTEXT() REPRESENTATION_CONTEXT('2D SPACE',''
  ) );
#690 = PCURVE('',#691,#696);
#691 = PLANE('',#692);
#692 = AXIS2_PLACEMENT_3D('',#693,#694,#695);
#693 = CARTESIAN_POINT('',(-33.80000384,5.11000129,0.));
#694 = DIRECTION('',(0.,1.,0.));
#695 = DIRECTION('',(1.,0.,0.));
#696 = DEFINITIONAL_REPRESENTATION('',(#697),#701);
#697 = LINE('',#698,#699);
#698 = CARTESIAN_POINT('',(0.,0.));
#699 = VECTOR('',#700,1.);
#700 = DIRECTION('',(1.,0.));
#701 = ( GEOMETRIC_REPRESENTATION_CONTEXT(2) 
PARAMETRIC_REPRESENTATION_CONTEXT() REPRESENTATION_CONTEXT('2D SPACE',''
  ) );
#702 = ORIENTED_EDGE('',*,*,#703,.T.);
#703 = EDGE_CURVE('1_region1_Edge_50',#676,#704,#706,.T.);
#704 = VERTEX_POINT('1_region1_Vertex_34',#705);
#705 = CARTESIAN_POINT('',(-31.80000384,5.31000129,0.));
#706 = SURFACE_CURVE('',#707,(#712,#719),.PCURVE_S1.);
#707 = CIRCLE('',#708,0.2);
#708 = AXIS2_PLACEMENT_3D('',#709,#710,#711);
#709 = CARTESIAN_POINT('',(-32.00000384,5.31000129,0.));
#710 = DIRECTION('',(0.,-0.,1.));
#711 = DIRECTION('',(1.,0.,0.));
#712 = PCURVE('',#137,#713);
#713 = DEFINITIONAL_REPRESENTATION('',(#714),#718);
#714 = CIRCLE('',#715,0.2);
#715 = AXIS2_PLACEMENT_2D('',#716,#717);
#716 = CARTESIAN_POINT('',(-32.00000384,5.31000129));
#717 = DIRECTION('',(1.,0.));
#718 = ( GEOMETRIC_REPRESENTATION_CONTEXT(2) 
PARAMETRIC_REPRESENTATION_CONTEXT() REPRESENTATION_CONTEXT('2D SPACE',''
  ) );
#719 = PCURVE('',#720,#725);
#720 = CYLINDRICAL_SURFACE('',#721,0.2);
#721 = AXIS2_PLACEMENT_3D('',#722,#723,#724);
#722 = CARTESIAN_POINT('',(-32.00000384,5.31000129,0.));
#723 = DIRECTION('',(-0.,0.,-1.));
#724 = DIRECTION('',(1.,0.,0.));
#725 = DEFINITIONAL_REPRESENTATION('',(#726),#730);
#726 = LINE('',#727,#728);
#727 = CARTESIAN_POINT('',(-0.,0.));
#728 = VECTOR('',#729,1.);
#729 = DIRECTION('',(-1.,0.));
#730 = ( GEOMETRIC_REPRESENTATION_CONTEXT(2) 
PARAMETRIC_REPRESENTATION_CONTEXT() REPRESENTATION_CONTEXT('2D SPACE',''
  ) );
#731 = ORIENTED_EDGE('',*,*,#732,.T.);
#732 = EDGE_CURVE('1_region1_Edge_53',#704,#733,#735,.T.);
#733 = VERTEX_POINT('1_region1_Vertex_36',#734);
#734 = CARTESIAN_POINT('',(-31.80000384,6.06000129,0.));
#735 = SURFACE_CURVE('',#736,(#740,#747),.PCURVE_S1.);
#736 = LINE('',#737,#738);
#737 = CARTESIAN_POINT('',(-31.80000384,5.31000129,0.));
#738 = VECTOR('',#739,1.);
#739 = DIRECTION('',(0.,1.,0.));
#740 = PCURVE('',#137,#741);
#741 = DEFINITIONAL_REPRESENTATION('',(#742),#746);
#742 = LINE('',#743,#744);
#743 = CARTESIAN_POINT('',(-31.80000384,5.31000129));
#744 = VECTOR('',#745,1.);
#745 = DIRECTION('',(0.,1.));
#746 = ( GEOMETRIC_REPRESENTATION_CONTEXT(2) 
PARAMETRIC_REPRESENTATION_CONTEXT() REPRESENTATION_CONTEXT('2D SPACE',''
  ) );
#747 = PCURVE('',#748,#753);
#748 = PLANE('',#749);
#749 = AXIS2_PLACEMENT_3D('',#750,#751,#752);
#750 = CARTESIAN_POINT('',(-31.80000384,5.31000129,0.));
#751 = DIRECTION('',(-1.,0.,0.));
#752 = DIRECTION('',(0.,1.,0.));
#753 = DEFINITIONAL_REPRESENTATION('',(#754),#758);
#754 = LINE('',#755,#756);
#755 = CARTESIAN_POINT('',(0.,0.));
#756 = VECTOR('',#757,1.);
#757 = DIRECTION('',(1.,0.));
#758 = ( GEOMETRIC_REPRESENTATION_CONTEXT(2) 
PARAMETRIC_REPRESENTATION_CONTEXT() REPRESENTATION_CONTEXT('2D SPACE',''
  ) );
#759 = ORIENTED_EDGE('',*,*,#760,.T.);
#760 = EDGE_CURVE('1_region1_Edge_56',#733,#761,#763,.T.);
#761 = VERTEX_POINT('1_region1_Vertex_38',#762);
#762 = CARTESIAN_POINT('',(-32.00000384999,6.26000129,0.));
#763 = SURFACE_CURVE('',#764,(#769,#776),.PCURVE_S1.);
#764 = CIRCLE('',#765,0.2);
#765 = AXIS2_PLACEMENT_3D('',#766,#767,#768);
#766 = CARTESIAN_POINT('',(-32.00000384,6.06000129,0.));
#767 = DIRECTION('',(0.,-0.,1.));
#768 = DIRECTION('',(1.,0.,0.));
#769 = PCURVE('',#137,#770);
#770 = DEFINITIONAL_REPRESENTATION('',(#771),#775);
#771 = CIRCLE('',#772,0.2);
#772 = AXIS2_PLACEMENT_2D('',#773,#774);
#773 = CARTESIAN_POINT('',(-32.00000384,6.06000129));
#774 = DIRECTION('',(1.,0.));
#775 = ( GEOMETRIC_REPRESENTATION_CONTEXT(2) 
PARAMETRIC_REPRESENTATION_CONTEXT() REPRESENTATION_CONTEXT('2D SPACE',''
  ) );
#776 = PCURVE('',#777,#782);
#777 = CYLINDRICAL_SURFACE('',#778,0.2);
#778 = AXIS2_PLACEMENT_3D('',#779,#780,#781);
#779 = CARTESIAN_POINT('',(-32.00000384,6.06000129,0.));
#780 = DIRECTION('',(-0.,0.,-1.));
#781 = DIRECTION('',(1.,0.,0.));
#782 = DEFINITIONAL_REPRESENTATION('',(#783),#787);
#783 = LINE('',#784,#785);
#784 = CARTESIAN_POINT('',(-0.,0.));
#785 = VECTOR('',#786,1.);
#786 = DIRECTION('',(-1.,0.));
#787 = ( GEOMETRIC_REPRESENTATION_CONTEXT(2) 
PARAMETRIC_REPRESENTATION_CONTEXT() REPRESENTATION_CONTEXT('2D SPACE',''
  ) );
#788 = ORIENTED_EDGE('',*,*,#789,.T.);
#789 = EDGE_CURVE('1_region1_Edge_59',#761,#790,#792,.T.);
#790 = VERTEX_POINT('1_region1_Vertex_40',#791);
#791 = CARTESIAN_POINT('',(-34.00000384,6.26000129,0.));
#792 = SURFACE_CURVE('',#793,(#797,#804),.PCURVE_S1.);
#793 = LINE('',#794,#795);
#794 = CARTESIAN_POINT('',(-32.00000385,6.26000129,0.));
#795 = VECTOR('',#796,1.);
#796 = DIRECTION('',(-1.,0.,0.));
#797 = PCURVE('',#137,#798);
#798 = DEFINITIONAL_REPRESENTATION('',(#799),#803);
#799 = LINE('',#800,#801);
#800 = CARTESIAN_POINT('',(-32.00000385,6.26000129));
#801 = VECTOR('',#802,1.);
#802 = DIRECTION('',(-1.,0.));
#803 = ( GEOMETRIC_REPRESENTATION_CONTEXT(2) 
PARAMETRIC_REPRESENTATION_CONTEXT() REPRESENTATION_CONTEXT('2D SPACE',''
  ) );
#804 = PCURVE('',#805,#810);
#805 = PLANE('',#806);
#806 = AXIS2_PLACEMENT_3D('',#807,#808,#809);
#807 = CARTESIAN_POINT('',(-32.00000385,6.26000129,0.));
#808 = DIRECTION('',(0.,-1.,0.));
#809 = DIRECTION('',(-1.,0.,0.));
#810 = DEFINITIONAL_REPRESENTATION('',(#811),#815);
#811 = LINE('',#812,#813);
#812 = CARTESIAN_POINT('',(0.,-0.));
#813 = VECTOR('',#814,1.);
#814 = DIRECTION('',(1.,0.));
#815 = ( GEOMETRIC_REPRESENTATION_CONTEXT(2) 
PARAMETRIC_REPRESENTATION_CONTEXT() REPRESENTATION_CONTEXT('2D SPACE',''
  ) );
#816 = ORIENTED_EDGE('',*,*,#817,.T.);
#817 = EDGE_CURVE('1_region1_Edge_62',#790,#818,#820,.T.);
#818 = VERTEX_POINT('1_region1_Vertex_42',#819);
#819 = CARTESIAN_POINT('',(-34.00000384,8.11000129,0.));
#820 = SURFACE_CURVE('',#821,(#825,#832),.PCURVE_S1.);
#821 = LINE('',#822,#823);
#822 = CARTESIAN_POINT('',(-34.00000384,6.26000129,0.));
#823 = VECTOR('',#824,1.);
#824 = DIRECTION('',(0.,1.,0.));
#825 = PCURVE('',#137,#826);
#826 = DEFINITIONAL_REPRESENTATION('',(#827),#831);
#827 = LINE('',#828,#829);
#828 = CARTESIAN_POINT('',(-34.00000384,6.26000129));
#829 = VECTOR('',#830,1.);
#830 = DIRECTION('',(0.,1.));
#831 = ( GEOMETRIC_REPRESENTATION_CONTEXT(2) 
PARAMETRIC_REPRESENTATION_CONTEXT() REPRESENTATION_CONTEXT('2D SPACE',''
  ) );
#832 = PCURVE('',#833,#838);
#833 = PLANE('',#834);
#834 = AXIS2_PLACEMENT_3D('',#835,#836,#837);
#835 = CARTESIAN_POINT('',(-34.00000384,6.26000129,0.));
#836 = DIRECTION('',(-1.,0.,0.));
#837 = DIRECTION('',(0.,1.,0.));
#838 = DEFINITIONAL_REPRESENTATION('',(#839),#843);
#839 = LINE('',#840,#841);
#840 = CARTESIAN_POINT('',(0.,0.));
#841 = VECTOR('',#842,1.);
#842 = DIRECTION('',(1.,0.));
#843 = ( GEOMETRIC_REPRESENTATION_CONTEXT(2) 
PARAMETRIC_REPRESENTATION_CONTEXT() REPRESENTATION_CONTEXT('2D SPACE',''
  ) );
#844 = ORIENTED_EDGE('',*,*,#845,.T.);
#845 = EDGE_CURVE('1_region1_Edge_65',#818,#846,#848,.T.);
#846 = VERTEX_POINT('1_region1_Vertex_44',#847);
#847 = CARTESIAN_POINT('',(-32.00309744,8.11000129,0.));
#848 = SURFACE_CURVE('',#849,(#853,#860),.PCURVE_S1.);
#849 = LINE('',#850,#851);
#850 = CARTESIAN_POINT('',(-34.00000384,8.11000129,0.));
#851 = VECTOR('',#852,1.);
#852 = DIRECTION('',(1.,0.,0.));
#853 = PCURVE('',#137,#854);
#854 = DEFINITIONAL_REPRESENTATION('',(#855),#859);
#855 = LINE('',#856,#857);
#856 = CARTESIAN_POINT('',(-34.00000384,8.11000129));
#857 = VECTOR('',#858,1.);
#858 = DIRECTION('',(1.,0.));
#859 = ( GEOMETRIC_REPRESENTATION_CONTEXT(2) 
PARAMETRIC_REPRESENTATION_CONTEXT() REPRESENTATION_CONTEXT('2D SPACE',''
  ) );
#860 = PCURVE('',#861,#866);
#861 = PLANE('',#862);
#862 = AXIS2_PLACEMENT_3D('',#863,#864,#865);
#863 = CARTESIAN_POINT('',(-34.00000384,8.11000129,0.));
#864 = DIRECTION('',(0.,1.,0.));
#865 = DIRECTION('',(1.,0.,0.));
#866 = DEFINITIONAL_REPRESENTATION('',(#867),#871);
#867 = LINE('',#868,#869);
#868 = CARTESIAN_POINT('',(0.,0.));
#869 = VECTOR('',#870,1.);
#870 = DIRECTION('',(1.,0.));
#871 = ( GEOMETRIC_REPRESENTATION_CONTEXT(2) 
PARAMETRIC_REPRESENTATION_CONTEXT() REPRESENTATION_CONTEXT('2D SPACE',''
  ) );
#872 = ORIENTED_EDGE('',*,*,#873,.T.);
#873 = EDGE_CURVE('1_region1_Edge_68',#846,#874,#876,.T.);
#874 = VERTEX_POINT('1_region1_Vertex_46',#875);
#875 = CARTESIAN_POINT('',(-31.81515892,8.37840532,0.));
#876 = SURFACE_CURVE('',#877,(#882,#889),.PCURVE_S1.);
#877 = CIRCLE('',#878,0.199999995955);
#878 = AXIS2_PLACEMENT_3D('',#879,#880,#881);
#879 = CARTESIAN_POINT('',(-32.00309743789,8.310001285955,0.));
#880 = DIRECTION('',(0.,-0.,1.));
#881 = DIRECTION('',(1.,0.,0.));
#882 = PCURVE('',#137,#883);
#883 = DEFINITIONAL_REPRESENTATION('',(#884),#888);
#884 = CIRCLE('',#885,0.199999995955);
#885 = AXIS2_PLACEMENT_2D('',#886,#887);
#886 = CARTESIAN_POINT('',(-32.00309743789,8.310001285955));
#887 = DIRECTION('',(1.,0.));
#888 = ( GEOMETRIC_REPRESENTATION_CONTEXT(2) 
PARAMETRIC_REPRESENTATION_CONTEXT() REPRESENTATION_CONTEXT('2D SPACE',''
  ) );
#889 = PCURVE('',#890,#895);
#890 = CYLINDRICAL_SURFACE('',#891,0.199999995955);
#891 = AXIS2_PLACEMENT_3D('',#892,#893,#894);
#892 = CARTESIAN_POINT('',(-32.00309743789,8.310001285955,0.));
#893 = DIRECTION('',(-0.,0.,-1.));
#894 = DIRECTION('',(1.,0.,0.));
#895 = DEFINITIONAL_REPRESENTATION('',(#896),#900);
#896 = LINE('',#897,#898);
#897 = CARTESIAN_POINT('',(-0.,0.));
#898 = VECTOR('',#899,1.);
#899 = DIRECTION('',(-1.,0.));
#900 = ( GEOMETRIC_REPRESENTATION_CONTEXT(2) 
PARAMETRIC_REPRESENTATION_CONTEXT() REPRESENTATION_CONTEXT('2D SPACE',''
  ) );
#901 = ORIENTED_EDGE('',*,*,#902,.T.);
#902 = EDGE_CURVE('1_region1_Edge_71',#874,#903,#905,.T.);
#903 = VERTEX_POINT('1_region1_Vertex_48',#904);
#904 = CARTESIAN_POINT('',(-32.07798646236,9.10051806912,0.));
#905 = SURFACE_CURVE('',#906,(#910,#917),.PCURVE_S1.);
#906 = LINE('',#907,#908);
#907 = CARTESIAN_POINT('',(-31.81515892,8.37840532,0.));
#908 = VECTOR('',#909,1.);
#909 = DIRECTION('',(-0.34202013862,0.939692622499,0.));
#910 = PCURVE('',#137,#911);
#911 = DEFINITIONAL_REPRESENTATION('',(#912),#916);
#912 = LINE('',#913,#914);
#913 = CARTESIAN_POINT('',(-31.81515892,8.37840532));
#914 = VECTOR('',#915,1.);
#915 = DIRECTION('',(-0.34202013862,0.939692622499));
#916 = ( GEOMETRIC_REPRESENTATION_CONTEXT(2) 
PARAMETRIC_REPRESENTATION_CONTEXT() REPRESENTATION_CONTEXT('2D SPACE',''
  ) );
#917 = PCURVE('',#918,#923);
#918 = PLANE('',#919);
#919 = AXIS2_PLACEMENT_3D('',#920,#921,#922);
#920 = CARTESIAN_POINT('',(-31.81515892,8.37840532,0.));
#921 = DIRECTION('',(-0.939692622499,-0.34202013862,0.));
#922 = DIRECTION('',(-0.34202013862,0.939692622499,0.));
#923 = DEFINITIONAL_REPRESENTATION('',(#924),#928);
#924 = LINE('',#925,#926);
#925 = CARTESIAN_POINT('',(0.,0.));
#926 = VECTOR('',#927,1.);
#927 = DIRECTION('',(1.,0.));
#928 = ( GEOMETRIC_REPRESENTATION_CONTEXT(2) 
PARAMETRIC_REPRESENTATION_CONTEXT() REPRESENTATION_CONTEXT('2D SPACE',''
  ) );
#929 = ORIENTED_EDGE('',*,*,#930,.T.);
#930 = EDGE_CURVE('1_region1_Edge_74',#903,#931,#933,.T.);
#931 = VERTEX_POINT('1_region1_Vertex_50',#932);
#932 = CARTESIAN_POINT('',(-32.30337761032,9.228576001477,0.));
#933 = SURFACE_CURVE('',#934,(#939,#946),.PCURVE_S1.);
#934 = CIRCLE('',#935,0.199999985045);
#935 = AXIS2_PLACEMENT_3D('',#936,#937,#938);
#936 = CARTESIAN_POINT('',(-32.26592497782,9.032114060285,0.));
#937 = DIRECTION('',(0.,-0.,1.));
#938 = DIRECTION('',(1.,0.,0.));
#939 = PCURVE('',#137,#940);
#940 = DEFINITIONAL_REPRESENTATION('',(#941),#945);
#941 = CIRCLE('',#942,0.199999985045);
#942 = AXIS2_PLACEMENT_2D('',#943,#944);
#943 = CARTESIAN_POINT('',(-32.26592497782,9.032114060285));
#944 = DIRECTION('',(1.,0.));
#945 = ( GEOMETRIC_REPRESENTATION_CONTEXT(2) 
PARAMETRIC_REPRESENTATION_CONTEXT() REPRESENTATION_CONTEXT('2D SPACE',''
  ) );
#946 = PCURVE('',#947,#952);
#947 = CYLINDRICAL_SURFACE('',#948,0.199999985045);
#948 = AXIS2_PLACEMENT_3D('',#949,#950,#951);
#949 = CARTESIAN_POINT('',(-32.26592497782,9.032114060285,0.));
#950 = DIRECTION('',(-0.,0.,-1.));
#951 = DIRECTION('',(1.,0.,0.));
#952 = DEFINITIONAL_REPRESENTATION('',(#953),#957);
#953 = LINE('',#954,#955);
#954 = CARTESIAN_POINT('',(-0.,0.));
#955 = VECTOR('',#956,1.);
#956 = DIRECTION('',(-1.,0.));
#957 = ( GEOMETRIC_REPRESENTATION_CONTEXT(2) 
PARAMETRIC_REPRESENTATION_CONTEXT() REPRESENTATION_CONTEXT('2D SPACE',''
  ) );
#958 = ORIENTED_EDGE('',*,*,#959,.F.);
#959 = EDGE_CURVE('1_region1_Edge_77',#960,#931,#962,.T.);
#960 = VERTEX_POINT('1_region1_Vertex_52',#961);
#961 = CARTESIAN_POINT('',(-31.4501044394,10.245467369989,0.));
#962 = SURFACE_CURVE('',#963,(#968,#975),.PCURVE_S1.);
#963 = CIRCLE('',#964,1.04999999815);
#964 = AXIS2_PLACEMENT_3D('',#965,#966,#967);
#965 = CARTESIAN_POINT('',(-32.50000384475,10.26000128721,0.));
#966 = DIRECTION('',(0.,-0.,1.));
#967 = DIRECTION('',(1.,0.,0.));
#968 = PCURVE('',#137,#969);
#969 = DEFINITIONAL_REPRESENTATION('',(#970),#974);
#970 = CIRCLE('',#971,1.04999999815);
#971 = AXIS2_PLACEMENT_2D('',#972,#973);
#972 = CARTESIAN_POINT('',(-32.50000384475,10.26000128721));
#973 = DIRECTION('',(1.,0.));
#974 = ( GEOMETRIC_REPRESENTATION_CONTEXT(2) 
PARAMETRIC_REPRESENTATION_CONTEXT() REPRESENTATION_CONTEXT('2D SPACE',''
  ) );
#975 = PCURVE('',#976,#981);
#976 = CYLINDRICAL_SURFACE('',#977,1.04999999815);
#977 = AXIS2_PLACEMENT_3D('',#978,#979,#980);
#978 = CARTESIAN_POINT('',(-32.50000384475,10.26000128721,0.));
#979 = DIRECTION('',(-0.,0.,-1.));
#980 = DIRECTION('',(1.,0.,0.));
#981 = DEFINITIONAL_REPRESENTATION('',(#982),#986);
#982 = LINE('',#983,#984);
#983 = CARTESIAN_POINT('',(-0.,0.));
#984 = VECTOR('',#985,1.);
#985 = DIRECTION('',(-1.,0.));
#986 = ( GEOMETRIC_REPRESENTATION_CONTEXT(2) 
PARAMETRIC_REPRESENTATION_CONTEXT() REPRESENTATION_CONTEXT('2D SPACE',''
  ) );
#987 = ORIENTED_EDGE('',*,*,#988,.T.);
#988 = EDGE_CURVE('1_region1_Edge_80',#960,#989,#991,.T.);
#989 = VERTEX_POINT('1_region1_Vertex_54',#990);
#990 = CARTESIAN_POINT('',(-31.28485323,10.04573745,0.));
#991 = SURFACE_CURVE('',#992,(#997,#1004),.PCURVE_S1.);
#992 = CIRCLE('',#993,0.199999996741);
#993 = AXIS2_PLACEMENT_3D('',#994,#995,#996);
#994 = CARTESIAN_POINT('',(-31.25012360327,10.242698998846,0.));
#995 = DIRECTION('',(0.,-0.,1.));
#996 = DIRECTION('',(1.,0.,0.));
#997 = PCURVE('',#137,#998);
#998 = DEFINITIONAL_REPRESENTATION('',(#999),#1003);
#999 = CIRCLE('',#1000,0.199999996741);
#1000 = AXIS2_PLACEMENT_2D('',#1001,#1002);
#1001 = CARTESIAN_POINT('',(-31.25012360327,10.242698998846));
#1002 = DIRECTION('',(1.,0.));
#1003 = ( GEOMETRIC_REPRESENTATION_CONTEXT(2) 
PARAMETRIC_REPRESENTATION_CONTEXT() REPRESENTATION_CONTEXT('2D SPACE',''
  ) );
#1004 = PCURVE('',#1005,#1010);
#1005 = CYLINDRICAL_SURFACE('',#1006,0.199999996741);
#1006 = AXIS2_PLACEMENT_3D('',#1007,#1008,#1009);
#1007 = CARTESIAN_POINT('',(-31.25012360327,10.242698998846,0.));
#1008 = DIRECTION('',(-0.,0.,-1.));
#1009 = DIRECTION('',(1.,0.,0.));
#1010 = DEFINITIONAL_REPRESENTATION('',(#1011),#1015);
#1011 = LINE('',#1012,#1013);
#1012 = CARTESIAN_POINT('',(-0.,0.));
#1013 = VECTOR('',#1014,1.);
#1014 = DIRECTION('',(-1.,0.));
#1015 = ( GEOMETRIC_REPRESENTATION_CONTEXT(2) 
PARAMETRIC_REPRESENTATION_CONTEXT() REPRESENTATION_CONTEXT('2D SPACE',''
  ) );
#1016 = ORIENTED_EDGE('',*,*,#1017,.T.);
#1017 = EDGE_CURVE('1_region1_Edge_83',#989,#1018,#1020,.T.);
#1018 = VERTEX_POINT('1_region1_Vertex_56',#1019);
#1019 = CARTESIAN_POINT('',(-30.58473347996,9.922287450179,0.));
#1020 = SURFACE_CURVE('',#1021,(#1025,#1032),.PCURVE_S1.);
#1021 = LINE('',#1022,#1023);
#1022 = CARTESIAN_POINT('',(-31.28485323,10.04573745,0.));
#1023 = VECTOR('',#1024,1.);
#1024 = DIRECTION('',(0.984807753454,-0.173648175161,-0.));
#1025 = PCURVE('',#137,#1026);
#1026 = DEFINITIONAL_REPRESENTATION('',(#1027),#1031);
#1027 = LINE('',#1028,#1029);
#1028 = CARTESIAN_POINT('',(-31.28485323,10.04573745));
#1029 = VECTOR('',#1030,1.);
#1030 = DIRECTION('',(0.984807753454,-0.173648175161));
#1031 = ( GEOMETRIC_REPRESENTATION_CONTEXT(2) 
PARAMETRIC_REPRESENTATION_CONTEXT() REPRESENTATION_CONTEXT('2D SPACE',''
  ) );
#1032 = PCURVE('',#1033,#1038);
#1033 = PLANE('',#1034);
#1034 = AXIS2_PLACEMENT_3D('',#1035,#1036,#1037);
#1035 = CARTESIAN_POINT('',(-31.28485323,10.04573745,0.));
#1036 = DIRECTION('',(0.173648175161,0.984807753454,-0.));
#1037 = DIRECTION('',(0.984807753454,-0.173648175161,0.));
#1038 = DEFINITIONAL_REPRESENTATION('',(#1039),#1043);
#1039 = LINE('',#1040,#1041);
#1040 = CARTESIAN_POINT('',(0.,0.));
#1041 = VECTOR('',#1042,1.);
#1042 = DIRECTION('',(1.,0.));
#1043 = ( GEOMETRIC_REPRESENTATION_CONTEXT(2) 
PARAMETRIC_REPRESENTATION_CONTEXT() REPRESENTATION_CONTEXT('2D SPACE',''
  ) );
#1044 = ORIENTED_EDGE('',*,*,#1045,.T.);
#1045 = EDGE_CURVE('1_region1_Edge_86',#1018,#1046,#1048,.T.);
#1046 = VERTEX_POINT('1_region1_Vertex_58',#1047);
#1047 = CARTESIAN_POINT('',(-30.35000384,10.119249,0.));
#1048 = SURFACE_CURVE('',#1049,(#1054,#1061),.PCURVE_S1.);
#1049 = CIRCLE('',#1050,0.2);
#1050 = AXIS2_PLACEMENT_3D('',#1051,#1052,#1053);
#1051 = CARTESIAN_POINT('',(-30.55000384,10.119249,0.));
#1052 = DIRECTION('',(0.,-0.,1.));
#1053 = DIRECTION('',(1.,0.,0.));
#1054 = PCURVE('',#137,#1055);
#1055 = DEFINITIONAL_REPRESENTATION('',(#1056),#1060);
#1056 = CIRCLE('',#1057,0.2);
#1057 = AXIS2_PLACEMENT_2D('',#1058,#1059);
#1058 = CARTESIAN_POINT('',(-30.55000384,10.119249));
#1059 = DIRECTION('',(1.,0.));
#1060 = ( GEOMETRIC_REPRESENTATION_CONTEXT(2) 
PARAMETRIC_REPRESENTATION_CONTEXT() REPRESENTATION_CONTEXT('2D SPACE',''
  ) );
#1061 = PCURVE('',#1062,#1067);
#1062 = CYLINDRICAL_SURFACE('',#1063,0.2);
#1063 = AXIS2_PLACEMENT_3D('',#1064,#1065,#1066);
#1064 = CARTESIAN_POINT('',(-30.55000384,10.119249,0.));
#1065 = DIRECTION('',(-0.,0.,-1.));
#1066 = DIRECTION('',(1.,0.,0.));
#1067 = DEFINITIONAL_REPRESENTATION('',(#1068),#1072);
#1068 = LINE('',#1069,#1070);
#1069 = CARTESIAN_POINT('',(-0.,0.));
#1070 = VECTOR('',#1071,1.);
#1071 = DIRECTION('',(-1.,0.));
#1072 = ( GEOMETRIC_REPRESENTATION_CONTEXT(2) 
PARAMETRIC_REPRESENTATION_CONTEXT() REPRESENTATION_CONTEXT('2D SPACE',''
  ) );
#1073 = ORIENTED_EDGE('',*,*,#1074,.T.);
#1074 = EDGE_CURVE('1_region1_Edge_89',#1046,#1075,#1077,.T.);
#1075 = VERTEX_POINT('1_region1_Vertex_60',#1076);
#1076 = CARTESIAN_POINT('',(-30.35000384,11.96000129,0.));
#1077 = SURFACE_CURVE('',#1078,(#1082,#1089),.PCURVE_S1.);
#1078 = LINE('',#1079,#1080);
#1079 = CARTESIAN_POINT('',(-30.35000384,10.119249,0.));
#1080 = VECTOR('',#1081,1.);
#1081 = DIRECTION('',(0.,1.,0.));
#1082 = PCURVE('',#137,#1083);
#1083 = DEFINITIONAL_REPRESENTATION('',(#1084),#1088);
#1084 = LINE('',#1085,#1086);
#1085 = CARTESIAN_POINT('',(-30.35000384,10.119249));
#1086 = VECTOR('',#1087,1.);
#1087 = DIRECTION('',(0.,1.));
#1088 = ( GEOMETRIC_REPRESENTATION_CONTEXT(2) 
PARAMETRIC_REPRESENTATION_CONTEXT() REPRESENTATION_CONTEXT('2D SPACE',''
  ) );
#1089 = PCURVE('',#1090,#1095);
#1090 = PLANE('',#1091);
#1091 = AXIS2_PLACEMENT_3D('',#1092,#1093,#1094);
#1092 = CARTESIAN_POINT('',(-30.35000384,10.119249,0.));
#1093 = DIRECTION('',(-1.,0.,0.));
#1094 = DIRECTION('',(0.,1.,0.));
#1095 = DEFINITIONAL_REPRESENTATION('',(#1096),#1100);
#1096 = LINE('',#1097,#1098);
#1097 = CARTESIAN_POINT('',(0.,0.));
#1098 = VECTOR('',#1099,1.);
#1099 = DIRECTION('',(1.,0.));
#1100 = ( GEOMETRIC_REPRESENTATION_CONTEXT(2) 
PARAMETRIC_REPRESENTATION_CONTEXT() REPRESENTATION_CONTEXT('2D SPACE',''
  ) );
#1101 = ORIENTED_EDGE('',*,*,#1102,.T.);
#1102 = EDGE_CURVE('1_region1_Edge_92',#1075,#1103,#1105,.T.);
#1103 = VERTEX_POINT('1_region1_Vertex_62',#1104);
#1104 = CARTESIAN_POINT('',(30.34999616,11.96000129,0.));
#1105 = SURFACE_CURVE('',#1106,(#1110,#1117),.PCURVE_S1.);
#1106 = LINE('',#1107,#1108);
#1107 = CARTESIAN_POINT('',(-30.35000384,11.96000129,0.));
#1108 = VECTOR('',#1109,1.);
#1109 = DIRECTION('',(1.,0.,0.));
#1110 = PCURVE('',#137,#1111);
#1111 = DEFINITIONAL_REPRESENTATION('',(#1112),#1116);
#1112 = LINE('',#1113,#1114);
#1113 = CARTESIAN_POINT('',(-30.35000384,11.96000129));
#1114 = VECTOR('',#1115,1.);
#1115 = DIRECTION('',(1.,0.));
#1116 = ( GEOMETRIC_REPRESENTATION_CONTEXT(2) 
PARAMETRIC_REPRESENTATION_CONTEXT() REPRESENTATION_CONTEXT('2D SPACE',''
  ) );
#1117 = PCURVE('',#1118,#1123);
#1118 = PLANE('',#1119);
#1119 = AXIS2_PLACEMENT_3D('',#1120,#1121,#1122);
#1120 = CARTESIAN_POINT('',(-30.35000384,11.96000129,0.));
#1121 = DIRECTION('',(0.,1.,0.));
#1122 = DIRECTION('',(1.,0.,0.));
#1123 = DEFINITIONAL_REPRESENTATION('',(#1124),#1128);
#1124 = LINE('',#1125,#1126);
#1125 = CARTESIAN_POINT('',(0.,0.));
#1126 = VECTOR('',#1127,1.);
#1127 = DIRECTION('',(1.,0.));
#1128 = ( GEOMETRIC_REPRESENTATION_CONTEXT(2) 
PARAMETRIC_REPRESENTATION_CONTEXT() REPRESENTATION_CONTEXT('2D SPACE',''
  ) );
#1129 = ORIENTED_EDGE('',*,*,#1130,.T.);
#1130 = EDGE_CURVE('1_region1_Edge_95',#1103,#1131,#1133,.T.);
#1131 = VERTEX_POINT('1_region1_Vertex_64',#1132);
#1132 = CARTESIAN_POINT('',(30.34999615,10.119249,0.));
#1133 = SURFACE_CURVE('',#1134,(#1138,#1145),.PCURVE_S1.);
#1134 = LINE('',#1135,#1136);
#1135 = CARTESIAN_POINT('',(30.34999616,11.96000129,0.));
#1136 = VECTOR('',#1137,1.);
#1137 = DIRECTION('',(-5.432561937708E-09,-1.,0.));
#1138 = PCURVE('',#137,#1139);
#1139 = DEFINITIONAL_REPRESENTATION('',(#1140),#1144);
#1140 = LINE('',#1141,#1142);
#1141 = CARTESIAN_POINT('',(30.34999616,11.96000129));
#1142 = VECTOR('',#1143,1.);
#1143 = DIRECTION('',(-5.432561937708E-09,-1.));
#1144 = ( GEOMETRIC_REPRESENTATION_CONTEXT(2) 
PARAMETRIC_REPRESENTATION_CONTEXT() REPRESENTATION_CONTEXT('2D SPACE',''
  ) );
#1145 = PCURVE('',#1146,#1151);
#1146 = PLANE('',#1147);
#1147 = AXIS2_PLACEMENT_3D('',#1148,#1149,#1150);
#1148 = CARTESIAN_POINT('',(30.34999616,11.96000129,0.));
#1149 = DIRECTION('',(1.,-5.432561937708E-09,0.));
#1150 = DIRECTION('',(-5.432561937708E-09,-1.,0.));
#1151 = DEFINITIONAL_REPRESENTATION('',(#1152),#1156);
#1152 = LINE('',#1153,#1154);
#1153 = CARTESIAN_POINT('',(0.,0.));
#1154 = VECTOR('',#1155,1.);
#1155 = DIRECTION('',(1.,0.));
#1156 = ( GEOMETRIC_REPRESENTATION_CONTEXT(2) 
PARAMETRIC_REPRESENTATION_CONTEXT() REPRESENTATION_CONTEXT('2D SPACE',''
  ) );
#1157 = ORIENTED_EDGE('',*,*,#1158,.T.);
#1158 = EDGE_CURVE('1_region1_Edge_98',#1131,#1159,#1161,.T.);
#1159 = VERTEX_POINT('1_region1_Vertex_66',#1160);
#1160 = CARTESIAN_POINT('',(30.58472579,9.92228745,0.));
#1161 = SURFACE_CURVE('',#1162,(#1167,#1174),.PCURVE_S1.);
#1162 = CIRCLE('',#1163,0.200000000255);
#1163 = AXIS2_PLACEMENT_3D('',#1164,#1165,#1166);
#1164 = CARTESIAN_POINT('',(30.549996150255,10.119249000119,0.));
#1165 = DIRECTION('',(0.,-0.,1.));
#1166 = DIRECTION('',(1.,0.,0.));
#1167 = PCURVE('',#137,#1168);
#1168 = DEFINITIONAL_REPRESENTATION('',(#1169),#1173);
#1169 = CIRCLE('',#1170,0.200000000255);
#1170 = AXIS2_PLACEMENT_2D('',#1171,#1172);
#1171 = CARTESIAN_POINT('',(30.549996150255,10.119249000119));
#1172 = DIRECTION('',(1.,0.));
#1173 = ( GEOMETRIC_REPRESENTATION_CONTEXT(2) 
PARAMETRIC_REPRESENTATION_CONTEXT() REPRESENTATION_CONTEXT('2D SPACE',''
  ) );
#1174 = PCURVE('',#1175,#1180);
#1175 = CYLINDRICAL_SURFACE('',#1176,0.200000000255);
#1176 = AXIS2_PLACEMENT_3D('',#1177,#1178,#1179);
#1177 = CARTESIAN_POINT('',(30.549996150255,10.119249000119,0.));
#1178 = DIRECTION('',(-0.,0.,-1.));
#1179 = DIRECTION('',(1.,0.,0.));
#1180 = DEFINITIONAL_REPRESENTATION('',(#1181),#1185);
#1181 = LINE('',#1182,#1183);
#1182 = CARTESIAN_POINT('',(-0.,0.));
#1183 = VECTOR('',#1184,1.);
#1184 = DIRECTION('',(-1.,0.));
#1185 = ( GEOMETRIC_REPRESENTATION_CONTEXT(2) 
PARAMETRIC_REPRESENTATION_CONTEXT() REPRESENTATION_CONTEXT('2D SPACE',''
  ) );
#1186 = ORIENTED_EDGE('',*,*,#1187,.T.);
#1187 = EDGE_CURVE('1_region1_Edge_101',#1159,#1188,#1190,.T.);
#1188 = VERTEX_POINT('1_region1_Vertex_68',#1189);
#1189 = CARTESIAN_POINT('',(31.284845540274,10.04573744847,0.));
#1190 = SURFACE_CURVE('',#1191,(#1195,#1202),.PCURVE_S1.);
#1191 = LINE('',#1192,#1193);
#1192 = CARTESIAN_POINT('',(30.58472579,9.92228745,0.));
#1193 = VECTOR('',#1194,1.);
#1194 = DIRECTION('',(0.984807753789,0.173648173261,0.));
#1195 = PCURVE('',#137,#1196);
#1196 = DEFINITIONAL_REPRESENTATION('',(#1197),#1201);
#1197 = LINE('',#1198,#1199);
#1198 = CARTESIAN_POINT('',(30.58472579,9.92228745));
#1199 = VECTOR('',#1200,1.);
#1200 = DIRECTION('',(0.984807753789,0.173648173261));
#1201 = ( GEOMETRIC_REPRESENTATION_CONTEXT(2) 
PARAMETRIC_REPRESENTATION_CONTEXT() REPRESENTATION_CONTEXT('2D SPACE',''
  ) );
#1202 = PCURVE('',#1203,#1208);
#1203 = PLANE('',#1204);
#1204 = AXIS2_PLACEMENT_3D('',#1205,#1206,#1207);
#1205 = CARTESIAN_POINT('',(30.58472579,9.92228745,0.));
#1206 = DIRECTION('',(-0.173648173261,0.984807753789,0.));
#1207 = DIRECTION('',(0.984807753789,0.173648173261,0.));
#1208 = DEFINITIONAL_REPRESENTATION('',(#1209),#1213);
#1209 = LINE('',#1210,#1211);
#1210 = CARTESIAN_POINT('',(0.,0.));
#1211 = VECTOR('',#1212,1.);
#1212 = DIRECTION('',(1.,0.));
#1213 = ( GEOMETRIC_REPRESENTATION_CONTEXT(2) 
PARAMETRIC_REPRESENTATION_CONTEXT() REPRESENTATION_CONTEXT('2D SPACE',''
  ) );
#1214 = ORIENTED_EDGE('',*,*,#1215,.T.);
#1215 = EDGE_CURVE('1_region1_Edge_104',#1188,#1216,#1218,.T.);
#1216 = VERTEX_POINT('1_region1_Vertex_70',#1217);
#1217 = CARTESIAN_POINT('',(31.450096752832,10.245467370095,0.));
#1218 = SURFACE_CURVE('',#1219,(#1224,#1231),.PCURVE_S1.);
#1219 = CIRCLE('',#1220,0.200000007197);
#1220 = AXIS2_PLACEMENT_3D('',#1221,#1222,#1223);
#1221 = CARTESIAN_POINT('',(31.250115906143,10.242699006628,0.));
#1222 = DIRECTION('',(0.,-0.,1.));
#1223 = DIRECTION('',(1.,0.,0.));
#1224 = PCURVE('',#137,#1225);
#1225 = DEFINITIONAL_REPRESENTATION('',(#1226),#1230);
#1226 = CIRCLE('',#1227,0.200000007197);
#1227 = AXIS2_PLACEMENT_2D('',#1228,#1229);
#1228 = CARTESIAN_POINT('',(31.250115906143,10.242699006628));
#1229 = DIRECTION('',(1.,0.));
#1230 = ( GEOMETRIC_REPRESENTATION_CONTEXT(2) 
PARAMETRIC_REPRESENTATION_CONTEXT() REPRESENTATION_CONTEXT('2D SPACE',''
  ) );
#1231 = PCURVE('',#1232,#1237);
#1232 = CYLINDRICAL_SURFACE('',#1233,0.200000007197);
#1233 = AXIS2_PLACEMENT_3D('',#1234,#1235,#1236);
#1234 = CARTESIAN_POINT('',(31.250115906143,10.242699006628,0.));
#1235 = DIRECTION('',(-0.,0.,-1.));
#1236 = DIRECTION('',(1.,0.,0.));
#1237 = DEFINITIONAL_REPRESENTATION('',(#1238),#1242);
#1238 = LINE('',#1239,#1240);
#1239 = CARTESIAN_POINT('',(-0.,0.));
#1240 = VECTOR('',#1241,1.);
#1241 = DIRECTION('',(-1.,0.));
#1242 = ( GEOMETRIC_REPRESENTATION_CONTEXT(2) 
PARAMETRIC_REPRESENTATION_CONTEXT() REPRESENTATION_CONTEXT('2D SPACE',''
  ) );
#1243 = ORIENTED_EDGE('',*,*,#1244,.F.);
#1244 = EDGE_CURVE('1_region1_Edge_107',#1245,#1216,#1247,.T.);
#1245 = VERTEX_POINT('1_region1_Vertex_72',#1246);
#1246 = CARTESIAN_POINT('',(32.30336991977,9.228576008843,0.));
#1247 = SURFACE_CURVE('',#1248,(#1253,#1260),.PCURVE_S1.);
#1248 = CIRCLE('',#1249,1.049999998519);
#1249 = AXIS2_PLACEMENT_3D('',#1250,#1251,#1252);
#1250 = CARTESIAN_POINT('',(32.499996158461,10.260001294139,0.));
#1251 = DIRECTION('',(0.,-0.,1.));
#1252 = DIRECTION('',(1.,0.,0.));
#1253 = PCURVE('',#137,#1254);
#1254 = DEFINITIONAL_REPRESENTATION('',(#1255),#1259);
#1255 = CIRCLE('',#1256,1.049999998519);
#1256 = AXIS2_PLACEMENT_2D('',#1257,#1258);
#1257 = CARTESIAN_POINT('',(32.499996158461,10.260001294139));
#1258 = DIRECTION('',(1.,0.));
#1259 = ( GEOMETRIC_REPRESENTATION_CONTEXT(2) 
PARAMETRIC_REPRESENTATION_CONTEXT() REPRESENTATION_CONTEXT('2D SPACE',''
  ) );
#1260 = PCURVE('',#1261,#1266);
#1261 = CYLINDRICAL_SURFACE('',#1262,1.049999998519);
#1262 = AXIS2_PLACEMENT_3D('',#1263,#1264,#1265);
#1263 = CARTESIAN_POINT('',(32.499996158461,10.260001294139,0.));
#1264 = DIRECTION('',(-0.,0.,-1.));
#1265 = DIRECTION('',(1.,0.,0.));
#1266 = DEFINITIONAL_REPRESENTATION('',(#1267),#1271);
#1267 = LINE('',#1268,#1269);
#1268 = CARTESIAN_POINT('',(-0.,0.));
#1269 = VECTOR('',#1270,1.);
#1270 = DIRECTION('',(-1.,0.));
#1271 = ( GEOMETRIC_REPRESENTATION_CONTEXT(2) 
PARAMETRIC_REPRESENTATION_CONTEXT() REPRESENTATION_CONTEXT('2D SPACE',''
  ) );
#1272 = ORIENTED_EDGE('',*,*,#1273,.T.);
#1273 = EDGE_CURVE('1_region1_Edge_110',#1245,#1274,#1276,.T.);
#1274 = VERTEX_POINT('1_region1_Vertex_74',#1275);
#1275 = CARTESIAN_POINT('',(32.07797877,9.10051807,0.));
#1276 = SURFACE_CURVE('',#1277,(#1282,#1289),.PCURVE_S1.);
#1277 = CIRCLE('',#1278,0.200000005299);
#1278 = AXIS2_PLACEMENT_3D('',#1279,#1280,#1281);
#1279 = CARTESIAN_POINT('',(32.265917300923,9.03211404443,0.));
#1280 = DIRECTION('',(0.,-0.,1.));
#1281 = DIRECTION('',(1.,0.,0.));
#1282 = PCURVE('',#137,#1283);
#1283 = DEFINITIONAL_REPRESENTATION('',(#1284),#1288);
#1284 = CIRCLE('',#1285,0.200000005299);
#1285 = AXIS2_PLACEMENT_2D('',#1286,#1287);
#1286 = CARTESIAN_POINT('',(32.265917300923,9.03211404443));
#1287 = DIRECTION('',(1.,0.));
#1288 = ( GEOMETRIC_REPRESENTATION_CONTEXT(2) 
PARAMETRIC_REPRESENTATION_CONTEXT() REPRESENTATION_CONTEXT('2D SPACE',''
  ) );
#1289 = PCURVE('',#1290,#1295);
#1290 = CYLINDRICAL_SURFACE('',#1291,0.200000005299);
#1291 = AXIS2_PLACEMENT_3D('',#1292,#1293,#1294);
#1292 = CARTESIAN_POINT('',(32.265917300923,9.03211404443,0.));
#1293 = DIRECTION('',(-0.,0.,-1.));
#1294 = DIRECTION('',(1.,0.,0.));
#1295 = DEFINITIONAL_REPRESENTATION('',(#1296),#1300);
#1296 = LINE('',#1297,#1298);
#1297 = CARTESIAN_POINT('',(-0.,0.));
#1298 = VECTOR('',#1299,1.);
#1299 = DIRECTION('',(-1.,0.));
#1300 = ( GEOMETRIC_REPRESENTATION_CONTEXT(2) 
PARAMETRIC_REPRESENTATION_CONTEXT() REPRESENTATION_CONTEXT('2D SPACE',''
  ) );
#1301 = ORIENTED_EDGE('',*,*,#1302,.T.);
#1302 = EDGE_CURVE('1_region1_Edge_113',#1274,#1303,#1305,.T.);
#1303 = VERTEX_POINT('1_region1_Vertex_76',#1304);
#1304 = CARTESIAN_POINT('',(31.815151226762,8.378405321191,0.));
#1305 = SURFACE_CURVE('',#1306,(#1310,#1317),.PCURVE_S1.);
#1306 = LINE('',#1307,#1308);
#1307 = CARTESIAN_POINT('',(32.07797877,9.10051807,0.));
#1308 = VECTOR('',#1309,1.);
#1309 = DIRECTION('',(-0.342020139749,-0.939692622088,0.));
#1310 = PCURVE('',#137,#1311);
#1311 = DEFINITIONAL_REPRESENTATION('',(#1312),#1316);
#1312 = LINE('',#1313,#1314);
#1313 = CARTESIAN_POINT('',(32.07797877,9.10051807));
#1314 = VECTOR('',#1315,1.);
#1315 = DIRECTION('',(-0.342020139749,-0.939692622088));
#1316 = ( GEOMETRIC_REPRESENTATION_CONTEXT(2) 
PARAMETRIC_REPRESENTATION_CONTEXT() REPRESENTATION_CONTEXT('2D SPACE',''
  ) );
#1317 = PCURVE('',#1318,#1323);
#1318 = PLANE('',#1319);
#1319 = AXIS2_PLACEMENT_3D('',#1320,#1321,#1322);
#1320 = CARTESIAN_POINT('',(32.07797877,9.10051807,0.));
#1321 = DIRECTION('',(0.939692622088,-0.342020139749,0.));
#1322 = DIRECTION('',(-0.342020139749,-0.939692622088,0.));
#1323 = DEFINITIONAL_REPRESENTATION('',(#1324),#1328);
#1324 = LINE('',#1325,#1326);
#1325 = CARTESIAN_POINT('',(0.,0.));
#1326 = VECTOR('',#1327,1.);
#1327 = DIRECTION('',(1.,0.));
#1328 = ( GEOMETRIC_REPRESENTATION_CONTEXT(2) 
PARAMETRIC_REPRESENTATION_CONTEXT() REPRESENTATION_CONTEXT('2D SPACE',''
  ) );
#1329 = ORIENTED_EDGE('',*,*,#1330,.T.);
#1330 = EDGE_CURVE('1_region1_Edge_116',#1303,#1331,#1333,.T.);
#1331 = VERTEX_POINT('1_region1_Vertex_78',#1332);
#1332 = CARTESIAN_POINT('',(32.00308975,8.11000129,0.));
#1333 = SURFACE_CURVE('',#1334,(#1339,#1346),.PCURVE_S1.);
#1334 = CIRCLE('',#1335,0.2);
#1335 = AXIS2_PLACEMENT_3D('',#1336,#1337,#1338);
#1336 = CARTESIAN_POINT('',(32.00308975,8.31000129,0.));
#1337 = DIRECTION('',(0.,-0.,1.));
#1338 = DIRECTION('',(1.,0.,0.));
#1339 = PCURVE('',#137,#1340);
#1340 = DEFINITIONAL_REPRESENTATION('',(#1341),#1345);
#1341 = CIRCLE('',#1342,0.2);
#1342 = AXIS2_PLACEMENT_2D('',#1343,#1344);
#1343 = CARTESIAN_POINT('',(32.00308975,8.31000129));
#1344 = DIRECTION('',(1.,0.));
#1345 = ( GEOMETRIC_REPRESENTATION_CONTEXT(2) 
PARAMETRIC_REPRESENTATION_CONTEXT() REPRESENTATION_CONTEXT('2D SPACE',''
  ) );
#1346 = PCURVE('',#1347,#1352);
#1347 = CYLINDRICAL_SURFACE('',#1348,0.2);
#1348 = AXIS2_PLACEMENT_3D('',#1349,#1350,#1351);
#1349 = CARTESIAN_POINT('',(32.00308975,8.31000129,0.));
#1350 = DIRECTION('',(-0.,0.,-1.));
#1351 = DIRECTION('',(1.,0.,0.));
#1352 = DEFINITIONAL_REPRESENTATION('',(#1353),#1357);
#1353 = LINE('',#1354,#1355);
#1354 = CARTESIAN_POINT('',(-0.,0.));
#1355 = VECTOR('',#1356,1.);
#1356 = DIRECTION('',(-1.,0.));
#1357 = ( GEOMETRIC_REPRESENTATION_CONTEXT(2) 
PARAMETRIC_REPRESENTATION_CONTEXT() REPRESENTATION_CONTEXT('2D SPACE',''
  ) );
#1358 = ORIENTED_EDGE('',*,*,#1359,.T.);
#1359 = EDGE_CURVE('1_region1_Edge_119',#1331,#1360,#1362,.T.);
#1360 = VERTEX_POINT('1_region1_Vertex_80',#1361);
#1361 = CARTESIAN_POINT('',(33.99999616,8.11000129,0.));
#1362 = SURFACE_CURVE('',#1363,(#1367,#1374),.PCURVE_S1.);
#1363 = LINE('',#1364,#1365);
#1364 = CARTESIAN_POINT('',(32.00308975,8.11000129,0.));
#1365 = VECTOR('',#1366,1.);
#1366 = DIRECTION('',(1.,0.,0.));
#1367 = PCURVE('',#137,#1368);
#1368 = DEFINITIONAL_REPRESENTATION('',(#1369),#1373);
#1369 = LINE('',#1370,#1371);
#1370 = CARTESIAN_POINT('',(32.00308975,8.11000129));
#1371 = VECTOR('',#1372,1.);
#1372 = DIRECTION('',(1.,0.));
#1373 = ( GEOMETRIC_REPRESENTATION_CONTEXT(2) 
PARAMETRIC_REPRESENTATION_CONTEXT() REPRESENTATION_CONTEXT('2D SPACE',''
  ) );
#1374 = PCURVE('',#1375,#1380);
#1375 = PLANE('',#1376);
#1376 = AXIS2_PLACEMENT_3D('',#1377,#1378,#1379);
#1377 = CARTESIAN_POINT('',(32.00308975,8.11000129,0.));
#1378 = DIRECTION('',(0.,1.,0.));
#1379 = DIRECTION('',(1.,0.,0.));
#1380 = DEFINITIONAL_REPRESENTATION('',(#1381),#1385);
#1381 = LINE('',#1382,#1383);
#1382 = CARTESIAN_POINT('',(0.,0.));
#1383 = VECTOR('',#1384,1.);
#1384 = DIRECTION('',(1.,0.));
#1385 = ( GEOMETRIC_REPRESENTATION_CONTEXT(2) 
PARAMETRIC_REPRESENTATION_CONTEXT() REPRESENTATION_CONTEXT('2D SPACE',''
  ) );
#1386 = ORIENTED_EDGE('',*,*,#1387,.T.);
#1387 = EDGE_CURVE('1_region1_Edge_122',#1360,#1388,#1390,.T.);
#1388 = VERTEX_POINT('1_region1_Vertex_82',#1389);
#1389 = CARTESIAN_POINT('',(33.99999616,6.26000129,0.));
#1390 = SURFACE_CURVE('',#1391,(#1395,#1402),.PCURVE_S1.);
#1391 = LINE('',#1392,#1393);
#1392 = CARTESIAN_POINT('',(33.99999616,8.11000129,0.));
#1393 = VECTOR('',#1394,1.);
#1394 = DIRECTION('',(0.,-1.,-0.));
#1395 = PCURVE('',#137,#1396);
#1396 = DEFINITIONAL_REPRESENTATION('',(#1397),#1401);
#1397 = LINE('',#1398,#1399);
#1398 = CARTESIAN_POINT('',(33.99999616,8.11000129));
#1399 = VECTOR('',#1400,1.);
#1400 = DIRECTION('',(0.,-1.));
#1401 = ( GEOMETRIC_REPRESENTATION_CONTEXT(2) 
PARAMETRIC_REPRESENTATION_CONTEXT() REPRESENTATION_CONTEXT('2D SPACE',''
  ) );
#1402 = PCURVE('',#1403,#1408);
#1403 = PLANE('',#1404);
#1404 = AXIS2_PLACEMENT_3D('',#1405,#1406,#1407);
#1405 = CARTESIAN_POINT('',(33.99999616,8.11000129,0.));
#1406 = DIRECTION('',(1.,0.,-0.));
#1407 = DIRECTION('',(0.,-1.,0.));
#1408 = DEFINITIONAL_REPRESENTATION('',(#1409),#1413);
#1409 = LINE('',#1410,#1411);
#1410 = CARTESIAN_POINT('',(0.,0.));
#1411 = VECTOR('',#1412,1.);
#1412 = DIRECTION('',(1.,0.));
#1413 = ( GEOMETRIC_REPRESENTATION_CONTEXT(2) 
PARAMETRIC_REPRESENTATION_CONTEXT() REPRESENTATION_CONTEXT('2D SPACE',''
  ) );
#1414 = ORIENTED_EDGE('',*,*,#1415,.T.);
#1415 = EDGE_CURVE('1_region1_Edge_125',#1388,#1416,#1418,.T.);
#1416 = VERTEX_POINT('1_region1_Vertex_84',#1417);
#1417 = CARTESIAN_POINT('',(31.999996159992,6.26000129,0.));
#1418 = SURFACE_CURVE('',#1419,(#1423,#1430),.PCURVE_S1.);
#1419 = LINE('',#1420,#1421);
#1420 = CARTESIAN_POINT('',(33.99999616,6.26000129,0.));
#1421 = VECTOR('',#1422,1.);
#1422 = DIRECTION('',(-1.,0.,0.));
#1423 = PCURVE('',#137,#1424);
#1424 = DEFINITIONAL_REPRESENTATION('',(#1425),#1429);
#1425 = LINE('',#1426,#1427);
#1426 = CARTESIAN_POINT('',(33.99999616,6.26000129));
#1427 = VECTOR('',#1428,1.);
#1428 = DIRECTION('',(-1.,0.));
#1429 = ( GEOMETRIC_REPRESENTATION_CONTEXT(2) 
PARAMETRIC_REPRESENTATION_CONTEXT() REPRESENTATION_CONTEXT('2D SPACE',''
  ) );
#1430 = PCURVE('',#1431,#1436);
#1431 = PLANE('',#1432);
#1432 = AXIS2_PLACEMENT_3D('',#1433,#1434,#1435);
#1433 = CARTESIAN_POINT('',(33.99999616,6.26000129,0.));
#1434 = DIRECTION('',(0.,-1.,0.));
#1435 = DIRECTION('',(-1.,0.,0.));
#1436 = DEFINITIONAL_REPRESENTATION('',(#1437),#1441);
#1437 = LINE('',#1438,#1439);
#1438 = CARTESIAN_POINT('',(0.,-0.));
#1439 = VECTOR('',#1440,1.);
#1440 = DIRECTION('',(1.,0.));
#1441 = ( GEOMETRIC_REPRESENTATION_CONTEXT(2) 
PARAMETRIC_REPRESENTATION_CONTEXT() REPRESENTATION_CONTEXT('2D SPACE',''
  ) );
#1442 = ORIENTED_EDGE('',*,*,#1443,.T.);
#1443 = EDGE_CURVE('1_region1_Edge_128',#1416,#1444,#1446,.T.);
#1444 = VERTEX_POINT('1_region1_Vertex_86',#1445);
#1445 = CARTESIAN_POINT('',(31.79999615,6.06000129,0.));
#1446 = SURFACE_CURVE('',#1447,(#1452,#1459),.PCURVE_S1.);
#1447 = CIRCLE('',#1448,0.2);
#1448 = AXIS2_PLACEMENT_3D('',#1449,#1450,#1451);
#1449 = CARTESIAN_POINT('',(31.99999615,6.06000129,0.));
#1450 = DIRECTION('',(0.,-0.,1.));
#1451 = DIRECTION('',(1.,0.,0.));
#1452 = PCURVE('',#137,#1453);
#1453 = DEFINITIONAL_REPRESENTATION('',(#1454),#1458);
#1454 = CIRCLE('',#1455,0.2);
#1455 = AXIS2_PLACEMENT_2D('',#1456,#1457);
#1456 = CARTESIAN_POINT('',(31.99999615,6.06000129));
#1457 = DIRECTION('',(1.,0.));
#1458 = ( GEOMETRIC_REPRESENTATION_CONTEXT(2) 
PARAMETRIC_REPRESENTATION_CONTEXT() REPRESENTATION_CONTEXT('2D SPACE',''
  ) );
#1459 = PCURVE('',#1460,#1465);
#1460 = CYLINDRICAL_SURFACE('',#1461,0.2);
#1461 = AXIS2_PLACEMENT_3D('',#1462,#1463,#1464);
#1462 = CARTESIAN_POINT('',(31.99999615,6.06000129,0.));
#1463 = DIRECTION('',(-0.,0.,-1.));
#1464 = DIRECTION('',(1.,0.,0.));
#1465 = DEFINITIONAL_REPRESENTATION('',(#1466),#1470);
#1466 = LINE('',#1467,#1468);
#1467 = CARTESIAN_POINT('',(-0.,0.));
#1468 = VECTOR('',#1469,1.);
#1469 = DIRECTION('',(-1.,0.));
#1470 = ( GEOMETRIC_REPRESENTATION_CONTEXT(2) 
PARAMETRIC_REPRESENTATION_CONTEXT() REPRESENTATION_CONTEXT('2D SPACE',''
  ) );
#1471 = ORIENTED_EDGE('',*,*,#1472,.T.);
#1472 = EDGE_CURVE('1_region1_Edge_131',#1444,#1473,#1475,.T.);
#1473 = VERTEX_POINT('1_region1_Vertex_88',#1474);
#1474 = CARTESIAN_POINT('',(31.79999615,5.31000129,0.));
#1475 = SURFACE_CURVE('',#1476,(#1480,#1487),.PCURVE_S1.);
#1476 = LINE('',#1477,#1478);
#1477 = CARTESIAN_POINT('',(31.79999615,6.06000129,0.));
#1478 = VECTOR('',#1479,1.);
#1479 = DIRECTION('',(0.,-1.,-0.));
#1480 = PCURVE('',#137,#1481);
#1481 = DEFINITIONAL_REPRESENTATION('',(#1482),#1486);
#1482 = LINE('',#1483,#1484);
#1483 = CARTESIAN_POINT('',(31.79999615,6.06000129));
#1484 = VECTOR('',#1485,1.);
#1485 = DIRECTION('',(0.,-1.));
#1486 = ( GEOMETRIC_REPRESENTATION_CONTEXT(2) 
PARAMETRIC_REPRESENTATION_CONTEXT() REPRESENTATION_CONTEXT('2D SPACE',''
  ) );
#1487 = PCURVE('',#1488,#1493);
#1488 = PLANE('',#1489);
#1489 = AXIS2_PLACEMENT_3D('',#1490,#1491,#1492);
#1490 = CARTESIAN_POINT('',(31.79999615,6.06000129,0.));
#1491 = DIRECTION('',(1.,0.,-0.));
#1492 = DIRECTION('',(0.,-1.,0.));
#1493 = DEFINITIONAL_REPRESENTATION('',(#1494),#1498);
#1494 = LINE('',#1495,#1496);
#1495 = CARTESIAN_POINT('',(0.,0.));
#1496 = VECTOR('',#1497,1.);
#1497 = DIRECTION('',(1.,0.));
#1498 = ( GEOMETRIC_REPRESENTATION_CONTEXT(2) 
PARAMETRIC_REPRESENTATION_CONTEXT() REPRESENTATION_CONTEXT('2D SPACE',''
  ) );
#1499 = ORIENTED_EDGE('',*,*,#1500,.T.);
#1500 = EDGE_CURVE('1_region1_Edge_134',#1473,#1501,#1503,.T.);
#1501 = VERTEX_POINT('1_region1_Vertex_90',#1502);
#1502 = CARTESIAN_POINT('',(31.999996159992,5.11000129,0.));
#1503 = SURFACE_CURVE('',#1504,(#1509,#1516),.PCURVE_S1.);
#1504 = CIRCLE('',#1505,0.2);
#1505 = AXIS2_PLACEMENT_3D('',#1506,#1507,#1508);
#1506 = CARTESIAN_POINT('',(31.99999615,5.31000129,0.));
#1507 = DIRECTION('',(0.,-0.,1.));
#1508 = DIRECTION('',(1.,0.,0.));
#1509 = PCURVE('',#137,#1510);
#1510 = DEFINITIONAL_REPRESENTATION('',(#1511),#1515);
#1511 = CIRCLE('',#1512,0.2);
#1512 = AXIS2_PLACEMENT_2D('',#1513,#1514);
#1513 = CARTESIAN_POINT('',(31.99999615,5.31000129));
#1514 = DIRECTION('',(1.,0.));
#1515 = ( GEOMETRIC_REPRESENTATION_CONTEXT(2) 
PARAMETRIC_REPRESENTATION_CONTEXT() REPRESENTATION_CONTEXT('2D SPACE',''
  ) );
#1516 = PCURVE('',#1517,#1522);
#1517 = CYLINDRICAL_SURFACE('',#1518,0.2);
#1518 = AXIS2_PLACEMENT_3D('',#1519,#1520,#1521);
#1519 = CARTESIAN_POINT('',(31.99999615,5.31000129,0.));
#1520 = DIRECTION('',(-0.,0.,-1.));
#1521 = DIRECTION('',(1.,0.,0.));
#1522 = DEFINITIONAL_REPRESENTATION('',(#1523),#1527);
#1523 = LINE('',#1524,#1525);
#1524 = CARTESIAN_POINT('',(-0.,0.));
#1525 = VECTOR('',#1526,1.);
#1526 = DIRECTION('',(-1.,0.));
#1527 = ( GEOMETRIC_REPRESENTATION_CONTEXT(2) 
PARAMETRIC_REPRESENTATION_CONTEXT() REPRESENTATION_CONTEXT('2D SPACE',''
  ) );
#1528 = ORIENTED_EDGE('',*,*,#1529,.T.);
#1529 = EDGE_CURVE('1_region1_Edge_137',#1501,#1530,#1532,.T.);
#1530 = VERTEX_POINT('1_region1_Vertex_92',#1531);
#1531 = CARTESIAN_POINT('',(33.799996150008,5.11000129,0.));
#1532 = SURFACE_CURVE('',#1533,(#1537,#1544),.PCURVE_S1.);
#1533 = LINE('',#1534,#1535);
#1534 = CARTESIAN_POINT('',(31.99999616,5.11000129,0.));
#1535 = VECTOR('',#1536,1.);
#1536 = DIRECTION('',(1.,0.,0.));
#1537 = PCURVE('',#137,#1538);
#1538 = DEFINITIONAL_REPRESENTATION('',(#1539),#1543);
#1539 = LINE('',#1540,#1541);
#1540 = CARTESIAN_POINT('',(31.99999616,5.11000129));
#1541 = VECTOR('',#1542,1.);
#1542 = DIRECTION('',(1.,0.));
#1543 = ( GEOMETRIC_REPRESENTATION_CONTEXT(2) 
PARAMETRIC_REPRESENTATION_CONTEXT() REPRESENTATION_CONTEXT('2D SPACE',''
  ) );
#1544 = PCURVE('',#1545,#1550);
#1545 = PLANE('',#1546);
#1546 = AXIS2_PLACEMENT_3D('',#1547,#1548,#1549);
#1547 = CARTESIAN_POINT('',(31.99999616,5.11000129,0.));
#1548 = DIRECTION('',(0.,1.,0.));
#1549 = DIRECTION('',(1.,0.,0.));
#1550 = DEFINITIONAL_REPRESENTATION('',(#1551),#1555);
#1551 = LINE('',#1552,#1553);
#1552 = CARTESIAN_POINT('',(0.,0.));
#1553 = VECTOR('',#1554,1.);
#1554 = DIRECTION('',(1.,0.));
#1555 = ( GEOMETRIC_REPRESENTATION_CONTEXT(2) 
PARAMETRIC_REPRESENTATION_CONTEXT() REPRESENTATION_CONTEXT('2D SPACE',''
  ) );
#1556 = ORIENTED_EDGE('',*,*,#1557,.F.);
#1557 = EDGE_CURVE('1_region1_Edge_140',#1558,#1530,#1560,.T.);
#1558 = VERTEX_POINT('1_region1_Vertex_94',#1559);
#1559 = CARTESIAN_POINT('',(33.99999616,4.91000129,0.));
#1560 = SURFACE_CURVE('',#1561,(#1566,#1573),.PCURVE_S1.);
#1561 = CIRCLE('',#1562,0.2);
#1562 = AXIS2_PLACEMENT_3D('',#1563,#1564,#1565);
#1563 = CARTESIAN_POINT('',(33.79999616,4.91000129,0.));
#1564 = DIRECTION('',(0.,-0.,1.));
#1565 = DIRECTION('',(1.,0.,0.));
#1566 = PCURVE('',#137,#1567);
#1567 = DEFINITIONAL_REPRESENTATION('',(#1568),#1572);
#1568 = CIRCLE('',#1569,0.2);
#1569 = AXIS2_PLACEMENT_2D('',#1570,#1571);
#1570 = CARTESIAN_POINT('',(33.79999616,4.91000129));
#1571 = DIRECTION('',(1.,0.));
#1572 = ( GEOMETRIC_REPRESENTATION_CONTEXT(2) 
PARAMETRIC_REPRESENTATION_CONTEXT() REPRESENTATION_CONTEXT('2D SPACE',''
  ) );
#1573 = PCURVE('',#1574,#1579);
#1574 = CYLINDRICAL_SURFACE('',#1575,0.2);
#1575 = AXIS2_PLACEMENT_3D('',#1576,#1577,#1578);
#1576 = CARTESIAN_POINT('',(33.79999616,4.91000129,0.));
#1577 = DIRECTION('',(-0.,0.,-1.));
#1578 = DIRECTION('',(1.,0.,0.));
#1579 = DEFINITIONAL_REPRESENTATION('',(#1580),#1584);
#1580 = LINE('',#1581,#1582);
#1581 = CARTESIAN_POINT('',(-0.,0.));
#1582 = VECTOR('',#1583,1.);
#1583 = DIRECTION('',(-1.,0.));
#1584 = ( GEOMETRIC_REPRESENTATION_CONTEXT(2) 
PARAMETRIC_REPRESENTATION_CONTEXT() REPRESENTATION_CONTEXT('2D SPACE',''
  ) );
#1585 = ORIENTED_EDGE('',*,*,#1586,.T.);
#1586 = EDGE_CURVE('1_region1_Edge_143',#1558,#1587,#1589,.T.);
#1587 = VERTEX_POINT('1_region1_Vertex_96',#1588);
#1588 = CARTESIAN_POINT('',(33.999996159974,1.61000129,0.));
#1589 = SURFACE_CURVE('',#1590,(#1594,#1601),.PCURVE_S1.);
#1590 = LINE('',#1591,#1592);
#1591 = CARTESIAN_POINT('',(33.99999616,4.91000129,0.));
#1592 = VECTOR('',#1593,1.);
#1593 = DIRECTION('',(0.,-1.,-0.));
#1594 = PCURVE('',#137,#1595);
#1595 = DEFINITIONAL_REPRESENTATION('',(#1596),#1600);
#1596 = LINE('',#1597,#1598);
#1597 = CARTESIAN_POINT('',(33.99999616,4.91000129));
#1598 = VECTOR('',#1599,1.);
#1599 = DIRECTION('',(0.,-1.));
#1600 = ( GEOMETRIC_REPRESENTATION_CONTEXT(2) 
PARAMETRIC_REPRESENTATION_CONTEXT() REPRESENTATION_CONTEXT('2D SPACE',''
  ) );
#1601 = PCURVE('',#1602,#1607);
#1602 = PLANE('',#1603);
#1603 = AXIS2_PLACEMENT_3D('',#1604,#1605,#1606);
#1604 = CARTESIAN_POINT('',(33.99999616,4.91000129,0.));
#1605 = DIRECTION('',(1.,0.,-0.));
#1606 = DIRECTION('',(0.,-1.,0.));
#1607 = DEFINITIONAL_REPRESENTATION('',(#1608),#1612);
#1608 = LINE('',#1609,#1610);
#1609 = CARTESIAN_POINT('',(0.,0.));
#1610 = VECTOR('',#1611,1.);
#1611 = DIRECTION('',(1.,0.));
#1612 = ( GEOMETRIC_REPRESENTATION_CONTEXT(2) 
PARAMETRIC_REPRESENTATION_CONTEXT() REPRESENTATION_CONTEXT('2D SPACE',''
  ) );
#1613 = ORIENTED_EDGE('',*,*,#1614,.T.);
#1614 = EDGE_CURVE('1_region1_Edge_146',#1587,#1615,#1617,.T.);
#1615 = VERTEX_POINT('1_region1_Vertex_98',#1616);
#1616 = CARTESIAN_POINT('',(33.39999615,1.01000129,0.));
#1617 = SURFACE_CURVE('',#1618,(#1623,#1630),.PCURVE_S1.);
#1618 = CIRCLE('',#1619,0.6);
#1619 = AXIS2_PLACEMENT_3D('',#1620,#1621,#1622);
#1620 = CARTESIAN_POINT('',(33.99999615,1.01000129,0.));
#1621 = DIRECTION('',(0.,-0.,1.));
#1622 = DIRECTION('',(1.,0.,0.));
#1623 = PCURVE('',#137,#1624);
#1624 = DEFINITIONAL_REPRESENTATION('',(#1625),#1629);
#1625 = CIRCLE('',#1626,0.6);
#1626 = AXIS2_PLACEMENT_2D('',#1627,#1628);
#1627 = CARTESIAN_POINT('',(33.99999615,1.01000129));
#1628 = DIRECTION('',(1.,0.));
#1629 = ( GEOMETRIC_REPRESENTATION_CONTEXT(2) 
PARAMETRIC_REPRESENTATION_CONTEXT() REPRESENTATION_CONTEXT('2D SPACE',''
  ) );
#1630 = PCURVE('',#1631,#1636);
#1631 = CYLINDRICAL_SURFACE('',#1632,0.6);
#1632 = AXIS2_PLACEMENT_3D('',#1633,#1634,#1635);
#1633 = CARTESIAN_POINT('',(33.99999615,1.01000129,0.));
#1634 = DIRECTION('',(-0.,0.,-1.));
#1635 = DIRECTION('',(1.,0.,0.));
#1636 = DEFINITIONAL_REPRESENTATION('',(#1637),#1641);
#1637 = LINE('',#1638,#1639);
#1638 = CARTESIAN_POINT('',(-0.,0.));
#1639 = VECTOR('',#1640,1.);
#1640 = DIRECTION('',(-1.,0.));
#1641 = ( GEOMETRIC_REPRESENTATION_CONTEXT(2) 
PARAMETRIC_REPRESENTATION_CONTEXT() REPRESENTATION_CONTEXT('2D SPACE',''
  ) );
#1642 = ORIENTED_EDGE('',*,*,#1643,.T.);
#1643 = EDGE_CURVE('1_region1_Edge_149',#1615,#1644,#1646,.T.);
#1644 = VERTEX_POINT('1_region1_Vertex_100',#1645);
#1645 = CARTESIAN_POINT('',(33.39999616,0.11000129,0.));
#1646 = SURFACE_CURVE('',#1647,(#1651,#1658),.PCURVE_S1.);
#1647 = LINE('',#1648,#1649);
#1648 = CARTESIAN_POINT('',(33.39999615,1.01000129,0.));
#1649 = VECTOR('',#1650,1.);
#1650 = DIRECTION('',(1.111111203045E-08,-1.,-0.));
#1651 = PCURVE('',#137,#1652);
#1652 = DEFINITIONAL_REPRESENTATION('',(#1653),#1657);
#1653 = LINE('',#1654,#1655);
#1654 = CARTESIAN_POINT('',(33.39999615,1.01000129));
#1655 = VECTOR('',#1656,1.);
#1656 = DIRECTION('',(1.111111203045E-08,-1.));
#1657 = ( GEOMETRIC_REPRESENTATION_CONTEXT(2) 
PARAMETRIC_REPRESENTATION_CONTEXT() REPRESENTATION_CONTEXT('2D SPACE',''
  ) );
#1658 = PCURVE('',#1659,#1664);
#1659 = PLANE('',#1660);
#1660 = AXIS2_PLACEMENT_3D('',#1661,#1662,#1663);
#1661 = CARTESIAN_POINT('',(33.39999615,1.01000129,0.));
#1662 = DIRECTION('',(1.,1.111111203045E-08,-0.));
#1663 = DIRECTION('',(1.111111203045E-08,-1.,0.));
#1664 = DEFINITIONAL_REPRESENTATION('',(#1665),#1669);
#1665 = LINE('',#1666,#1667);
#1666 = CARTESIAN_POINT('',(0.,0.));
#1667 = VECTOR('',#1668,1.);
#1668 = DIRECTION('',(1.,0.));
#1669 = ( GEOMETRIC_REPRESENTATION_CONTEXT(2) 
PARAMETRIC_REPRESENTATION_CONTEXT() REPRESENTATION_CONTEXT('2D SPACE',''
  ) );
#1670 = ORIENTED_EDGE('',*,*,#1671,.T.);
#1671 = EDGE_CURVE('1_region1_Edge_152',#1644,#1672,#1674,.T.);
#1672 = VERTEX_POINT('1_region1_Vertex_102',#1673);
#1673 = CARTESIAN_POINT('',(33.49999616,1.000129E-02,0.));
#1674 = SURFACE_CURVE('',#1675,(#1680,#1687),.PCURVE_S1.);
#1675 = CIRCLE('',#1676,0.1);
#1676 = AXIS2_PLACEMENT_3D('',#1677,#1678,#1679);
#1677 = CARTESIAN_POINT('',(33.49999616,0.11000129,0.));
#1678 = DIRECTION('',(0.,-0.,1.));
#1679 = DIRECTION('',(1.,0.,0.));
#1680 = PCURVE('',#137,#1681);
#1681 = DEFINITIONAL_REPRESENTATION('',(#1682),#1686);
#1682 = CIRCLE('',#1683,0.1);
#1683 = AXIS2_PLACEMENT_2D('',#1684,#1685);
#1684 = CARTESIAN_POINT('',(33.49999616,0.11000129));
#1685 = DIRECTION('',(1.,0.));
#1686 = ( GEOMETRIC_REPRESENTATION_CONTEXT(2) 
PARAMETRIC_REPRESENTATION_CONTEXT() REPRESENTATION_CONTEXT('2D SPACE',''
  ) );
#1687 = PCURVE('',#1688,#1693);
#1688 = CYLINDRICAL_SURFACE('',#1689,0.1);
#1689 = AXIS2_PLACEMENT_3D('',#1690,#1691,#1692);
#1690 = CARTESIAN_POINT('',(33.49999616,0.11000129,0.));
#1691 = DIRECTION('',(-0.,0.,-1.));
#1692 = DIRECTION('',(1.,0.,0.));
#1693 = DEFINITIONAL_REPRESENTATION('',(#1694),#1698);
#1694 = LINE('',#1695,#1696);
#1695 = CARTESIAN_POINT('',(-0.,0.));
#1696 = VECTOR('',#1697,1.);
#1697 = DIRECTION('',(-1.,0.));
#1698 = ( GEOMETRIC_REPRESENTATION_CONTEXT(2) 
PARAMETRIC_REPRESENTATION_CONTEXT() REPRESENTATION_CONTEXT('2D SPACE',''
  ) );
#1699 = ORIENTED_EDGE('',*,*,#1700,.T.);
#1700 = EDGE_CURVE('1_region1_Edge_155',#1672,#1701,#1703,.T.);
#1701 = VERTEX_POINT('1_region1_Vertex_104',#1702);
#1702 = CARTESIAN_POINT('',(33.79999615,1.000129E-02,0.));
#1703 = SURFACE_CURVE('',#1704,(#1708,#1715),.PCURVE_S1.);
#1704 = LINE('',#1705,#1706);
#1705 = CARTESIAN_POINT('',(33.49999616,1.000129E-02,0.));
#1706 = VECTOR('',#1707,1.);
#1707 = DIRECTION('',(1.,0.,0.));
#1708 = PCURVE('',#137,#1709);
#1709 = DEFINITIONAL_REPRESENTATION('',(#1710),#1714);
#1710 = LINE('',#1711,#1712);
#1711 = CARTESIAN_POINT('',(33.49999616,1.000129E-02));
#1712 = VECTOR('',#1713,1.);
#1713 = DIRECTION('',(1.,0.));
#1714 = ( GEOMETRIC_REPRESENTATION_CONTEXT(2) 
PARAMETRIC_REPRESENTATION_CONTEXT() REPRESENTATION_CONTEXT('2D SPACE',''
  ) );
#1715 = PCURVE('',#1716,#1721);
#1716 = PLANE('',#1717);
#1717 = AXIS2_PLACEMENT_3D('',#1718,#1719,#1720);
#1718 = CARTESIAN_POINT('',(33.49999616,1.000129E-02,0.));
#1719 = DIRECTION('',(0.,1.,0.));
#1720 = DIRECTION('',(1.,0.,0.));
#1721 = DEFINITIONAL_REPRESENTATION('',(#1722),#1726);
#1722 = LINE('',#1723,#1724);
#1723 = CARTESIAN_POINT('',(0.,0.));
#1724 = VECTOR('',#1725,1.);
#1725 = DIRECTION('',(1.,0.));
#1726 = ( GEOMETRIC_REPRESENTATION_CONTEXT(2) 
PARAMETRIC_REPRESENTATION_CONTEXT() REPRESENTATION_CONTEXT('2D SPACE',''
  ) );
#1727 = ORIENTED_EDGE('',*,*,#1728,.T.);
#1728 = EDGE_CURVE('1_region1_Edge_158',#1701,#1729,#1731,.T.);
#1729 = VERTEX_POINT('1_region1_Vertex_106',#1730);
#1730 = CARTESIAN_POINT('',(33.89999615,0.11000129,0.));
#1731 = SURFACE_CURVE('',#1732,(#1737,#1744),.PCURVE_S1.);
#1732 = CIRCLE('',#1733,0.1);
#1733 = AXIS2_PLACEMENT_3D('',#1734,#1735,#1736);
#1734 = CARTESIAN_POINT('',(33.79999615,0.11000129,0.));
#1735 = DIRECTION('',(0.,-0.,1.));
#1736 = DIRECTION('',(1.,0.,0.));
#1737 = PCURVE('',#137,#1738);
#1738 = DEFINITIONAL_REPRESENTATION('',(#1739),#1743);
#1739 = CIRCLE('',#1740,0.1);
#1740 = AXIS2_PLACEMENT_2D('',#1741,#1742);
#1741 = CARTESIAN_POINT('',(33.79999615,0.11000129));
#1742 = DIRECTION('',(1.,0.));
#1743 = ( GEOMETRIC_REPRESENTATION_CONTEXT(2) 
PARAMETRIC_REPRESENTATION_CONTEXT() REPRESENTATION_CONTEXT('2D SPACE',''
  ) );
#1744 = PCURVE('',#1745,#1750);
#1745 = CYLINDRICAL_SURFACE('',#1746,0.1);
#1746 = AXIS2_PLACEMENT_3D('',#1747,#1748,#1749);
#1747 = CARTESIAN_POINT('',(33.79999615,0.11000129,0.));
#1748 = DIRECTION('',(-0.,0.,-1.));
#1749 = DIRECTION('',(1.,0.,0.));
#1750 = DEFINITIONAL_REPRESENTATION('',(#1751),#1755);
#1751 = LINE('',#1752,#1753);
#1752 = CARTESIAN_POINT('',(-0.,0.));
#1753 = VECTOR('',#1754,1.);
#1754 = DIRECTION('',(-1.,0.));
#1755 = ( GEOMETRIC_REPRESENTATION_CONTEXT(2) 
PARAMETRIC_REPRESENTATION_CONTEXT() REPRESENTATION_CONTEXT('2D SPACE',''
  ) );
#1756 = ORIENTED_EDGE('',*,*,#1757,.T.);
#1757 = EDGE_CURVE('1_region1_Edge_161',#1729,#178,#1758,.T.);
#1758 = SURFACE_CURVE('',#1759,(#1763,#1770),.PCURVE_S1.);
#1759 = LINE('',#1760,#1761);
#1760 = CARTESIAN_POINT('',(33.89999615,0.11000129,0.));
#1761 = VECTOR('',#1762,1.);
#1762 = DIRECTION('',(2.500000206851E-08,1.,0.));
#1763 = PCURVE('',#137,#1764);
#1764 = DEFINITIONAL_REPRESENTATION('',(#1765),#1769);
#1765 = LINE('',#1766,#1767);
#1766 = CARTESIAN_POINT('',(33.89999615,0.11000129));
#1767 = VECTOR('',#1768,1.);
#1768 = DIRECTION('',(2.500000206851E-08,1.));
#1769 = ( GEOMETRIC_REPRESENTATION_CONTEXT(2) 
PARAMETRIC_REPRESENTATION_CONTEXT() REPRESENTATION_CONTEXT('2D SPACE',''
  ) );
#1770 = PCURVE('',#193,#1771);
#1771 = DEFINITIONAL_REPRESENTATION('',(#1772),#1776);
#1772 = LINE('',#1773,#1774);
#1773 = CARTESIAN_POINT('',(0.,0.));
#1774 = VECTOR('',#1775,1.);
#1775 = DIRECTION('',(1.,0.));
#1776 = ( GEOMETRIC_REPRESENTATION_CONTEXT(2) 
PARAMETRIC_REPRESENTATION_CONTEXT() REPRESENTATION_CONTEXT('2D SPACE',''
  ) );
#1777 = ORIENTED_EDGE('',*,*,#205,.F.);
#1778 = ADVANCED_FACE('1_region1_Face_end',(#1779),#83,.T.);
#1779 = FACE_BOUND('',#1780,.T.);
#1780 = EDGE_LOOP('undefined shape id',(#1781,#1782,#1783,#1806,#1830,
    #1853,#1877,#1900,#1924,#1947,#1971,#1994,#2017,#2041,#2064,#2088,
    #2111,#2135,#2158,#2182,#2205,#2228,#2251,#2275,#2298,#2322,#2346,
    #2370,#2393,#2417,#2440,#2463,#2486,#2510,#2533,#2557,#2581,#2605,
    #2628,#2652,#2675,#2698,#2721,#2745,#2768,#2792,#2815,#2839,#2862,
    #2886,#2909,#2933,#2956,#2980,#3001));
#1781 = ORIENTED_EDGE('',*,*,#67,.T.);
#1782 = ORIENTED_EDGE('',*,*,#231,.T.);
#1783 = ORIENTED_EDGE('',*,*,#1784,.T.);
#1784 = EDGE_CURVE('1_region1_Edge_9',#232,#1785,#1787,.T.);
#1785 = VERTEX_POINT('1_region1_Vertex_7',#1786);
#1786 = CARTESIAN_POINT('',(35.39999616,1.000129E-02,100.));
#1787 = SURFACE_CURVE('',#1788,(#1792,#1799),.PCURVE_S1.);
#1788 = LINE('',#1789,#1790);
#1789 = CARTESIAN_POINT('',(34.89999616,1.000129E-02,100.));
#1790 = VECTOR('',#1791,1.);
#1791 = DIRECTION('',(1.,0.,0.));
#1792 = PCURVE('',#83,#1793);
#1793 = DEFINITIONAL_REPRESENTATION('',(#1794),#1798);
#1794 = LINE('',#1795,#1796);
#1795 = CARTESIAN_POINT('',(34.89999616,1.000129E-02));
#1796 = VECTOR('',#1797,1.);
#1797 = DIRECTION('',(1.,0.));
#1798 = ( GEOMETRIC_REPRESENTATION_CONTEXT(2) 
PARAMETRIC_REPRESENTATION_CONTEXT() REPRESENTATION_CONTEXT('2D SPACE',''
  ) );
#1799 = PCURVE('',#271,#1800);
#1800 = DEFINITIONAL_REPRESENTATION('',(#1801),#1805);
#1801 = LINE('',#1802,#1803);
#1802 = CARTESIAN_POINT('',(0.,-100.));
#1803 = VECTOR('',#1804,1.);
#1804 = DIRECTION('',(1.,0.));
#1805 = ( GEOMETRIC_REPRESENTATION_CONTEXT(2) 
PARAMETRIC_REPRESENTATION_CONTEXT() REPRESENTATION_CONTEXT('2D SPACE',''
  ) );
#1806 = ORIENTED_EDGE('',*,*,#1807,.T.);
#1807 = EDGE_CURVE('1_region1_Edge_12',#1785,#1808,#1810,.T.);
#1808 = VERTEX_POINT('1_region1_Vertex_9',#1809);
#1809 = CARTESIAN_POINT('',(35.49999616,0.11000129,100.));
#1810 = SURFACE_CURVE('',#1811,(#1816,#1823),.PCURVE_S1.);
#1811 = CIRCLE('',#1812,0.1);
#1812 = AXIS2_PLACEMENT_3D('',#1813,#1814,#1815);
#1813 = CARTESIAN_POINT('',(35.39999616,0.11000129,100.));
#1814 = DIRECTION('',(0.,-0.,1.));
#1815 = DIRECTION('',(1.,0.,0.));
#1816 = PCURVE('',#83,#1817);
#1817 = DEFINITIONAL_REPRESENTATION('',(#1818),#1822);
#1818 = CIRCLE('',#1819,0.1);
#1819 = AXIS2_PLACEMENT_2D('',#1820,#1821);
#1820 = CARTESIAN_POINT('',(35.39999616,0.11000129));
#1821 = DIRECTION('',(1.,0.));
#1822 = ( GEOMETRIC_REPRESENTATION_CONTEXT(2) 
PARAMETRIC_REPRESENTATION_CONTEXT() REPRESENTATION_CONTEXT('2D SPACE',''
  ) );
#1823 = PCURVE('',#350,#1824);
#1824 = DEFINITIONAL_REPRESENTATION('',(#1825),#1829);
#1825 = LINE('',#1826,#1827);
#1826 = CARTESIAN_POINT('',(-0.,-100.));
#1827 = VECTOR('',#1828,1.);
#1828 = DIRECTION('',(-1.,0.));
#1829 = ( GEOMETRIC_REPRESENTATION_CONTEXT(2) 
PARAMETRIC_REPRESENTATION_CONTEXT() REPRESENTATION_CONTEXT('2D SPACE',''
  ) );
#1830 = ORIENTED_EDGE('',*,*,#1831,.T.);
#1831 = EDGE_CURVE('1_region1_Edge_15',#1808,#1832,#1834,.T.);
#1832 = VERTEX_POINT('1_region1_Vertex_11',#1833);
#1833 = CARTESIAN_POINT('',(35.49999616,10.26000129,100.));
#1834 = SURFACE_CURVE('',#1835,(#1839,#1846),.PCURVE_S1.);
#1835 = LINE('',#1836,#1837);
#1836 = CARTESIAN_POINT('',(35.49999616,0.11000129,100.));
#1837 = VECTOR('',#1838,1.);
#1838 = DIRECTION('',(0.,1.,0.));
#1839 = PCURVE('',#83,#1840);
#1840 = DEFINITIONAL_REPRESENTATION('',(#1841),#1845);
#1841 = LINE('',#1842,#1843);
#1842 = CARTESIAN_POINT('',(35.49999616,0.11000129));
#1843 = VECTOR('',#1844,1.);
#1844 = DIRECTION('',(0.,1.));
#1845 = ( GEOMETRIC_REPRESENTATION_CONTEXT(2) 
PARAMETRIC_REPRESENTATION_CONTEXT() REPRESENTATION_CONTEXT('2D SPACE',''
  ) );
#1846 = PCURVE('',#378,#1847);
#1847 = DEFINITIONAL_REPRESENTATION('',(#1848),#1852);
#1848 = LINE('',#1849,#1850);
#1849 = CARTESIAN_POINT('',(0.,-100.));
#1850 = VECTOR('',#1851,1.);
#1851 = DIRECTION('',(1.,0.));
#1852 = ( GEOMETRIC_REPRESENTATION_CONTEXT(2) 
PARAMETRIC_REPRESENTATION_CONTEXT() REPRESENTATION_CONTEXT('2D SPACE',''
  ) );
#1853 = ORIENTED_EDGE('',*,*,#1854,.T.);
#1854 = EDGE_CURVE('1_region1_Edge_18',#1832,#1855,#1857,.T.);
#1855 = VERTEX_POINT('1_region1_Vertex_13',#1856);
#1856 = CARTESIAN_POINT('',(32.499996150026,13.26000129,100.));
#1857 = SURFACE_CURVE('',#1858,(#1863,#1870),.PCURVE_S1.);
#1858 = CIRCLE('',#1859,3.);
#1859 = AXIS2_PLACEMENT_3D('',#1860,#1861,#1862);
#1860 = CARTESIAN_POINT('',(32.49999616,10.26000129,100.));
#1861 = DIRECTION('',(0.,-0.,1.));
#1862 = DIRECTION('',(1.,0.,0.));
#1863 = PCURVE('',#83,#1864);
#1864 = DEFINITIONAL_REPRESENTATION('',(#1865),#1869);
#1865 = CIRCLE('',#1866,3.);
#1866 = AXIS2_PLACEMENT_2D('',#1867,#1868);
#1867 = CARTESIAN_POINT('',(32.49999616,10.26000129));
#1868 = DIRECTION('',(1.,0.));
#1869 = ( GEOMETRIC_REPRESENTATION_CONTEXT(2) 
PARAMETRIC_REPRESENTATION_CONTEXT() REPRESENTATION_CONTEXT('2D SPACE',''
  ) );
#1870 = PCURVE('',#407,#1871);
#1871 = DEFINITIONAL_REPRESENTATION('',(#1872),#1876);
#1872 = LINE('',#1873,#1874);
#1873 = CARTESIAN_POINT('',(-0.,-100.));
#1874 = VECTOR('',#1875,1.);
#1875 = DIRECTION('',(-1.,0.));
#1876 = ( GEOMETRIC_REPRESENTATION_CONTEXT(2) 
PARAMETRIC_REPRESENTATION_CONTEXT() REPRESENTATION_CONTEXT('2D SPACE',''
  ) );
#1877 = ORIENTED_EDGE('',*,*,#1878,.T.);
#1878 = EDGE_CURVE('1_region1_Edge_21',#1855,#1879,#1881,.T.);
#1879 = VERTEX_POINT('1_region1_Vertex_15',#1880);
#1880 = CARTESIAN_POINT('',(-32.50000384,13.26000129,100.));
#1881 = SURFACE_CURVE('',#1882,(#1886,#1893),.PCURVE_S1.);
#1882 = LINE('',#1883,#1884);
#1883 = CARTESIAN_POINT('',(32.49999615,13.26000129,100.));
#1884 = VECTOR('',#1885,1.);
#1885 = DIRECTION('',(-1.,0.,0.));
#1886 = PCURVE('',#83,#1887);
#1887 = DEFINITIONAL_REPRESENTATION('',(#1888),#1892);
#1888 = LINE('',#1889,#1890);
#1889 = CARTESIAN_POINT('',(32.49999615,13.26000129));
#1890 = VECTOR('',#1891,1.);
#1891 = DIRECTION('',(-1.,0.));
#1892 = ( GEOMETRIC_REPRESENTATION_CONTEXT(2) 
PARAMETRIC_REPRESENTATION_CONTEXT() REPRESENTATION_CONTEXT('2D SPACE',''
  ) );
#1893 = PCURVE('',#435,#1894);
#1894 = DEFINITIONAL_REPRESENTATION('',(#1895),#1899);
#1895 = LINE('',#1896,#1897);
#1896 = CARTESIAN_POINT('',(0.,-100.));
#1897 = VECTOR('',#1898,1.);
#1898 = DIRECTION('',(1.,0.));
#1899 = ( GEOMETRIC_REPRESENTATION_CONTEXT(2) 
PARAMETRIC_REPRESENTATION_CONTEXT() REPRESENTATION_CONTEXT('2D SPACE',''
  ) );
#1900 = ORIENTED_EDGE('',*,*,#1901,.T.);
#1901 = EDGE_CURVE('1_region1_Edge_24',#1879,#1902,#1904,.T.);
#1902 = VERTEX_POINT('1_region1_Vertex_17',#1903);
#1903 = CARTESIAN_POINT('',(-35.50000384,10.26000129,100.));
#1904 = SURFACE_CURVE('',#1905,(#1910,#1917),.PCURVE_S1.);
#1905 = CIRCLE('',#1906,3.);
#1906 = AXIS2_PLACEMENT_3D('',#1907,#1908,#1909);
#1907 = CARTESIAN_POINT('',(-32.50000384,10.26000129,100.));
#1908 = DIRECTION('',(0.,-0.,1.));
#1909 = DIRECTION('',(1.,0.,0.));
#1910 = PCURVE('',#83,#1911);
#1911 = DEFINITIONAL_REPRESENTATION('',(#1912),#1916);
#1912 = CIRCLE('',#1913,3.);
#1913 = AXIS2_PLACEMENT_2D('',#1914,#1915);
#1914 = CARTESIAN_POINT('',(-32.50000384,10.26000129));
#1915 = DIRECTION('',(1.,0.));
#1916 = ( GEOMETRIC_REPRESENTATION_CONTEXT(2) 
PARAMETRIC_REPRESENTATION_CONTEXT() REPRESENTATION_CONTEXT('2D SPACE',''
  ) );
#1917 = PCURVE('',#464,#1918);
#1918 = DEFINITIONAL_REPRESENTATION('',(#1919),#1923);
#1919 = LINE('',#1920,#1921);
#1920 = CARTESIAN_POINT('',(-0.,-100.));
#1921 = VECTOR('',#1922,1.);
#1922 = DIRECTION('',(-1.,0.));
#1923 = ( GEOMETRIC_REPRESENTATION_CONTEXT(2) 
PARAMETRIC_REPRESENTATION_CONTEXT() REPRESENTATION_CONTEXT('2D SPACE',''
  ) );
#1924 = ORIENTED_EDGE('',*,*,#1925,.T.);
#1925 = EDGE_CURVE('1_region1_Edge_27',#1902,#1926,#1928,.T.);
#1926 = VERTEX_POINT('1_region1_Vertex_19',#1927);
#1927 = CARTESIAN_POINT('',(-35.50000384,0.11000129,100.));
#1928 = SURFACE_CURVE('',#1929,(#1933,#1940),.PCURVE_S1.);
#1929 = LINE('',#1930,#1931);
#1930 = CARTESIAN_POINT('',(-35.50000384,10.26000129,100.));
#1931 = VECTOR('',#1932,1.);
#1932 = DIRECTION('',(0.,-1.,-0.));
#1933 = PCURVE('',#83,#1934);
#1934 = DEFINITIONAL_REPRESENTATION('',(#1935),#1939);
#1935 = LINE('',#1936,#1937);
#1936 = CARTESIAN_POINT('',(-35.50000384,10.26000129));
#1937 = VECTOR('',#1938,1.);
#1938 = DIRECTION('',(0.,-1.));
#1939 = ( GEOMETRIC_REPRESENTATION_CONTEXT(2) 
PARAMETRIC_REPRESENTATION_CONTEXT() REPRESENTATION_CONTEXT('2D SPACE',''
  ) );
#1940 = PCURVE('',#492,#1941);
#1941 = DEFINITIONAL_REPRESENTATION('',(#1942),#1946);
#1942 = LINE('',#1943,#1944);
#1943 = CARTESIAN_POINT('',(0.,-100.));
#1944 = VECTOR('',#1945,1.);
#1945 = DIRECTION('',(1.,0.));
#1946 = ( GEOMETRIC_REPRESENTATION_CONTEXT(2) 
PARAMETRIC_REPRESENTATION_CONTEXT() REPRESENTATION_CONTEXT('2D SPACE',''
  ) );
#1947 = ORIENTED_EDGE('',*,*,#1948,.T.);
#1948 = EDGE_CURVE('1_region1_Edge_30',#1926,#1949,#1951,.T.);
#1949 = VERTEX_POINT('1_region1_Vertex_21',#1950);
#1950 = CARTESIAN_POINT('',(-35.40000384,1.000129E-02,100.));
#1951 = SURFACE_CURVE('',#1952,(#1957,#1964),.PCURVE_S1.);
#1952 = CIRCLE('',#1953,0.1);
#1953 = AXIS2_PLACEMENT_3D('',#1954,#1955,#1956);
#1954 = CARTESIAN_POINT('',(-35.40000384,0.11000129,100.));
#1955 = DIRECTION('',(0.,-0.,1.));
#1956 = DIRECTION('',(1.,0.,0.));
#1957 = PCURVE('',#83,#1958);
#1958 = DEFINITIONAL_REPRESENTATION('',(#1959),#1963);
#1959 = CIRCLE('',#1960,0.1);
#1960 = AXIS2_PLACEMENT_2D('',#1961,#1962);
#1961 = CARTESIAN_POINT('',(-35.40000384,0.11000129));
#1962 = DIRECTION('',(1.,0.));
#1963 = ( GEOMETRIC_REPRESENTATION_CONTEXT(2) 
PARAMETRIC_REPRESENTATION_CONTEXT() REPRESENTATION_CONTEXT('2D SPACE',''
  ) );
#1964 = PCURVE('',#521,#1965);
#1965 = DEFINITIONAL_REPRESENTATION('',(#1966),#1970);
#1966 = LINE('',#1967,#1968);
#1967 = CARTESIAN_POINT('',(-0.,-100.));
#1968 = VECTOR('',#1969,1.);
#1969 = DIRECTION('',(-1.,0.));
#1970 = ( GEOMETRIC_REPRESENTATION_CONTEXT(2) 
PARAMETRIC_REPRESENTATION_CONTEXT() REPRESENTATION_CONTEXT('2D SPACE',''
  ) );
#1971 = ORIENTED_EDGE('',*,*,#1972,.T.);
#1972 = EDGE_CURVE('1_region1_Edge_33',#1949,#1973,#1975,.T.);
#1973 = VERTEX_POINT('1_region1_Vertex_23',#1974);
#1974 = CARTESIAN_POINT('',(-34.70000385,1.000129E-02,100.));
#1975 = SURFACE_CURVE('',#1976,(#1980,#1987),.PCURVE_S1.);
#1976 = LINE('',#1977,#1978);
#1977 = CARTESIAN_POINT('',(-35.40000384,1.000129E-02,100.));
#1978 = VECTOR('',#1979,1.);
#1979 = DIRECTION('',(1.,0.,0.));
#1980 = PCURVE('',#83,#1981);
#1981 = DEFINITIONAL_REPRESENTATION('',(#1982),#1986);
#1982 = LINE('',#1983,#1984);
#1983 = CARTESIAN_POINT('',(-35.40000384,1.000129E-02));
#1984 = VECTOR('',#1985,1.);
#1985 = DIRECTION('',(1.,0.));
#1986 = ( GEOMETRIC_REPRESENTATION_CONTEXT(2) 
PARAMETRIC_REPRESENTATION_CONTEXT() REPRESENTATION_CONTEXT('2D SPACE',''
  ) );
#1987 = PCURVE('',#549,#1988);
#1988 = DEFINITIONAL_REPRESENTATION('',(#1989),#1993);
#1989 = LINE('',#1990,#1991);
#1990 = CARTESIAN_POINT('',(0.,-100.));
#1991 = VECTOR('',#1992,1.);
#1992 = DIRECTION('',(1.,0.));
#1993 = ( GEOMETRIC_REPRESENTATION_CONTEXT(2) 
PARAMETRIC_REPRESENTATION_CONTEXT() REPRESENTATION_CONTEXT('2D SPACE',''
  ) );
#1994 = ORIENTED_EDGE('',*,*,#1995,.T.);
#1995 = EDGE_CURVE('1_region1_Edge_36',#1973,#1996,#1998,.T.);
#1996 = VERTEX_POINT('1_region1_Vertex_25',#1997);
#1997 = CARTESIAN_POINT('',(-34.70000384,-0.48999871,100.));
#1998 = SURFACE_CURVE('',#1999,(#2003,#2010),.PCURVE_S1.);
#1999 = LINE('',#2000,#2001);
#2000 = CARTESIAN_POINT('',(-34.70000385,1.000129E-02,100.));
#2001 = VECTOR('',#2002,1.);
#2002 = DIRECTION('',(2.000000165481E-08,-1.,-0.));
#2003 = PCURVE('',#83,#2004);
#2004 = DEFINITIONAL_REPRESENTATION('',(#2005),#2009);
#2005 = LINE('',#2006,#2007);
#2006 = CARTESIAN_POINT('',(-34.70000385,1.000129E-02));
#2007 = VECTOR('',#2008,1.);
#2008 = DIRECTION('',(2.000000165481E-08,-1.));
#2009 = ( GEOMETRIC_REPRESENTATION_CONTEXT(2) 
PARAMETRIC_REPRESENTATION_CONTEXT() REPRESENTATION_CONTEXT('2D SPACE',''
  ) );
#2010 = PCURVE('',#577,#2011);
#2011 = DEFINITIONAL_REPRESENTATION('',(#2012),#2016);
#2012 = LINE('',#2013,#2014);
#2013 = CARTESIAN_POINT('',(0.,-100.));
#2014 = VECTOR('',#2015,1.);
#2015 = DIRECTION('',(1.,0.));
#2016 = ( GEOMETRIC_REPRESENTATION_CONTEXT(2) 
PARAMETRIC_REPRESENTATION_CONTEXT() REPRESENTATION_CONTEXT('2D SPACE',''
  ) );
#2017 = ORIENTED_EDGE('',*,*,#2018,.T.);
#2018 = EDGE_CURVE('1_region1_Edge_39',#1996,#2019,#2021,.T.);
#2019 = VERTEX_POINT('1_region1_Vertex_27',#2020);
#2020 = CARTESIAN_POINT('',(-34.00000384,-0.48999871,100.));
#2021 = SURFACE_CURVE('',#2022,(#2027,#2034),.PCURVE_S1.);
#2022 = CIRCLE('',#2023,0.35);
#2023 = AXIS2_PLACEMENT_3D('',#2024,#2025,#2026);
#2024 = CARTESIAN_POINT('',(-34.35000384,-0.48999871,100.));
#2025 = DIRECTION('',(0.,-0.,1.));
#2026 = DIRECTION('',(1.,0.,0.));
#2027 = PCURVE('',#83,#2028);
#2028 = DEFINITIONAL_REPRESENTATION('',(#2029),#2033);
#2029 = CIRCLE('',#2030,0.35);
#2030 = AXIS2_PLACEMENT_2D('',#2031,#2032);
#2031 = CARTESIAN_POINT('',(-34.35000384,-0.48999871));
#2032 = DIRECTION('',(1.,0.));
#2033 = ( GEOMETRIC_REPRESENTATION_CONTEXT(2) 
PARAMETRIC_REPRESENTATION_CONTEXT() REPRESENTATION_CONTEXT('2D SPACE',''
  ) );
#2034 = PCURVE('',#606,#2035);
#2035 = DEFINITIONAL_REPRESENTATION('',(#2036),#2040);
#2036 = LINE('',#2037,#2038);
#2037 = CARTESIAN_POINT('',(-0.,-100.));
#2038 = VECTOR('',#2039,1.);
#2039 = DIRECTION('',(-1.,0.));
#2040 = ( GEOMETRIC_REPRESENTATION_CONTEXT(2) 
PARAMETRIC_REPRESENTATION_CONTEXT() REPRESENTATION_CONTEXT('2D SPACE',''
  ) );
#2041 = ORIENTED_EDGE('',*,*,#2042,.T.);
#2042 = EDGE_CURVE('1_region1_Edge_42',#2019,#2043,#2045,.T.);
#2043 = VERTEX_POINT('1_region1_Vertex_29',#2044);
#2044 = CARTESIAN_POINT('',(-34.00000385,4.91000129,100.));
#2045 = SURFACE_CURVE('',#2046,(#2050,#2057),.PCURVE_S1.);
#2046 = LINE('',#2047,#2048);
#2047 = CARTESIAN_POINT('',(-34.00000384,-0.48999871,100.));
#2048 = VECTOR('',#2049,1.);
#2049 = DIRECTION('',(-1.851852005075E-09,1.,0.));
#2050 = PCURVE('',#83,#2051);
#2051 = DEFINITIONAL_REPRESENTATION('',(#2052),#2056);
#2052 = LINE('',#2053,#2054);
#2053 = CARTESIAN_POINT('',(-34.00000384,-0.48999871));
#2054 = VECTOR('',#2055,1.);
#2055 = DIRECTION('',(-1.851852005075E-09,1.));
#2056 = ( GEOMETRIC_REPRESENTATION_CONTEXT(2) 
PARAMETRIC_REPRESENTATION_CONTEXT() REPRESENTATION_CONTEXT('2D SPACE',''
  ) );
#2057 = PCURVE('',#634,#2058);
#2058 = DEFINITIONAL_REPRESENTATION('',(#2059),#2063);
#2059 = LINE('',#2060,#2061);
#2060 = CARTESIAN_POINT('',(0.,-100.));
#2061 = VECTOR('',#2062,1.);
#2062 = DIRECTION('',(1.,0.));
#2063 = ( GEOMETRIC_REPRESENTATION_CONTEXT(2) 
PARAMETRIC_REPRESENTATION_CONTEXT() REPRESENTATION_CONTEXT('2D SPACE',''
  ) );
#2064 = ORIENTED_EDGE('',*,*,#2065,.F.);
#2065 = EDGE_CURVE('1_region1_Edge_45',#2066,#2043,#2068,.T.);
#2066 = VERTEX_POINT('1_region1_Vertex_31',#2067);
#2067 = CARTESIAN_POINT('',(-33.80000384,5.11000129,100.));
#2068 = SURFACE_CURVE('',#2069,(#2074,#2081),.PCURVE_S1.);
#2069 = CIRCLE('',#2070,0.2);
#2070 = AXIS2_PLACEMENT_3D('',#2071,#2072,#2073);
#2071 = CARTESIAN_POINT('',(-33.80000385,4.91000129,100.));
#2072 = DIRECTION('',(0.,-0.,1.));
#2073 = DIRECTION('',(1.,0.,0.));
#2074 = PCURVE('',#83,#2075);
#2075 = DEFINITIONAL_REPRESENTATION('',(#2076),#2080);
#2076 = CIRCLE('',#2077,0.2);
#2077 = AXIS2_PLACEMENT_2D('',#2078,#2079);
#2078 = CARTESIAN_POINT('',(-33.80000385,4.91000129));
#2079 = DIRECTION('',(1.,0.));
#2080 = ( GEOMETRIC_REPRESENTATION_CONTEXT(2) 
PARAMETRIC_REPRESENTATION_CONTEXT() REPRESENTATION_CONTEXT('2D SPACE',''
  ) );
#2081 = PCURVE('',#663,#2082);
#2082 = DEFINITIONAL_REPRESENTATION('',(#2083),#2087);
#2083 = LINE('',#2084,#2085);
#2084 = CARTESIAN_POINT('',(-0.,-100.));
#2085 = VECTOR('',#2086,1.);
#2086 = DIRECTION('',(-1.,0.));
#2087 = ( GEOMETRIC_REPRESENTATION_CONTEXT(2) 
PARAMETRIC_REPRESENTATION_CONTEXT() REPRESENTATION_CONTEXT('2D SPACE',''
  ) );
#2088 = ORIENTED_EDGE('',*,*,#2089,.T.);
#2089 = EDGE_CURVE('1_region1_Edge_48',#2066,#2090,#2092,.T.);
#2090 = VERTEX_POINT('1_region1_Vertex_33',#2091);
#2091 = CARTESIAN_POINT('',(-32.00000384,5.11000129,100.));
#2092 = SURFACE_CURVE('',#2093,(#2097,#2104),.PCURVE_S1.);
#2093 = LINE('',#2094,#2095);
#2094 = CARTESIAN_POINT('',(-33.80000384,5.11000129,100.));
#2095 = VECTOR('',#2096,1.);
#2096 = DIRECTION('',(1.,0.,0.));
#2097 = PCURVE('',#83,#2098);
#2098 = DEFINITIONAL_REPRESENTATION('',(#2099),#2103);
#2099 = LINE('',#2100,#2101);
#2100 = CARTESIAN_POINT('',(-33.80000384,5.11000129));
#2101 = VECTOR('',#2102,1.);
#2102 = DIRECTION('',(1.,0.));
#2103 = ( GEOMETRIC_REPRESENTATION_CONTEXT(2) 
PARAMETRIC_REPRESENTATION_CONTEXT() REPRESENTATION_CONTEXT('2D SPACE',''
  ) );
#2104 = PCURVE('',#691,#2105);
#2105 = DEFINITIONAL_REPRESENTATION('',(#2106),#2110);
#2106 = LINE('',#2107,#2108);
#2107 = CARTESIAN_POINT('',(0.,-100.));
#2108 = VECTOR('',#2109,1.);
#2109 = DIRECTION('',(1.,0.));
#2110 = ( GEOMETRIC_REPRESENTATION_CONTEXT(2) 
PARAMETRIC_REPRESENTATION_CONTEXT() REPRESENTATION_CONTEXT('2D SPACE',''
  ) );
#2111 = ORIENTED_EDGE('',*,*,#2112,.T.);
#2112 = EDGE_CURVE('1_region1_Edge_51',#2090,#2113,#2115,.T.);
#2113 = VERTEX_POINT('1_region1_Vertex_35',#2114);
#2114 = CARTESIAN_POINT('',(-31.80000384,5.31000129,100.));
#2115 = SURFACE_CURVE('',#2116,(#2121,#2128),.PCURVE_S1.);
#2116 = CIRCLE('',#2117,0.2);
#2117 = AXIS2_PLACEMENT_3D('',#2118,#2119,#2120);
#2118 = CARTESIAN_POINT('',(-32.00000384,5.31000129,100.));
#2119 = DIRECTION('',(0.,-0.,1.));
#2120 = DIRECTION('',(1.,0.,0.));
#2121 = PCURVE('',#83,#2122);
#2122 = DEFINITIONAL_REPRESENTATION('',(#2123),#2127);
#2123 = CIRCLE('',#2124,0.2);
#2124 = AXIS2_PLACEMENT_2D('',#2125,#2126);
#2125 = CARTESIAN_POINT('',(-32.00000384,5.31000129));
#2126 = DIRECTION('',(1.,0.));
#2127 = ( GEOMETRIC_REPRESENTATION_CONTEXT(2) 
PARAMETRIC_REPRESENTATION_CONTEXT() REPRESENTATION_CONTEXT('2D SPACE',''
  ) );
#2128 = PCURVE('',#720,#2129);
#2129 = DEFINITIONAL_REPRESENTATION('',(#2130),#2134);
#2130 = LINE('',#2131,#2132);
#2131 = CARTESIAN_POINT('',(-0.,-100.));
#2132 = VECTOR('',#2133,1.);
#2133 = DIRECTION('',(-1.,0.));
#2134 = ( GEOMETRIC_REPRESENTATION_CONTEXT(2) 
PARAMETRIC_REPRESENTATION_CONTEXT() REPRESENTATION_CONTEXT('2D SPACE',''
  ) );
#2135 = ORIENTED_EDGE('',*,*,#2136,.T.);
#2136 = EDGE_CURVE('1_region1_Edge_54',#2113,#2137,#2139,.T.);
#2137 = VERTEX_POINT('1_region1_Vertex_37',#2138);
#2138 = CARTESIAN_POINT('',(-31.80000384,6.06000129,100.));
#2139 = SURFACE_CURVE('',#2140,(#2144,#2151),.PCURVE_S1.);
#2140 = LINE('',#2141,#2142);
#2141 = CARTESIAN_POINT('',(-31.80000384,5.31000129,100.));
#2142 = VECTOR('',#2143,1.);
#2143 = DIRECTION('',(0.,1.,0.));
#2144 = PCURVE('',#83,#2145);
#2145 = DEFINITIONAL_REPRESENTATION('',(#2146),#2150);
#2146 = LINE('',#2147,#2148);
#2147 = CARTESIAN_POINT('',(-31.80000384,5.31000129));
#2148 = VECTOR('',#2149,1.);
#2149 = DIRECTION('',(0.,1.));
#2150 = ( GEOMETRIC_REPRESENTATION_CONTEXT(2) 
PARAMETRIC_REPRESENTATION_CONTEXT() REPRESENTATION_CONTEXT('2D SPACE',''
  ) );
#2151 = PCURVE('',#748,#2152);
#2152 = DEFINITIONAL_REPRESENTATION('',(#2153),#2157);
#2153 = LINE('',#2154,#2155);
#2154 = CARTESIAN_POINT('',(0.,-100.));
#2155 = VECTOR('',#2156,1.);
#2156 = DIRECTION('',(1.,0.));
#2157 = ( GEOMETRIC_REPRESENTATION_CONTEXT(2) 
PARAMETRIC_REPRESENTATION_CONTEXT() REPRESENTATION_CONTEXT('2D SPACE',''
  ) );
#2158 = ORIENTED_EDGE('',*,*,#2159,.T.);
#2159 = EDGE_CURVE('1_region1_Edge_57',#2137,#2160,#2162,.T.);
#2160 = VERTEX_POINT('1_region1_Vertex_39',#2161);
#2161 = CARTESIAN_POINT('',(-32.00000384999,6.26000129,100.));
#2162 = SURFACE_CURVE('',#2163,(#2168,#2175),.PCURVE_S1.);
#2163 = CIRCLE('',#2164,0.2);
#2164 = AXIS2_PLACEMENT_3D('',#2165,#2166,#2167);
#2165 = CARTESIAN_POINT('',(-32.00000384,6.06000129,100.));
#2166 = DIRECTION('',(0.,-0.,1.));
#2167 = DIRECTION('',(1.,0.,0.));
#2168 = PCURVE('',#83,#2169);
#2169 = DEFINITIONAL_REPRESENTATION('',(#2170),#2174);
#2170 = CIRCLE('',#2171,0.2);
#2171 = AXIS2_PLACEMENT_2D('',#2172,#2173);
#2172 = CARTESIAN_POINT('',(-32.00000384,6.06000129));
#2173 = DIRECTION('',(1.,0.));
#2174 = ( GEOMETRIC_REPRESENTATION_CONTEXT(2) 
PARAMETRIC_REPRESENTATION_CONTEXT() REPRESENTATION_CONTEXT('2D SPACE',''
  ) );
#2175 = PCURVE('',#777,#2176);
#2176 = DEFINITIONAL_REPRESENTATION('',(#2177),#2181);
#2177 = LINE('',#2178,#2179);
#2178 = CARTESIAN_POINT('',(-0.,-100.));
#2179 = VECTOR('',#2180,1.);
#2180 = DIRECTION('',(-1.,0.));
#2181 = ( GEOMETRIC_REPRESENTATION_CONTEXT(2) 
PARAMETRIC_REPRESENTATION_CONTEXT() REPRESENTATION_CONTEXT('2D SPACE',''
  ) );
#2182 = ORIENTED_EDGE('',*,*,#2183,.T.);
#2183 = EDGE_CURVE('1_region1_Edge_60',#2160,#2184,#2186,.T.);
#2184 = VERTEX_POINT('1_region1_Vertex_41',#2185);
#2185 = CARTESIAN_POINT('',(-34.00000384,6.26000129,100.));
#2186 = SURFACE_CURVE('',#2187,(#2191,#2198),.PCURVE_S1.);
#2187 = LINE('',#2188,#2189);
#2188 = CARTESIAN_POINT('',(-32.00000385,6.26000129,100.));
#2189 = VECTOR('',#2190,1.);
#2190 = DIRECTION('',(-1.,0.,0.));
#2191 = PCURVE('',#83,#2192);
#2192 = DEFINITIONAL_REPRESENTATION('',(#2193),#2197);
#2193 = LINE('',#2194,#2195);
#2194 = CARTESIAN_POINT('',(-32.00000385,6.26000129));
#2195 = VECTOR('',#2196,1.);
#2196 = DIRECTION('',(-1.,0.));
#2197 = ( GEOMETRIC_REPRESENTATION_CONTEXT(2) 
PARAMETRIC_REPRESENTATION_CONTEXT() REPRESENTATION_CONTEXT('2D SPACE',''
  ) );
#2198 = PCURVE('',#805,#2199);
#2199 = DEFINITIONAL_REPRESENTATION('',(#2200),#2204);
#2200 = LINE('',#2201,#2202);
#2201 = CARTESIAN_POINT('',(0.,-100.));
#2202 = VECTOR('',#2203,1.);
#2203 = DIRECTION('',(1.,0.));
#2204 = ( GEOMETRIC_REPRESENTATION_CONTEXT(2) 
PARAMETRIC_REPRESENTATION_CONTEXT() REPRESENTATION_CONTEXT('2D SPACE',''
  ) );
#2205 = ORIENTED_EDGE('',*,*,#2206,.T.);
#2206 = EDGE_CURVE('1_region1_Edge_63',#2184,#2207,#2209,.T.);
#2207 = VERTEX_POINT('1_region1_Vertex_43',#2208);
#2208 = CARTESIAN_POINT('',(-34.00000384,8.11000129,100.));
#2209 = SURFACE_CURVE('',#2210,(#2214,#2221),.PCURVE_S1.);
#2210 = LINE('',#2211,#2212);
#2211 = CARTESIAN_POINT('',(-34.00000384,6.26000129,100.));
#2212 = VECTOR('',#2213,1.);
#2213 = DIRECTION('',(0.,1.,0.));
#2214 = PCURVE('',#83,#2215);
#2215 = DEFINITIONAL_REPRESENTATION('',(#2216),#2220);
#2216 = LINE('',#2217,#2218);
#2217 = CARTESIAN_POINT('',(-34.00000384,6.26000129));
#2218 = VECTOR('',#2219,1.);
#2219 = DIRECTION('',(0.,1.));
#2220 = ( GEOMETRIC_REPRESENTATION_CONTEXT(2) 
PARAMETRIC_REPRESENTATION_CONTEXT() REPRESENTATION_CONTEXT('2D SPACE',''
  ) );
#2221 = PCURVE('',#833,#2222);
#2222 = DEFINITIONAL_REPRESENTATION('',(#2223),#2227);
#2223 = LINE('',#2224,#2225);
#2224 = CARTESIAN_POINT('',(0.,-100.));
#2225 = VECTOR('',#2226,1.);
#2226 = DIRECTION('',(1.,0.));
#2227 = ( GEOMETRIC_REPRESENTATION_CONTEXT(2) 
PARAMETRIC_REPRESENTATION_CONTEXT() REPRESENTATION_CONTEXT('2D SPACE',''
  ) );
#2228 = ORIENTED_EDGE('',*,*,#2229,.T.);
#2229 = EDGE_CURVE('1_region1_Edge_66',#2207,#2230,#2232,.T.);
#2230 = VERTEX_POINT('1_region1_Vertex_45',#2231);
#2231 = CARTESIAN_POINT('',(-32.00309744,8.11000129,100.));
#2232 = SURFACE_CURVE('',#2233,(#2237,#2244),.PCURVE_S1.);
#2233 = LINE('',#2234,#2235);
#2234 = CARTESIAN_POINT('',(-34.00000384,8.11000129,100.));
#2235 = VECTOR('',#2236,1.);
#2236 = DIRECTION('',(1.,0.,0.));
#2237 = PCURVE('',#83,#2238);
#2238 = DEFINITIONAL_REPRESENTATION('',(#2239),#2243);
#2239 = LINE('',#2240,#2241);
#2240 = CARTESIAN_POINT('',(-34.00000384,8.11000129));
#2241 = VECTOR('',#2242,1.);
#2242 = DIRECTION('',(1.,0.));
#2243 = ( GEOMETRIC_REPRESENTATION_CONTEXT(2) 
PARAMETRIC_REPRESENTATION_CONTEXT() REPRESENTATION_CONTEXT('2D SPACE',''
  ) );
#2244 = PCURVE('',#861,#2245);
#2245 = DEFINITIONAL_REPRESENTATION('',(#2246),#2250);
#2246 = LINE('',#2247,#2248);
#2247 = CARTESIAN_POINT('',(0.,-100.));
#2248 = VECTOR('',#2249,1.);
#2249 = DIRECTION('',(1.,0.));
#2250 = ( GEOMETRIC_REPRESENTATION_CONTEXT(2) 
PARAMETRIC_REPRESENTATION_CONTEXT() REPRESENTATION_CONTEXT('2D SPACE',''
  ) );
#2251 = ORIENTED_EDGE('',*,*,#2252,.T.);
#2252 = EDGE_CURVE('1_region1_Edge_69',#2230,#2253,#2255,.T.);
#2253 = VERTEX_POINT('1_region1_Vertex_47',#2254);
#2254 = CARTESIAN_POINT('',(-31.81515892,8.37840532,100.));
#2255 = SURFACE_CURVE('',#2256,(#2261,#2268),.PCURVE_S1.);
#2256 = CIRCLE('',#2257,0.199999995955);
#2257 = AXIS2_PLACEMENT_3D('',#2258,#2259,#2260);
#2258 = CARTESIAN_POINT('',(-32.00309743789,8.310001285955,100.));
#2259 = DIRECTION('',(0.,-0.,1.));
#2260 = DIRECTION('',(1.,0.,0.));
#2261 = PCURVE('',#83,#2262);
#2262 = DEFINITIONAL_REPRESENTATION('',(#2263),#2267);
#2263 = CIRCLE('',#2264,0.199999995955);
#2264 = AXIS2_PLACEMENT_2D('',#2265,#2266);
#2265 = CARTESIAN_POINT('',(-32.00309743789,8.310001285955));
#2266 = DIRECTION('',(1.,0.));
#2267 = ( GEOMETRIC_REPRESENTATION_CONTEXT(2) 
PARAMETRIC_REPRESENTATION_CONTEXT() REPRESENTATION_CONTEXT('2D SPACE',''
  ) );
#2268 = PCURVE('',#890,#2269);
#2269 = DEFINITIONAL_REPRESENTATION('',(#2270),#2274);
#2270 = LINE('',#2271,#2272);
#2271 = CARTESIAN_POINT('',(-0.,-100.));
#2272 = VECTOR('',#2273,1.);
#2273 = DIRECTION('',(-1.,0.));
#2274 = ( GEOMETRIC_REPRESENTATION_CONTEXT(2) 
PARAMETRIC_REPRESENTATION_CONTEXT() REPRESENTATION_CONTEXT('2D SPACE',''
  ) );
#2275 = ORIENTED_EDGE('',*,*,#2276,.T.);
#2276 = EDGE_CURVE('1_region1_Edge_72',#2253,#2277,#2279,.T.);
#2277 = VERTEX_POINT('1_region1_Vertex_49',#2278);
#2278 = CARTESIAN_POINT('',(-32.07798646236,9.10051806912,100.));
#2279 = SURFACE_CURVE('',#2280,(#2284,#2291),.PCURVE_S1.);
#2280 = LINE('',#2281,#2282);
#2281 = CARTESIAN_POINT('',(-31.81515892,8.37840532,100.));
#2282 = VECTOR('',#2283,1.);
#2283 = DIRECTION('',(-0.34202013862,0.939692622499,0.));
#2284 = PCURVE('',#83,#2285);
#2285 = DEFINITIONAL_REPRESENTATION('',(#2286),#2290);
#2286 = LINE('',#2287,#2288);
#2287 = CARTESIAN_POINT('',(-31.81515892,8.37840532));
#2288 = VECTOR('',#2289,1.);
#2289 = DIRECTION('',(-0.34202013862,0.939692622499));
#2290 = ( GEOMETRIC_REPRESENTATION_CONTEXT(2) 
PARAMETRIC_REPRESENTATION_CONTEXT() REPRESENTATION_CONTEXT('2D SPACE',''
  ) );
#2291 = PCURVE('',#918,#2292);
#2292 = DEFINITIONAL_REPRESENTATION('',(#2293),#2297);
#2293 = LINE('',#2294,#2295);
#2294 = CARTESIAN_POINT('',(0.,-100.));
#2295 = VECTOR('',#2296,1.);
#2296 = DIRECTION('',(1.,0.));
#2297 = ( GEOMETRIC_REPRESENTATION_CONTEXT(2) 
PARAMETRIC_REPRESENTATION_CONTEXT() REPRESENTATION_CONTEXT('2D SPACE',''
  ) );
#2298 = ORIENTED_EDGE('',*,*,#2299,.T.);
#2299 = EDGE_CURVE('1_region1_Edge_75',#2277,#2300,#2302,.T.);
#2300 = VERTEX_POINT('1_region1_Vertex_51',#2301);
#2301 = CARTESIAN_POINT('',(-32.30337761032,9.228576001477,100.));
#2302 = SURFACE_CURVE('',#2303,(#2308,#2315),.PCURVE_S1.);
#2303 = CIRCLE('',#2304,0.199999985045);
#2304 = AXIS2_PLACEMENT_3D('',#2305,#2306,#2307);
#2305 = CARTESIAN_POINT('',(-32.26592497782,9.032114060285,100.));
#2306 = DIRECTION('',(0.,-0.,1.));
#2307 = DIRECTION('',(1.,0.,0.));
#2308 = PCURVE('',#83,#2309);
#2309 = DEFINITIONAL_REPRESENTATION('',(#2310),#2314);
#2310 = CIRCLE('',#2311,0.199999985045);
#2311 = AXIS2_PLACEMENT_2D('',#2312,#2313);
#2312 = CARTESIAN_POINT('',(-32.26592497782,9.032114060285));
#2313 = DIRECTION('',(1.,0.));
#2314 = ( GEOMETRIC_REPRESENTATION_CONTEXT(2) 
PARAMETRIC_REPRESENTATION_CONTEXT() REPRESENTATION_CONTEXT('2D SPACE',''
  ) );
#2315 = PCURVE('',#947,#2316);
#2316 = DEFINITIONAL_REPRESENTATION('',(#2317),#2321);
#2317 = LINE('',#2318,#2319);
#2318 = CARTESIAN_POINT('',(-0.,-100.));
#2319 = VECTOR('',#2320,1.);
#2320 = DIRECTION('',(-1.,0.));
#2321 = ( GEOMETRIC_REPRESENTATION_CONTEXT(2) 
PARAMETRIC_REPRESENTATION_CONTEXT() REPRESENTATION_CONTEXT('2D SPACE',''
  ) );
#2322 = ORIENTED_EDGE('',*,*,#2323,.F.);
#2323 = EDGE_CURVE('1_region1_Edge_78',#2324,#2300,#2326,.T.);
#2324 = VERTEX_POINT('1_region1_Vertex_53',#2325);
#2325 = CARTESIAN_POINT('',(-31.4501044394,10.245467369989,100.));
#2326 = SURFACE_CURVE('',#2327,(#2332,#2339),.PCURVE_S1.);
#2327 = CIRCLE('',#2328,1.04999999815);
#2328 = AXIS2_PLACEMENT_3D('',#2329,#2330,#2331);
#2329 = CARTESIAN_POINT('',(-32.50000384475,10.26000128721,100.));
#2330 = DIRECTION('',(0.,-0.,1.));
#2331 = DIRECTION('',(1.,0.,0.));
#2332 = PCURVE('',#83,#2333);
#2333 = DEFINITIONAL_REPRESENTATION('',(#2334),#2338);
#2334 = CIRCLE('',#2335,1.04999999815);
#2335 = AXIS2_PLACEMENT_2D('',#2336,#2337);
#2336 = CARTESIAN_POINT('',(-32.50000384475,10.26000128721));
#2337 = DIRECTION('',(1.,0.));
#2338 = ( GEOMETRIC_REPRESENTATION_CONTEXT(2) 
PARAMETRIC_REPRESENTATION_CONTEXT() REPRESENTATION_CONTEXT('2D SPACE',''
  ) );
#2339 = PCURVE('',#976,#2340);
#2340 = DEFINITIONAL_REPRESENTATION('',(#2341),#2345);
#2341 = LINE('',#2342,#2343);
#2342 = CARTESIAN_POINT('',(-0.,-100.));
#2343 = VECTOR('',#2344,1.);
#2344 = DIRECTION('',(-1.,0.));
#2345 = ( GEOMETRIC_REPRESENTATION_CONTEXT(2) 
PARAMETRIC_REPRESENTATION_CONTEXT() REPRESENTATION_CONTEXT('2D SPACE',''
  ) );
#2346 = ORIENTED_EDGE('',*,*,#2347,.T.);
#2347 = EDGE_CURVE('1_region1_Edge_81',#2324,#2348,#2350,.T.);
#2348 = VERTEX_POINT('1_region1_Vertex_55',#2349);
#2349 = CARTESIAN_POINT('',(-31.28485323,10.04573745,100.));
#2350 = SURFACE_CURVE('',#2351,(#2356,#2363),.PCURVE_S1.);
#2351 = CIRCLE('',#2352,0.199999996741);
#2352 = AXIS2_PLACEMENT_3D('',#2353,#2354,#2355);
#2353 = CARTESIAN_POINT('',(-31.25012360327,10.242698998846,100.));
#2354 = DIRECTION('',(0.,-0.,1.));
#2355 = DIRECTION('',(1.,0.,0.));
#2356 = PCURVE('',#83,#2357);
#2357 = DEFINITIONAL_REPRESENTATION('',(#2358),#2362);
#2358 = CIRCLE('',#2359,0.199999996741);
#2359 = AXIS2_PLACEMENT_2D('',#2360,#2361);
#2360 = CARTESIAN_POINT('',(-31.25012360327,10.242698998846));
#2361 = DIRECTION('',(1.,0.));
#2362 = ( GEOMETRIC_REPRESENTATION_CONTEXT(2) 
PARAMETRIC_REPRESENTATION_CONTEXT() REPRESENTATION_CONTEXT('2D SPACE',''
  ) );
#2363 = PCURVE('',#1005,#2364);
#2364 = DEFINITIONAL_REPRESENTATION('',(#2365),#2369);
#2365 = LINE('',#2366,#2367);
#2366 = CARTESIAN_POINT('',(-0.,-100.));
#2367 = VECTOR('',#2368,1.);
#2368 = DIRECTION('',(-1.,0.));
#2369 = ( GEOMETRIC_REPRESENTATION_CONTEXT(2) 
PARAMETRIC_REPRESENTATION_CONTEXT() REPRESENTATION_CONTEXT('2D SPACE',''
  ) );
#2370 = ORIENTED_EDGE('',*,*,#2371,.T.);
#2371 = EDGE_CURVE('1_region1_Edge_84',#2348,#2372,#2374,.T.);
#2372 = VERTEX_POINT('1_region1_Vertex_57',#2373);
#2373 = CARTESIAN_POINT('',(-30.58473347996,9.922287450179,100.));
#2374 = SURFACE_CURVE('',#2375,(#2379,#2386),.PCURVE_S1.);
#2375 = LINE('',#2376,#2377);
#2376 = CARTESIAN_POINT('',(-31.28485323,10.04573745,100.));
#2377 = VECTOR('',#2378,1.);
#2378 = DIRECTION('',(0.984807753454,-0.173648175161,-0.));
#2379 = PCURVE('',#83,#2380);
#2380 = DEFINITIONAL_REPRESENTATION('',(#2381),#2385);
#2381 = LINE('',#2382,#2383);
#2382 = CARTESIAN_POINT('',(-31.28485323,10.04573745));
#2383 = VECTOR('',#2384,1.);
#2384 = DIRECTION('',(0.984807753454,-0.173648175161));
#2385 = ( GEOMETRIC_REPRESENTATION_CONTEXT(2) 
PARAMETRIC_REPRESENTATION_CONTEXT() REPRESENTATION_CONTEXT('2D SPACE',''
  ) );
#2386 = PCURVE('',#1033,#2387);
#2387 = DEFINITIONAL_REPRESENTATION('',(#2388),#2392);
#2388 = LINE('',#2389,#2390);
#2389 = CARTESIAN_POINT('',(0.,-100.));
#2390 = VECTOR('',#2391,1.);
#2391 = DIRECTION('',(1.,0.));
#2392 = ( GEOMETRIC_REPRESENTATION_CONTEXT(2) 
PARAMETRIC_REPRESENTATION_CONTEXT() REPRESENTATION_CONTEXT('2D SPACE',''
  ) );
#2393 = ORIENTED_EDGE('',*,*,#2394,.T.);
#2394 = EDGE_CURVE('1_region1_Edge_87',#2372,#2395,#2397,.T.);
#2395 = VERTEX_POINT('1_region1_Vertex_59',#2396);
#2396 = CARTESIAN_POINT('',(-30.35000384,10.119249,100.));
#2397 = SURFACE_CURVE('',#2398,(#2403,#2410),.PCURVE_S1.);
#2398 = CIRCLE('',#2399,0.2);
#2399 = AXIS2_PLACEMENT_3D('',#2400,#2401,#2402);
#2400 = CARTESIAN_POINT('',(-30.55000384,10.119249,100.));
#2401 = DIRECTION('',(0.,-0.,1.));
#2402 = DIRECTION('',(1.,0.,0.));
#2403 = PCURVE('',#83,#2404);
#2404 = DEFINITIONAL_REPRESENTATION('',(#2405),#2409);
#2405 = CIRCLE('',#2406,0.2);
#2406 = AXIS2_PLACEMENT_2D('',#2407,#2408);
#2407 = CARTESIAN_POINT('',(-30.55000384,10.119249));
#2408 = DIRECTION('',(1.,0.));
#2409 = ( GEOMETRIC_REPRESENTATION_CONTEXT(2) 
PARAMETRIC_REPRESENTATION_CONTEXT() REPRESENTATION_CONTEXT('2D SPACE',''
  ) );
#2410 = PCURVE('',#1062,#2411);
#2411 = DEFINITIONAL_REPRESENTATION('',(#2412),#2416);
#2412 = LINE('',#2413,#2414);
#2413 = CARTESIAN_POINT('',(-0.,-100.));
#2414 = VECTOR('',#2415,1.);
#2415 = DIRECTION('',(-1.,0.));
#2416 = ( GEOMETRIC_REPRESENTATION_CONTEXT(2) 
PARAMETRIC_REPRESENTATION_CONTEXT() REPRESENTATION_CONTEXT('2D SPACE',''
  ) );
#2417 = ORIENTED_EDGE('',*,*,#2418,.T.);
#2418 = EDGE_CURVE('1_region1_Edge_90',#2395,#2419,#2421,.T.);
#2419 = VERTEX_POINT('1_region1_Vertex_61',#2420);
#2420 = CARTESIAN_POINT('',(-30.35000384,11.96000129,100.));
#2421 = SURFACE_CURVE('',#2422,(#2426,#2433),.PCURVE_S1.);
#2422 = LINE('',#2423,#2424);
#2423 = CARTESIAN_POINT('',(-30.35000384,10.119249,100.));
#2424 = VECTOR('',#2425,1.);
#2425 = DIRECTION('',(0.,1.,0.));
#2426 = PCURVE('',#83,#2427);
#2427 = DEFINITIONAL_REPRESENTATION('',(#2428),#2432);
#2428 = LINE('',#2429,#2430);
#2429 = CARTESIAN_POINT('',(-30.35000384,10.119249));
#2430 = VECTOR('',#2431,1.);
#2431 = DIRECTION('',(0.,1.));
#2432 = ( GEOMETRIC_REPRESENTATION_CONTEXT(2) 
PARAMETRIC_REPRESENTATION_CONTEXT() REPRESENTATION_CONTEXT('2D SPACE',''
  ) );
#2433 = PCURVE('',#1090,#2434);
#2434 = DEFINITIONAL_REPRESENTATION('',(#2435),#2439);
#2435 = LINE('',#2436,#2437);
#2436 = CARTESIAN_POINT('',(0.,-100.));
#2437 = VECTOR('',#2438,1.);
#2438 = DIRECTION('',(1.,0.));
#2439 = ( GEOMETRIC_REPRESENTATION_CONTEXT(2) 
PARAMETRIC_REPRESENTATION_CONTEXT() REPRESENTATION_CONTEXT('2D SPACE',''
  ) );
#2440 = ORIENTED_EDGE('',*,*,#2441,.T.);
#2441 = EDGE_CURVE('1_region1_Edge_93',#2419,#2442,#2444,.T.);
#2442 = VERTEX_POINT('1_region1_Vertex_63',#2443);
#2443 = CARTESIAN_POINT('',(30.34999616,11.96000129,100.));
#2444 = SURFACE_CURVE('',#2445,(#2449,#2456),.PCURVE_S1.);
#2445 = LINE('',#2446,#2447);
#2446 = CARTESIAN_POINT('',(-30.35000384,11.96000129,100.));
#2447 = VECTOR('',#2448,1.);
#2448 = DIRECTION('',(1.,0.,0.));
#2449 = PCURVE('',#83,#2450);
#2450 = DEFINITIONAL_REPRESENTATION('',(#2451),#2455);
#2451 = LINE('',#2452,#2453);
#2452 = CARTESIAN_POINT('',(-30.35000384,11.96000129));
#2453 = VECTOR('',#2454,1.);
#2454 = DIRECTION('',(1.,0.));
#2455 = ( GEOMETRIC_REPRESENTATION_CONTEXT(2) 
PARAMETRIC_REPRESENTATION_CONTEXT() REPRESENTATION_CONTEXT('2D SPACE',''
  ) );
#2456 = PCURVE('',#1118,#2457);
#2457 = DEFINITIONAL_REPRESENTATION('',(#2458),#2462);
#2458 = LINE('',#2459,#2460);
#2459 = CARTESIAN_POINT('',(0.,-100.));
#2460 = VECTOR('',#2461,1.);
#2461 = DIRECTION('',(1.,0.));
#2462 = ( GEOMETRIC_REPRESENTATION_CONTEXT(2) 
PARAMETRIC_REPRESENTATION_CONTEXT() REPRESENTATION_CONTEXT('2D SPACE',''
  ) );
#2463 = ORIENTED_EDGE('',*,*,#2464,.T.);
#2464 = EDGE_CURVE('1_region1_Edge_96',#2442,#2465,#2467,.T.);
#2465 = VERTEX_POINT('1_region1_Vertex_65',#2466);
#2466 = CARTESIAN_POINT('',(30.34999615,10.119249,100.));
#2467 = SURFACE_CURVE('',#2468,(#2472,#2479),.PCURVE_S1.);
#2468 = LINE('',#2469,#2470);
#2469 = CARTESIAN_POINT('',(30.34999616,11.96000129,100.));
#2470 = VECTOR('',#2471,1.);
#2471 = DIRECTION('',(-5.432561937708E-09,-1.,0.));
#2472 = PCURVE('',#83,#2473);
#2473 = DEFINITIONAL_REPRESENTATION('',(#2474),#2478);
#2474 = LINE('',#2475,#2476);
#2475 = CARTESIAN_POINT('',(30.34999616,11.96000129));
#2476 = VECTOR('',#2477,1.);
#2477 = DIRECTION('',(-5.432561937708E-09,-1.));
#2478 = ( GEOMETRIC_REPRESENTATION_CONTEXT(2) 
PARAMETRIC_REPRESENTATION_CONTEXT() REPRESENTATION_CONTEXT('2D SPACE',''
  ) );
#2479 = PCURVE('',#1146,#2480);
#2480 = DEFINITIONAL_REPRESENTATION('',(#2481),#2485);
#2481 = LINE('',#2482,#2483);
#2482 = CARTESIAN_POINT('',(0.,-100.));
#2483 = VECTOR('',#2484,1.);
#2484 = DIRECTION('',(1.,0.));
#2485 = ( GEOMETRIC_REPRESENTATION_CONTEXT(2) 
PARAMETRIC_REPRESENTATION_CONTEXT() REPRESENTATION_CONTEXT('2D SPACE',''
  ) );
#2486 = ORIENTED_EDGE('',*,*,#2487,.T.);
#2487 = EDGE_CURVE('1_region1_Edge_99',#2465,#2488,#2490,.T.);
#2488 = VERTEX_POINT('1_region1_Vertex_67',#2489);
#2489 = CARTESIAN_POINT('',(30.58472579,9.92228745,100.));
#2490 = SURFACE_CURVE('',#2491,(#2496,#2503),.PCURVE_S1.);
#2491 = CIRCLE('',#2492,0.200000000255);
#2492 = AXIS2_PLACEMENT_3D('',#2493,#2494,#2495);
#2493 = CARTESIAN_POINT('',(30.549996150255,10.119249000119,100.));
#2494 = DIRECTION('',(0.,-0.,1.));
#2495 = DIRECTION('',(1.,0.,0.));
#2496 = PCURVE('',#83,#2497);
#2497 = DEFINITIONAL_REPRESENTATION('',(#2498),#2502);
#2498 = CIRCLE('',#2499,0.200000000255);
#2499 = AXIS2_PLACEMENT_2D('',#2500,#2501);
#2500 = CARTESIAN_POINT('',(30.549996150255,10.119249000119));
#2501 = DIRECTION('',(1.,0.));
#2502 = ( GEOMETRIC_REPRESENTATION_CONTEXT(2) 
PARAMETRIC_REPRESENTATION_CONTEXT() REPRESENTATION_CONTEXT('2D SPACE',''
  ) );
#2503 = PCURVE('',#1175,#2504);
#2504 = DEFINITIONAL_REPRESENTATION('',(#2505),#2509);
#2505 = LINE('',#2506,#2507);
#2506 = CARTESIAN_POINT('',(-0.,-100.));
#2507 = VECTOR('',#2508,1.);
#2508 = DIRECTION('',(-1.,0.));
#2509 = ( GEOMETRIC_REPRESENTATION_CONTEXT(2) 
PARAMETRIC_REPRESENTATION_CONTEXT() REPRESENTATION_CONTEXT('2D SPACE',''
  ) );
#2510 = ORIENTED_EDGE('',*,*,#2511,.T.);
#2511 = EDGE_CURVE('1_region1_Edge_102',#2488,#2512,#2514,.T.);
#2512 = VERTEX_POINT('1_region1_Vertex_69',#2513);
#2513 = CARTESIAN_POINT('',(31.284845540274,10.04573744847,100.));
#2514 = SURFACE_CURVE('',#2515,(#2519,#2526),.PCURVE_S1.);
#2515 = LINE('',#2516,#2517);
#2516 = CARTESIAN_POINT('',(30.58472579,9.92228745,100.));
#2517 = VECTOR('',#2518,1.);
#2518 = DIRECTION('',(0.984807753789,0.173648173261,0.));
#2519 = PCURVE('',#83,#2520);
#2520 = DEFINITIONAL_REPRESENTATION('',(#2521),#2525);
#2521 = LINE('',#2522,#2523);
#2522 = CARTESIAN_POINT('',(30.58472579,9.92228745));
#2523 = VECTOR('',#2524,1.);
#2524 = DIRECTION('',(0.984807753789,0.173648173261));
#2525 = ( GEOMETRIC_REPRESENTATION_CONTEXT(2) 
PARAMETRIC_REPRESENTATION_CONTEXT() REPRESENTATION_CONTEXT('2D SPACE',''
  ) );
#2526 = PCURVE('',#1203,#2527);
#2527 = DEFINITIONAL_REPRESENTATION('',(#2528),#2532);
#2528 = LINE('',#2529,#2530);
#2529 = CARTESIAN_POINT('',(0.,-100.));
#2530 = VECTOR('',#2531,1.);
#2531 = DIRECTION('',(1.,0.));
#2532 = ( GEOMETRIC_REPRESENTATION_CONTEXT(2) 
PARAMETRIC_REPRESENTATION_CONTEXT() REPRESENTATION_CONTEXT('2D SPACE',''
  ) );
#2533 = ORIENTED_EDGE('',*,*,#2534,.T.);
#2534 = EDGE_CURVE('1_region1_Edge_105',#2512,#2535,#2537,.T.);
#2535 = VERTEX_POINT('1_region1_Vertex_71',#2536);
#2536 = CARTESIAN_POINT('',(31.450096752832,10.245467370095,100.));
#2537 = SURFACE_CURVE('',#2538,(#2543,#2550),.PCURVE_S1.);
#2538 = CIRCLE('',#2539,0.200000007197);
#2539 = AXIS2_PLACEMENT_3D('',#2540,#2541,#2542);
#2540 = CARTESIAN_POINT('',(31.250115906143,10.242699006628,100.));
#2541 = DIRECTION('',(0.,-0.,1.));
#2542 = DIRECTION('',(1.,0.,0.));
#2543 = PCURVE('',#83,#2544);
#2544 = DEFINITIONAL_REPRESENTATION('',(#2545),#2549);
#2545 = CIRCLE('',#2546,0.200000007197);
#2546 = AXIS2_PLACEMENT_2D('',#2547,#2548);
#2547 = CARTESIAN_POINT('',(31.250115906143,10.242699006628));
#2548 = DIRECTION('',(1.,0.));
#2549 = ( GEOMETRIC_REPRESENTATION_CONTEXT(2) 
PARAMETRIC_REPRESENTATION_CONTEXT() REPRESENTATION_CONTEXT('2D SPACE',''
  ) );
#2550 = PCURVE('',#1232,#2551);
#2551 = DEFINITIONAL_REPRESENTATION('',(#2552),#2556);
#2552 = LINE('',#2553,#2554);
#2553 = CARTESIAN_POINT('',(-0.,-100.));
#2554 = VECTOR('',#2555,1.);
#2555 = DIRECTION('',(-1.,0.));
#2556 = ( GEOMETRIC_REPRESENTATION_CONTEXT(2) 
PARAMETRIC_REPRESENTATION_CONTEXT() REPRESENTATION_CONTEXT('2D SPACE',''
  ) );
#2557 = ORIENTED_EDGE('',*,*,#2558,.F.);
#2558 = EDGE_CURVE('1_region1_Edge_108',#2559,#2535,#2561,.T.);
#2559 = VERTEX_POINT('1_region1_Vertex_73',#2560);
#2560 = CARTESIAN_POINT('',(32.30336991977,9.228576008843,100.));
#2561 = SURFACE_CURVE('',#2562,(#2567,#2574),.PCURVE_S1.);
#2562 = CIRCLE('',#2563,1.049999998519);
#2563 = AXIS2_PLACEMENT_3D('',#2564,#2565,#2566);
#2564 = CARTESIAN_POINT('',(32.499996158461,10.260001294139,100.));
#2565 = DIRECTION('',(0.,-0.,1.));
#2566 = DIRECTION('',(1.,0.,0.));
#2567 = PCURVE('',#83,#2568);
#2568 = DEFINITIONAL_REPRESENTATION('',(#2569),#2573);
#2569 = CIRCLE('',#2570,1.049999998519);
#2570 = AXIS2_PLACEMENT_2D('',#2571,#2572);
#2571 = CARTESIAN_POINT('',(32.499996158461,10.260001294139));
#2572 = DIRECTION('',(1.,0.));
#2573 = ( GEOMETRIC_REPRESENTATION_CONTEXT(2) 
PARAMETRIC_REPRESENTATION_CONTEXT() REPRESENTATION_CONTEXT('2D SPACE',''
  ) );
#2574 = PCURVE('',#1261,#2575);
#2575 = DEFINITIONAL_REPRESENTATION('',(#2576),#2580);
#2576 = LINE('',#2577,#2578);
#2577 = CARTESIAN_POINT('',(-0.,-100.));
#2578 = VECTOR('',#2579,1.);
#2579 = DIRECTION('',(-1.,0.));
#2580 = ( GEOMETRIC_REPRESENTATION_CONTEXT(2) 
PARAMETRIC_REPRESENTATION_CONTEXT() REPRESENTATION_CONTEXT('2D SPACE',''
  ) );
#2581 = ORIENTED_EDGE('',*,*,#2582,.T.);
#2582 = EDGE_CURVE('1_region1_Edge_111',#2559,#2583,#2585,.T.);
#2583 = VERTEX_POINT('1_region1_Vertex_75',#2584);
#2584 = CARTESIAN_POINT('',(32.07797877,9.10051807,100.));
#2585 = SURFACE_CURVE('',#2586,(#2591,#2598),.PCURVE_S1.);
#2586 = CIRCLE('',#2587,0.200000005299);
#2587 = AXIS2_PLACEMENT_3D('',#2588,#2589,#2590);
#2588 = CARTESIAN_POINT('',(32.265917300923,9.03211404443,100.));
#2589 = DIRECTION('',(0.,-0.,1.));
#2590 = DIRECTION('',(1.,0.,0.));
#2591 = PCURVE('',#83,#2592);
#2592 = DEFINITIONAL_REPRESENTATION('',(#2593),#2597);
#2593 = CIRCLE('',#2594,0.200000005299);
#2594 = AXIS2_PLACEMENT_2D('',#2595,#2596);
#2595 = CARTESIAN_POINT('',(32.265917300923,9.03211404443));
#2596 = DIRECTION('',(1.,0.));
#2597 = ( GEOMETRIC_REPRESENTATION_CONTEXT(2) 
PARAMETRIC_REPRESENTATION_CONTEXT() REPRESENTATION_CONTEXT('2D SPACE',''
  ) );
#2598 = PCURVE('',#1290,#2599);
#2599 = DEFINITIONAL_REPRESENTATION('',(#2600),#2604);
#2600 = LINE('',#2601,#2602);
#2601 = CARTESIAN_POINT('',(-0.,-100.));
#2602 = VECTOR('',#2603,1.);
#2603 = DIRECTION('',(-1.,0.));
#2604 = ( GEOMETRIC_REPRESENTATION_CONTEXT(2) 
PARAMETRIC_REPRESENTATION_CONTEXT() REPRESENTATION_CONTEXT('2D SPACE',''
  ) );
#2605 = ORIENTED_EDGE('',*,*,#2606,.T.);
#2606 = EDGE_CURVE('1_region1_Edge_114',#2583,#2607,#2609,.T.);
#2607 = VERTEX_POINT('1_region1_Vertex_77',#2608);
#2608 = CARTESIAN_POINT('',(31.815151226762,8.378405321191,100.));
#2609 = SURFACE_CURVE('',#2610,(#2614,#2621),.PCURVE_S1.);
#2610 = LINE('',#2611,#2612);
#2611 = CARTESIAN_POINT('',(32.07797877,9.10051807,100.));
#2612 = VECTOR('',#2613,1.);
#2613 = DIRECTION('',(-0.342020139749,-0.939692622088,0.));
#2614 = PCURVE('',#83,#2615);
#2615 = DEFINITIONAL_REPRESENTATION('',(#2616),#2620);
#2616 = LINE('',#2617,#2618);
#2617 = CARTESIAN_POINT('',(32.07797877,9.10051807));
#2618 = VECTOR('',#2619,1.);
#2619 = DIRECTION('',(-0.342020139749,-0.939692622088));
#2620 = ( GEOMETRIC_REPRESENTATION_CONTEXT(2) 
PARAMETRIC_REPRESENTATION_CONTEXT() REPRESENTATION_CONTEXT('2D SPACE',''
  ) );
#2621 = PCURVE('',#1318,#2622);
#2622 = DEFINITIONAL_REPRESENTATION('',(#2623),#2627);
#2623 = LINE('',#2624,#2625);
#2624 = CARTESIAN_POINT('',(0.,-100.));
#2625 = VECTOR('',#2626,1.);
#2626 = DIRECTION('',(1.,0.));
#2627 = ( GEOMETRIC_REPRESENTATION_CONTEXT(2) 
PARAMETRIC_REPRESENTATION_CONTEXT() REPRESENTATION_CONTEXT('2D SPACE',''
  ) );
#2628 = ORIENTED_EDGE('',*,*,#2629,.T.);
#2629 = EDGE_CURVE('1_region1_Edge_117',#2607,#2630,#2632,.T.);
#2630 = VERTEX_POINT('1_region1_Vertex_79',#2631);
#2631 = CARTESIAN_POINT('',(32.00308975,8.11000129,100.));
#2632 = SURFACE_CURVE('',#2633,(#2638,#2645),.PCURVE_S1.);
#2633 = CIRCLE('',#2634,0.2);
#2634 = AXIS2_PLACEMENT_3D('',#2635,#2636,#2637);
#2635 = CARTESIAN_POINT('',(32.00308975,8.31000129,100.));
#2636 = DIRECTION('',(0.,-0.,1.));
#2637 = DIRECTION('',(1.,0.,0.));
#2638 = PCURVE('',#83,#2639);
#2639 = DEFINITIONAL_REPRESENTATION('',(#2640),#2644);
#2640 = CIRCLE('',#2641,0.2);
#2641 = AXIS2_PLACEMENT_2D('',#2642,#2643);
#2642 = CARTESIAN_POINT('',(32.00308975,8.31000129));
#2643 = DIRECTION('',(1.,0.));
#2644 = ( GEOMETRIC_REPRESENTATION_CONTEXT(2) 
PARAMETRIC_REPRESENTATION_CONTEXT() REPRESENTATION_CONTEXT('2D SPACE',''
  ) );
#2645 = PCURVE('',#1347,#2646);
#2646 = DEFINITIONAL_REPRESENTATION('',(#2647),#2651);
#2647 = LINE('',#2648,#2649);
#2648 = CARTESIAN_POINT('',(-0.,-100.));
#2649 = VECTOR('',#2650,1.);
#2650 = DIRECTION('',(-1.,0.));
#2651 = ( GEOMETRIC_REPRESENTATION_CONTEXT(2) 
PARAMETRIC_REPRESENTATION_CONTEXT() REPRESENTATION_CONTEXT('2D SPACE',''
  ) );
#2652 = ORIENTED_EDGE('',*,*,#2653,.T.);
#2653 = EDGE_CURVE('1_region1_Edge_120',#2630,#2654,#2656,.T.);
#2654 = VERTEX_POINT('1_region1_Vertex_81',#2655);
#2655 = CARTESIAN_POINT('',(33.99999616,8.11000129,100.));
#2656 = SURFACE_CURVE('',#2657,(#2661,#2668),.PCURVE_S1.);
#2657 = LINE('',#2658,#2659);
#2658 = CARTESIAN_POINT('',(32.00308975,8.11000129,100.));
#2659 = VECTOR('',#2660,1.);
#2660 = DIRECTION('',(1.,0.,0.));
#2661 = PCURVE('',#83,#2662);
#2662 = DEFINITIONAL_REPRESENTATION('',(#2663),#2667);
#2663 = LINE('',#2664,#2665);
#2664 = CARTESIAN_POINT('',(32.00308975,8.11000129));
#2665 = VECTOR('',#2666,1.);
#2666 = DIRECTION('',(1.,0.));
#2667 = ( GEOMETRIC_REPRESENTATION_CONTEXT(2) 
PARAMETRIC_REPRESENTATION_CONTEXT() REPRESENTATION_CONTEXT('2D SPACE',''
  ) );
#2668 = PCURVE('',#1375,#2669);
#2669 = DEFINITIONAL_REPRESENTATION('',(#2670),#2674);
#2670 = LINE('',#2671,#2672);
#2671 = CARTESIAN_POINT('',(0.,-100.));
#2672 = VECTOR('',#2673,1.);
#2673 = DIRECTION('',(1.,0.));
#2674 = ( GEOMETRIC_REPRESENTATION_CONTEXT(2) 
PARAMETRIC_REPRESENTATION_CONTEXT() REPRESENTATION_CONTEXT('2D SPACE',''
  ) );
#2675 = ORIENTED_EDGE('',*,*,#2676,.T.);
#2676 = EDGE_CURVE('1_region1_Edge_123',#2654,#2677,#2679,.T.);
#2677 = VERTEX_POINT('1_region1_Vertex_83',#2678);
#2678 = CARTESIAN_POINT('',(33.99999616,6.26000129,100.));
#2679 = SURFACE_CURVE('',#2680,(#2684,#2691),.PCURVE_S1.);
#2680 = LINE('',#2681,#2682);
#2681 = CARTESIAN_POINT('',(33.99999616,8.11000129,100.));
#2682 = VECTOR('',#2683,1.);
#2683 = DIRECTION('',(0.,-1.,-0.));
#2684 = PCURVE('',#83,#2685);
#2685 = DEFINITIONAL_REPRESENTATION('',(#2686),#2690);
#2686 = LINE('',#2687,#2688);
#2687 = CARTESIAN_POINT('',(33.99999616,8.11000129));
#2688 = VECTOR('',#2689,1.);
#2689 = DIRECTION('',(0.,-1.));
#2690 = ( GEOMETRIC_REPRESENTATION_CONTEXT(2) 
PARAMETRIC_REPRESENTATION_CONTEXT() REPRESENTATION_CONTEXT('2D SPACE',''
  ) );
#2691 = PCURVE('',#1403,#2692);
#2692 = DEFINITIONAL_REPRESENTATION('',(#2693),#2697);
#2693 = LINE('',#2694,#2695);
#2694 = CARTESIAN_POINT('',(0.,-100.));
#2695 = VECTOR('',#2696,1.);
#2696 = DIRECTION('',(1.,0.));
#2697 = ( GEOMETRIC_REPRESENTATION_CONTEXT(2) 
PARAMETRIC_REPRESENTATION_CONTEXT() REPRESENTATION_CONTEXT('2D SPACE',''
  ) );
#2698 = ORIENTED_EDGE('',*,*,#2699,.T.);
#2699 = EDGE_CURVE('1_region1_Edge_126',#2677,#2700,#2702,.T.);
#2700 = VERTEX_POINT('1_region1_Vertex_85',#2701);
#2701 = CARTESIAN_POINT('',(31.999996159992,6.26000129,100.));
#2702 = SURFACE_CURVE('',#2703,(#2707,#2714),.PCURVE_S1.);
#2703 = LINE('',#2704,#2705);
#2704 = CARTESIAN_POINT('',(33.99999616,6.26000129,100.));
#2705 = VECTOR('',#2706,1.);
#2706 = DIRECTION('',(-1.,0.,0.));
#2707 = PCURVE('',#83,#2708);
#2708 = DEFINITIONAL_REPRESENTATION('',(#2709),#2713);
#2709 = LINE('',#2710,#2711);
#2710 = CARTESIAN_POINT('',(33.99999616,6.26000129));
#2711 = VECTOR('',#2712,1.);
#2712 = DIRECTION('',(-1.,0.));
#2713 = ( GEOMETRIC_REPRESENTATION_CONTEXT(2) 
PARAMETRIC_REPRESENTATION_CONTEXT() REPRESENTATION_CONTEXT('2D SPACE',''
  ) );
#2714 = PCURVE('',#1431,#2715);
#2715 = DEFINITIONAL_REPRESENTATION('',(#2716),#2720);
#2716 = LINE('',#2717,#2718);
#2717 = CARTESIAN_POINT('',(0.,-100.));
#2718 = VECTOR('',#2719,1.);
#2719 = DIRECTION('',(1.,0.));
#2720 = ( GEOMETRIC_REPRESENTATION_CONTEXT(2) 
PARAMETRIC_REPRESENTATION_CONTEXT() REPRESENTATION_CONTEXT('2D SPACE',''
  ) );
#2721 = ORIENTED_EDGE('',*,*,#2722,.T.);
#2722 = EDGE_CURVE('1_region1_Edge_129',#2700,#2723,#2725,.T.);
#2723 = VERTEX_POINT('1_region1_Vertex_87',#2724);
#2724 = CARTESIAN_POINT('',(31.79999615,6.06000129,100.));
#2725 = SURFACE_CURVE('',#2726,(#2731,#2738),.PCURVE_S1.);
#2726 = CIRCLE('',#2727,0.2);
#2727 = AXIS2_PLACEMENT_3D('',#2728,#2729,#2730);
#2728 = CARTESIAN_POINT('',(31.99999615,6.06000129,100.));
#2729 = DIRECTION('',(0.,-0.,1.));
#2730 = DIRECTION('',(1.,0.,0.));
#2731 = PCURVE('',#83,#2732);
#2732 = DEFINITIONAL_REPRESENTATION('',(#2733),#2737);
#2733 = CIRCLE('',#2734,0.2);
#2734 = AXIS2_PLACEMENT_2D('',#2735,#2736);
#2735 = CARTESIAN_POINT('',(31.99999615,6.06000129));
#2736 = DIRECTION('',(1.,0.));
#2737 = ( GEOMETRIC_REPRESENTATION_CONTEXT(2) 
PARAMETRIC_REPRESENTATION_CONTEXT() REPRESENTATION_CONTEXT('2D SPACE',''
  ) );
#2738 = PCURVE('',#1460,#2739);
#2739 = DEFINITIONAL_REPRESENTATION('',(#2740),#2744);
#2740 = LINE('',#2741,#2742);
#2741 = CARTESIAN_POINT('',(-0.,-100.));
#2742 = VECTOR('',#2743,1.);
#2743 = DIRECTION('',(-1.,0.));
#2744 = ( GEOMETRIC_REPRESENTATION_CONTEXT(2) 
PARAMETRIC_REPRESENTATION_CONTEXT() REPRESENTATION_CONTEXT('2D SPACE',''
  ) );
#2745 = ORIENTED_EDGE('',*,*,#2746,.T.);
#2746 = EDGE_CURVE('1_region1_Edge_132',#2723,#2747,#2749,.T.);
#2747 = VERTEX_POINT('1_region1_Vertex_89',#2748);
#2748 = CARTESIAN_POINT('',(31.79999615,5.31000129,100.));
#2749 = SURFACE_CURVE('',#2750,(#2754,#2761),.PCURVE_S1.);
#2750 = LINE('',#2751,#2752);
#2751 = CARTESIAN_POINT('',(31.79999615,6.06000129,100.));
#2752 = VECTOR('',#2753,1.);
#2753 = DIRECTION('',(0.,-1.,-0.));
#2754 = PCURVE('',#83,#2755);
#2755 = DEFINITIONAL_REPRESENTATION('',(#2756),#2760);
#2756 = LINE('',#2757,#2758);
#2757 = CARTESIAN_POINT('',(31.79999615,6.06000129));
#2758 = VECTOR('',#2759,1.);
#2759 = DIRECTION('',(0.,-1.));
#2760 = ( GEOMETRIC_REPRESENTATION_CONTEXT(2) 
PARAMETRIC_REPRESENTATION_CONTEXT() REPRESENTATION_CONTEXT('2D SPACE',''
  ) );
#2761 = PCURVE('',#1488,#2762);
#2762 = DEFINITIONAL_REPRESENTATION('',(#2763),#2767);
#2763 = LINE('',#2764,#2765);
#2764 = CARTESIAN_POINT('',(0.,-100.));
#2765 = VECTOR('',#2766,1.);
#2766 = DIRECTION('',(1.,0.));
#2767 = ( GEOMETRIC_REPRESENTATION_CONTEXT(2) 
PARAMETRIC_REPRESENTATION_CONTEXT() REPRESENTATION_CONTEXT('2D SPACE',''
  ) );
#2768 = ORIENTED_EDGE('',*,*,#2769,.T.);
#2769 = EDGE_CURVE('1_region1_Edge_135',#2747,#2770,#2772,.T.);
#2770 = VERTEX_POINT('1_region1_Vertex_91',#2771);
#2771 = CARTESIAN_POINT('',(31.999996159992,5.11000129,100.));
#2772 = SURFACE_CURVE('',#2773,(#2778,#2785),.PCURVE_S1.);
#2773 = CIRCLE('',#2774,0.2);
#2774 = AXIS2_PLACEMENT_3D('',#2775,#2776,#2777);
#2775 = CARTESIAN_POINT('',(31.99999615,5.31000129,100.));
#2776 = DIRECTION('',(0.,-0.,1.));
#2777 = DIRECTION('',(1.,0.,0.));
#2778 = PCURVE('',#83,#2779);
#2779 = DEFINITIONAL_REPRESENTATION('',(#2780),#2784);
#2780 = CIRCLE('',#2781,0.2);
#2781 = AXIS2_PLACEMENT_2D('',#2782,#2783);
#2782 = CARTESIAN_POINT('',(31.99999615,5.31000129));
#2783 = DIRECTION('',(1.,0.));
#2784 = ( GEOMETRIC_REPRESENTATION_CONTEXT(2) 
PARAMETRIC_REPRESENTATION_CONTEXT() REPRESENTATION_CONTEXT('2D SPACE',''
  ) );
#2785 = PCURVE('',#1517,#2786);
#2786 = DEFINITIONAL_REPRESENTATION('',(#2787),#2791);
#2787 = LINE('',#2788,#2789);
#2788 = CARTESIAN_POINT('',(-0.,-100.));
#2789 = VECTOR('',#2790,1.);
#2790 = DIRECTION('',(-1.,0.));
#2791 = ( GEOMETRIC_REPRESENTATION_CONTEXT(2) 
PARAMETRIC_REPRESENTATION_CONTEXT() REPRESENTATION_CONTEXT('2D SPACE',''
  ) );
#2792 = ORIENTED_EDGE('',*,*,#2793,.T.);
#2793 = EDGE_CURVE('1_region1_Edge_138',#2770,#2794,#2796,.T.);
#2794 = VERTEX_POINT('1_region1_Vertex_93',#2795);
#2795 = CARTESIAN_POINT('',(33.799996150008,5.11000129,100.));
#2796 = SURFACE_CURVE('',#2797,(#2801,#2808),.PCURVE_S1.);
#2797 = LINE('',#2798,#2799);
#2798 = CARTESIAN_POINT('',(31.99999616,5.11000129,100.));
#2799 = VECTOR('',#2800,1.);
#2800 = DIRECTION('',(1.,0.,0.));
#2801 = PCURVE('',#83,#2802);
#2802 = DEFINITIONAL_REPRESENTATION('',(#2803),#2807);
#2803 = LINE('',#2804,#2805);
#2804 = CARTESIAN_POINT('',(31.99999616,5.11000129));
#2805 = VECTOR('',#2806,1.);
#2806 = DIRECTION('',(1.,0.));
#2807 = ( GEOMETRIC_REPRESENTATION_CONTEXT(2) 
PARAMETRIC_REPRESENTATION_CONTEXT() REPRESENTATION_CONTEXT('2D SPACE',''
  ) );
#2808 = PCURVE('',#1545,#2809);
#2809 = DEFINITIONAL_REPRESENTATION('',(#2810),#2814);
#2810 = LINE('',#2811,#2812);
#2811 = CARTESIAN_POINT('',(0.,-100.));
#2812 = VECTOR('',#2813,1.);
#2813 = DIRECTION('',(1.,0.));
#2814 = ( GEOMETRIC_REPRESENTATION_CONTEXT(2) 
PARAMETRIC_REPRESENTATION_CONTEXT() REPRESENTATION_CONTEXT('2D SPACE',''
  ) );
#2815 = ORIENTED_EDGE('',*,*,#2816,.F.);
#2816 = EDGE_CURVE('1_region1_Edge_141',#2817,#2794,#2819,.T.);
#2817 = VERTEX_POINT('1_region1_Vertex_95',#2818);
#2818 = CARTESIAN_POINT('',(33.99999616,4.91000129,100.));
#2819 = SURFACE_CURVE('',#2820,(#2825,#2832),.PCURVE_S1.);
#2820 = CIRCLE('',#2821,0.2);
#2821 = AXIS2_PLACEMENT_3D('',#2822,#2823,#2824);
#2822 = CARTESIAN_POINT('',(33.79999616,4.91000129,100.));
#2823 = DIRECTION('',(0.,-0.,1.));
#2824 = DIRECTION('',(1.,0.,0.));
#2825 = PCURVE('',#83,#2826);
#2826 = DEFINITIONAL_REPRESENTATION('',(#2827),#2831);
#2827 = CIRCLE('',#2828,0.2);
#2828 = AXIS2_PLACEMENT_2D('',#2829,#2830);
#2829 = CARTESIAN_POINT('',(33.79999616,4.91000129));
#2830 = DIRECTION('',(1.,0.));
#2831 = ( GEOMETRIC_REPRESENTATION_CONTEXT(2) 
PARAMETRIC_REPRESENTATION_CONTEXT() REPRESENTATION_CONTEXT('2D SPACE',''
  ) );
#2832 = PCURVE('',#1574,#2833);
#2833 = DEFINITIONAL_REPRESENTATION('',(#2834),#2838);
#2834 = LINE('',#2835,#2836);
#2835 = CARTESIAN_POINT('',(-0.,-100.));
#2836 = VECTOR('',#2837,1.);
#2837 = DIRECTION('',(-1.,0.));
#2838 = ( GEOMETRIC_REPRESENTATION_CONTEXT(2) 
PARAMETRIC_REPRESENTATION_CONTEXT() REPRESENTATION_CONTEXT('2D SPACE',''
  ) );
#2839 = ORIENTED_EDGE('',*,*,#2840,.T.);
#2840 = EDGE_CURVE('1_region1_Edge_144',#2817,#2841,#2843,.T.);
#2841 = VERTEX_POINT('1_region1_Vertex_97',#2842);
#2842 = CARTESIAN_POINT('',(33.999996159974,1.61000129,100.));
#2843 = SURFACE_CURVE('',#2844,(#2848,#2855),.PCURVE_S1.);
#2844 = LINE('',#2845,#2846);
#2845 = CARTESIAN_POINT('',(33.99999616,4.91000129,100.));
#2846 = VECTOR('',#2847,1.);
#2847 = DIRECTION('',(0.,-1.,-0.));
#2848 = PCURVE('',#83,#2849);
#2849 = DEFINITIONAL_REPRESENTATION('',(#2850),#2854);
#2850 = LINE('',#2851,#2852);
#2851 = CARTESIAN_POINT('',(33.99999616,4.91000129));
#2852 = VECTOR('',#2853,1.);
#2853 = DIRECTION('',(0.,-1.));
#2854 = ( GEOMETRIC_REPRESENTATION_CONTEXT(2) 
PARAMETRIC_REPRESENTATION_CONTEXT() REPRESENTATION_CONTEXT('2D SPACE',''
  ) );
#2855 = PCURVE('',#1602,#2856);
#2856 = DEFINITIONAL_REPRESENTATION('',(#2857),#2861);
#2857 = LINE('',#2858,#2859);
#2858 = CARTESIAN_POINT('',(0.,-100.));
#2859 = VECTOR('',#2860,1.);
#2860 = DIRECTION('',(1.,0.));
#2861 = ( GEOMETRIC_REPRESENTATION_CONTEXT(2) 
PARAMETRIC_REPRESENTATION_CONTEXT() REPRESENTATION_CONTEXT('2D SPACE',''
  ) );
#2862 = ORIENTED_EDGE('',*,*,#2863,.T.);
#2863 = EDGE_CURVE('1_region1_Edge_147',#2841,#2864,#2866,.T.);
#2864 = VERTEX_POINT('1_region1_Vertex_99',#2865);
#2865 = CARTESIAN_POINT('',(33.39999615,1.01000129,100.));
#2866 = SURFACE_CURVE('',#2867,(#2872,#2879),.PCURVE_S1.);
#2867 = CIRCLE('',#2868,0.6);
#2868 = AXIS2_PLACEMENT_3D('',#2869,#2870,#2871);
#2869 = CARTESIAN_POINT('',(33.99999615,1.01000129,100.));
#2870 = DIRECTION('',(0.,-0.,1.));
#2871 = DIRECTION('',(1.,0.,0.));
#2872 = PCURVE('',#83,#2873);
#2873 = DEFINITIONAL_REPRESENTATION('',(#2874),#2878);
#2874 = CIRCLE('',#2875,0.6);
#2875 = AXIS2_PLACEMENT_2D('',#2876,#2877);
#2876 = CARTESIAN_POINT('',(33.99999615,1.01000129));
#2877 = DIRECTION('',(1.,0.));
#2878 = ( GEOMETRIC_REPRESENTATION_CONTEXT(2) 
PARAMETRIC_REPRESENTATION_CONTEXT() REPRESENTATION_CONTEXT('2D SPACE',''
  ) );
#2879 = PCURVE('',#1631,#2880);
#2880 = DEFINITIONAL_REPRESENTATION('',(#2881),#2885);
#2881 = LINE('',#2882,#2883);
#2882 = CARTESIAN_POINT('',(-0.,-100.));
#2883 = VECTOR('',#2884,1.);
#2884 = DIRECTION('',(-1.,0.));
#2885 = ( GEOMETRIC_REPRESENTATION_CONTEXT(2) 
PARAMETRIC_REPRESENTATION_CONTEXT() REPRESENTATION_CONTEXT('2D SPACE',''
  ) );
#2886 = ORIENTED_EDGE('',*,*,#2887,.T.);
#2887 = EDGE_CURVE('1_region1_Edge_150',#2864,#2888,#2890,.T.);
#2888 = VERTEX_POINT('1_region1_Vertex_101',#2889);
#2889 = CARTESIAN_POINT('',(33.39999616,0.11000129,100.));
#2890 = SURFACE_CURVE('',#2891,(#2895,#2902),.PCURVE_S1.);
#2891 = LINE('',#2892,#2893);
#2892 = CARTESIAN_POINT('',(33.39999615,1.01000129,100.));
#2893 = VECTOR('',#2894,1.);
#2894 = DIRECTION('',(1.111111203045E-08,-1.,-0.));
#2895 = PCURVE('',#83,#2896);
#2896 = DEFINITIONAL_REPRESENTATION('',(#2897),#2901);
#2897 = LINE('',#2898,#2899);
#2898 = CARTESIAN_POINT('',(33.39999615,1.01000129));
#2899 = VECTOR('',#2900,1.);
#2900 = DIRECTION('',(1.111111203045E-08,-1.));
#2901 = ( GEOMETRIC_REPRESENTATION_CONTEXT(2) 
PARAMETRIC_REPRESENTATION_CONTEXT() REPRESENTATION_CONTEXT('2D SPACE',''
  ) );
#2902 = PCURVE('',#1659,#2903);
#2903 = DEFINITIONAL_REPRESENTATION('',(#2904),#2908);
#2904 = LINE('',#2905,#2906);
#2905 = CARTESIAN_POINT('',(0.,-100.));
#2906 = VECTOR('',#2907,1.);
#2907 = DIRECTION('',(1.,0.));
#2908 = ( GEOMETRIC_REPRESENTATION_CONTEXT(2) 
PARAMETRIC_REPRESENTATION_CONTEXT() REPRESENTATION_CONTEXT('2D SPACE',''
  ) );
#2909 = ORIENTED_EDGE('',*,*,#2910,.T.);
#2910 = EDGE_CURVE('1_region1_Edge_153',#2888,#2911,#2913,.T.);
#2911 = VERTEX_POINT('1_region1_Vertex_103',#2912);
#2912 = CARTESIAN_POINT('',(33.49999616,1.000129E-02,100.));
#2913 = SURFACE_CURVE('',#2914,(#2919,#2926),.PCURVE_S1.);
#2914 = CIRCLE('',#2915,0.1);
#2915 = AXIS2_PLACEMENT_3D('',#2916,#2917,#2918);
#2916 = CARTESIAN_POINT('',(33.49999616,0.11000129,100.));
#2917 = DIRECTION('',(0.,-0.,1.));
#2918 = DIRECTION('',(1.,0.,0.));
#2919 = PCURVE('',#83,#2920);
#2920 = DEFINITIONAL_REPRESENTATION('',(#2921),#2925);
#2921 = CIRCLE('',#2922,0.1);
#2922 = AXIS2_PLACEMENT_2D('',#2923,#2924);
#2923 = CARTESIAN_POINT('',(33.49999616,0.11000129));
#2924 = DIRECTION('',(1.,0.));
#2925 = ( GEOMETRIC_REPRESENTATION_CONTEXT(2) 
PARAMETRIC_REPRESENTATION_CONTEXT() REPRESENTATION_CONTEXT('2D SPACE',''
  ) );
#2926 = PCURVE('',#1688,#2927);
#2927 = DEFINITIONAL_REPRESENTATION('',(#2928),#2932);
#2928 = LINE('',#2929,#2930);
#2929 = CARTESIAN_POINT('',(-0.,-100.));
#2930 = VECTOR('',#2931,1.);
#2931 = DIRECTION('',(-1.,0.));
#2932 = ( GEOMETRIC_REPRESENTATION_CONTEXT(2) 
PARAMETRIC_REPRESENTATION_CONTEXT() REPRESENTATION_CONTEXT('2D SPACE',''
  ) );
#2933 = ORIENTED_EDGE('',*,*,#2934,.T.);
#2934 = EDGE_CURVE('1_region1_Edge_156',#2911,#2935,#2937,.T.);
#2935 = VERTEX_POINT('1_region1_Vertex_105',#2936);
#2936 = CARTESIAN_POINT('',(33.79999615,1.000129E-02,100.));
#2937 = SURFACE_CURVE('',#2938,(#2942,#2949),.PCURVE_S1.);
#2938 = LINE('',#2939,#2940);
#2939 = CARTESIAN_POINT('',(33.49999616,1.000129E-02,100.));
#2940 = VECTOR('',#2941,1.);
#2941 = DIRECTION('',(1.,0.,0.));
#2942 = PCURVE('',#83,#2943);
#2943 = DEFINITIONAL_REPRESENTATION('',(#2944),#2948);
#2944 = LINE('',#2945,#2946);
#2945 = CARTESIAN_POINT('',(33.49999616,1.000129E-02));
#2946 = VECTOR('',#2947,1.);
#2947 = DIRECTION('',(1.,0.));
#2948 = ( GEOMETRIC_REPRESENTATION_CONTEXT(2) 
PARAMETRIC_REPRESENTATION_CONTEXT() REPRESENTATION_CONTEXT('2D SPACE',''
  ) );
#2949 = PCURVE('',#1716,#2950);
#2950 = DEFINITIONAL_REPRESENTATION('',(#2951),#2955);
#2951 = LINE('',#2952,#2953);
#2952 = CARTESIAN_POINT('',(0.,-100.));
#2953 = VECTOR('',#2954,1.);
#2954 = DIRECTION('',(1.,0.));
#2955 = ( GEOMETRIC_REPRESENTATION_CONTEXT(2) 
PARAMETRIC_REPRESENTATION_CONTEXT() REPRESENTATION_CONTEXT('2D SPACE',''
  ) );
#2956 = ORIENTED_EDGE('',*,*,#2957,.T.);
#2957 = EDGE_CURVE('1_region1_Edge_159',#2935,#2958,#2960,.T.);
#2958 = VERTEX_POINT('1_region1_Vertex_107',#2959);
#2959 = CARTESIAN_POINT('',(33.89999615,0.11000129,100.));
#2960 = SURFACE_CURVE('',#2961,(#2966,#2973),.PCURVE_S1.);
#2961 = CIRCLE('',#2962,0.1);
#2962 = AXIS2_PLACEMENT_3D('',#2963,#2964,#2965);
#2963 = CARTESIAN_POINT('',(33.79999615,0.11000129,100.));
#2964 = DIRECTION('',(0.,-0.,1.));
#2965 = DIRECTION('',(1.,0.,0.));
#2966 = PCURVE('',#83,#2967);
#2967 = DEFINITIONAL_REPRESENTATION('',(#2968),#2972);
#2968 = CIRCLE('',#2969,0.1);
#2969 = AXIS2_PLACEMENT_2D('',#2970,#2971);
#2970 = CARTESIAN_POINT('',(33.79999615,0.11000129));
#2971 = DIRECTION('',(1.,0.));
#2972 = ( GEOMETRIC_REPRESENTATION_CONTEXT(2) 
PARAMETRIC_REPRESENTATION_CONTEXT() REPRESENTATION_CONTEXT('2D SPACE',''
  ) );
#2973 = PCURVE('',#1745,#2974);
#2974 = DEFINITIONAL_REPRESENTATION('',(#2975),#2979);
#2975 = LINE('',#2976,#2977);
#2976 = CARTESIAN_POINT('',(-0.,-100.));
#2977 = VECTOR('',#2978,1.);
#2978 = DIRECTION('',(-1.,0.));
#2979 = ( GEOMETRIC_REPRESENTATION_CONTEXT(2) 
PARAMETRIC_REPRESENTATION_CONTEXT() REPRESENTATION_CONTEXT('2D SPACE',''
  ) );
#2980 = ORIENTED_EDGE('',*,*,#2981,.T.);
#2981 = EDGE_CURVE('1_region1_Edge_162',#2958,#154,#2982,.T.);
#2982 = SURFACE_CURVE('',#2983,(#2987,#2994),.PCURVE_S1.);
#2983 = LINE('',#2984,#2985);
#2984 = CARTESIAN_POINT('',(33.89999615,0.11000129,100.));
#2985 = VECTOR('',#2986,1.);
#2986 = DIRECTION('',(2.500000206851E-08,1.,0.));
#2987 = PCURVE('',#83,#2988);
#2988 = DEFINITIONAL_REPRESENTATION('',(#2989),#2993);
#2989 = LINE('',#2990,#2991);
#2990 = CARTESIAN_POINT('',(33.89999615,0.11000129));
#2991 = VECTOR('',#2992,1.);
#2992 = DIRECTION('',(2.500000206851E-08,1.));
#2993 = ( GEOMETRIC_REPRESENTATION_CONTEXT(2) 
PARAMETRIC_REPRESENTATION_CONTEXT() REPRESENTATION_CONTEXT('2D SPACE',''
  ) );
#2994 = PCURVE('',#193,#2995);
#2995 = DEFINITIONAL_REPRESENTATION('',(#2996),#3000);
#2996 = LINE('',#2997,#2998);
#2997 = CARTESIAN_POINT('',(0.,-100.));
#2998 = VECTOR('',#2999,1.);
#2999 = DIRECTION('',(1.,0.));
#3000 = ( GEOMETRIC_REPRESENTATION_CONTEXT(2) 
PARAMETRIC_REPRESENTATION_CONTEXT() REPRESENTATION_CONTEXT('2D SPACE',''
  ) );
#3001 = ORIENTED_EDGE('',*,*,#153,.F.);
#3002 = ADVANCED_FACE('1_region1_Face_338',(#3003),#193,.F.);
#3003 = FACE_BOUND('',#3004,.F.);
#3004 = EDGE_LOOP('undefined shape id',(#3005,#3026,#3027,#3028));
#3005 = ORIENTED_EDGE('',*,*,#3006,.T.);
#3006 = EDGE_CURVE('1_region1_Edge_157',#1729,#2958,#3007,.T.);
#3007 = SURFACE_CURVE('',#3008,(#3012,#3019),.PCURVE_S1.);
#3008 = LINE('',#3009,#3010);
#3009 = CARTESIAN_POINT('',(33.89999615,0.11000129,0.));
#3010 = VECTOR('',#3011,1.);
#3011 = DIRECTION('',(0.,0.,1.));
#3012 = PCURVE('',#193,#3013);
#3013 = DEFINITIONAL_REPRESENTATION('',(#3014),#3018);
#3014 = LINE('',#3015,#3016);
#3015 = CARTESIAN_POINT('',(-1.387778780781E-17,0.));
#3016 = VECTOR('',#3017,1.);
#3017 = DIRECTION('',(0.,-1.));
#3018 = ( GEOMETRIC_REPRESENTATION_CONTEXT(2) 
PARAMETRIC_REPRESENTATION_CONTEXT() REPRESENTATION_CONTEXT('2D SPACE',''
  ) );
#3019 = PCURVE('',#1745,#3020);
#3020 = DEFINITIONAL_REPRESENTATION('',(#3021),#3025);
#3021 = LINE('',#3022,#3023);
#3022 = CARTESIAN_POINT('',(-6.28318530718,0.));
#3023 = VECTOR('',#3024,1.);
#3024 = DIRECTION('',(-0.,-1.));
#3025 = ( GEOMETRIC_REPRESENTATION_CONTEXT(2) 
PARAMETRIC_REPRESENTATION_CONTEXT() REPRESENTATION_CONTEXT('2D SPACE',''
  ) );
#3026 = ORIENTED_EDGE('',*,*,#2981,.T.);
#3027 = ORIENTED_EDGE('',*,*,#177,.F.);
#3028 = ORIENTED_EDGE('',*,*,#1757,.F.);
#3029 = ADVANCED_FACE('1_region1_Face_352',(#3030),#271,.F.);
#3030 = FACE_BOUND('',#3031,.F.);
#3031 = EDGE_LOOP('undefined shape id',(#3032,#3033,#3034,#3055));
#3032 = ORIENTED_EDGE('',*,*,#255,.T.);
#3033 = ORIENTED_EDGE('',*,*,#1784,.T.);
#3034 = ORIENTED_EDGE('',*,*,#3035,.F.);
#3035 = EDGE_CURVE('1_region1_Edge_7',#311,#1785,#3036,.T.);
#3036 = SURFACE_CURVE('',#3037,(#3041,#3048),.PCURVE_S1.);
#3037 = LINE('',#3038,#3039);
#3038 = CARTESIAN_POINT('',(35.39999616,1.000129E-02,0.));
#3039 = VECTOR('',#3040,1.);
#3040 = DIRECTION('',(0.,0.,1.));
#3041 = PCURVE('',#271,#3042);
#3042 = DEFINITIONAL_REPRESENTATION('',(#3043),#3047);
#3043 = LINE('',#3044,#3045);
#3044 = CARTESIAN_POINT('',(0.5,0.));
#3045 = VECTOR('',#3046,1.);
#3046 = DIRECTION('',(0.,-1.));
#3047 = ( GEOMETRIC_REPRESENTATION_CONTEXT(2) 
PARAMETRIC_REPRESENTATION_CONTEXT() REPRESENTATION_CONTEXT('2D SPACE',''
  ) );
#3048 = PCURVE('',#350,#3049);
#3049 = DEFINITIONAL_REPRESENTATION('',(#3050),#3054);
#3050 = LINE('',#3051,#3052);
#3051 = CARTESIAN_POINT('',(-4.712388980385,0.));
#3052 = VECTOR('',#3053,1.);
#3053 = DIRECTION('',(-0.,-1.));
#3054 = ( GEOMETRIC_REPRESENTATION_CONTEXT(2) 
PARAMETRIC_REPRESENTATION_CONTEXT() REPRESENTATION_CONTEXT('2D SPACE',''
  ) );
#3055 = ORIENTED_EDGE('',*,*,#310,.F.);
#3056 = ADVANCED_FACE('1_region1_Face_355',(#3057),#350,.T.);
#3057 = FACE_BOUND('',#3058,.F.);
#3058 = EDGE_LOOP('undefined shape id',(#3059,#3060,#3061,#3082));
#3059 = ORIENTED_EDGE('',*,*,#3035,.T.);
#3060 = ORIENTED_EDGE('',*,*,#1807,.T.);
#3061 = ORIENTED_EDGE('',*,*,#3062,.F.);
#3062 = EDGE_CURVE('1_region1_Edge_10',#334,#1808,#3063,.T.);
#3063 = SURFACE_CURVE('',#3064,(#3068,#3075),.PCURVE_S1.);
#3064 = LINE('',#3065,#3066);
#3065 = CARTESIAN_POINT('',(35.49999616,0.11000129,0.));
#3066 = VECTOR('',#3067,1.);
#3067 = DIRECTION('',(0.,0.,1.));
#3068 = PCURVE('',#350,#3069);
#3069 = DEFINITIONAL_REPRESENTATION('',(#3070),#3074);
#3070 = LINE('',#3071,#3072);
#3071 = CARTESIAN_POINT('',(-6.28318530718,0.));
#3072 = VECTOR('',#3073,1.);
#3073 = DIRECTION('',(-0.,-1.));
#3074 = ( GEOMETRIC_REPRESENTATION_CONTEXT(2) 
PARAMETRIC_REPRESENTATION_CONTEXT() REPRESENTATION_CONTEXT('2D SPACE',''
  ) );
#3075 = PCURVE('',#378,#3076);
#3076 = DEFINITIONAL_REPRESENTATION('',(#3077),#3081);
#3077 = LINE('',#3078,#3079);
#3078 = CARTESIAN_POINT('',(-1.387778780781E-17,0.));
#3079 = VECTOR('',#3080,1.);
#3080 = DIRECTION('',(0.,-1.));
#3081 = ( GEOMETRIC_REPRESENTATION_CONTEXT(2) 
PARAMETRIC_REPRESENTATION_CONTEXT() REPRESENTATION_CONTEXT('2D SPACE',''
  ) );
#3082 = ORIENTED_EDGE('',*,*,#333,.F.);
#3083 = ADVANCED_FACE('1_region1_Face_359',(#3084),#378,.F.);
#3084 = FACE_BOUND('',#3085,.F.);
#3085 = EDGE_LOOP('undefined shape id',(#3086,#3087,#3088,#3109));
#3086 = ORIENTED_EDGE('',*,*,#3062,.T.);
#3087 = ORIENTED_EDGE('',*,*,#1831,.T.);
#3088 = ORIENTED_EDGE('',*,*,#3089,.F.);
#3089 = EDGE_CURVE('1_region1_Edge_13',#363,#1832,#3090,.T.);
#3090 = SURFACE_CURVE('',#3091,(#3095,#3102),.PCURVE_S1.);
#3091 = LINE('',#3092,#3093);
#3092 = CARTESIAN_POINT('',(35.49999616,10.26000129,0.));
#3093 = VECTOR('',#3094,1.);
#3094 = DIRECTION('',(0.,0.,1.));
#3095 = PCURVE('',#378,#3096);
#3096 = DEFINITIONAL_REPRESENTATION('',(#3097),#3101);
#3097 = LINE('',#3098,#3099);
#3098 = CARTESIAN_POINT('',(10.15,0.));
#3099 = VECTOR('',#3100,1.);
#3100 = DIRECTION('',(0.,-1.));
#3101 = ( GEOMETRIC_REPRESENTATION_CONTEXT(2) 
PARAMETRIC_REPRESENTATION_CONTEXT() REPRESENTATION_CONTEXT('2D SPACE',''
  ) );
#3102 = PCURVE('',#407,#3103);
#3103 = DEFINITIONAL_REPRESENTATION('',(#3104),#3108);
#3104 = LINE('',#3105,#3106);
#3105 = CARTESIAN_POINT('',(-0.,0.));
#3106 = VECTOR('',#3107,1.);
#3107 = DIRECTION('',(-0.,-1.));
#3108 = ( GEOMETRIC_REPRESENTATION_CONTEXT(2) 
PARAMETRIC_REPRESENTATION_CONTEXT() REPRESENTATION_CONTEXT('2D SPACE',''
  ) );
#3109 = ORIENTED_EDGE('',*,*,#362,.F.);
#3110 = ADVANCED_FACE('1_region1_Face_362',(#3111),#407,.T.);
#3111 = FACE_BOUND('',#3112,.F.);
#3112 = EDGE_LOOP('undefined shape id',(#3113,#3114,#3115,#3136));
#3113 = ORIENTED_EDGE('',*,*,#3089,.T.);
#3114 = ORIENTED_EDGE('',*,*,#1854,.T.);
#3115 = ORIENTED_EDGE('',*,*,#3116,.F.);
#3116 = EDGE_CURVE('1_region1_Edge_16',#391,#1855,#3117,.T.);
#3117 = SURFACE_CURVE('',#3118,(#3122,#3129),.PCURVE_S1.);
#3118 = LINE('',#3119,#3120);
#3119 = CARTESIAN_POINT('',(32.499996150026,13.26000129,0.));
#3120 = VECTOR('',#3121,1.);
#3121 = DIRECTION('',(0.,0.,1.));
#3122 = PCURVE('',#407,#3123);
#3123 = DEFINITIONAL_REPRESENTATION('',(#3124),#3128);
#3124 = LINE('',#3125,#3126);
#3125 = CARTESIAN_POINT('',(-1.570796330111,0.));
#3126 = VECTOR('',#3127,1.);
#3127 = DIRECTION('',(-0.,-1.));
#3128 = ( GEOMETRIC_REPRESENTATION_CONTEXT(2) 
PARAMETRIC_REPRESENTATION_CONTEXT() REPRESENTATION_CONTEXT('2D SPACE',''
  ) );
#3129 = PCURVE('',#435,#3130);
#3130 = DEFINITIONAL_REPRESENTATION('',(#3131),#3135);
#3131 = LINE('',#3132,#3133);
#3132 = CARTESIAN_POINT('',(-2.581401759016E-11,-0.));
#3133 = VECTOR('',#3134,1.);
#3134 = DIRECTION('',(0.,-1.));
#3135 = ( GEOMETRIC_REPRESENTATION_CONTEXT(2) 
PARAMETRIC_REPRESENTATION_CONTEXT() REPRESENTATION_CONTEXT('2D SPACE',''
  ) );
#3136 = ORIENTED_EDGE('',*,*,#390,.F.);
#3137 = ADVANCED_FACE('1_region1_Face_366',(#3138,#3164,#3402),#435,.F.
  );
#3138 = FACE_BOUND('',#3139,.F.);
#3139 = EDGE_LOOP('undefined shape id',(#3140,#3141,#3142,#3163));
#3140 = ORIENTED_EDGE('',*,*,#3116,.T.);
#3141 = ORIENTED_EDGE('',*,*,#1878,.T.);
#3142 = ORIENTED_EDGE('',*,*,#3143,.F.);
#3143 = EDGE_CURVE('1_region1_Edge_19',#420,#1879,#3144,.T.);
#3144 = SURFACE_CURVE('',#3145,(#3149,#3156),.PCURVE_S1.);
#3145 = LINE('',#3146,#3147);
#3146 = CARTESIAN_POINT('',(-32.50000384,13.26000129,0.));
#3147 = VECTOR('',#3148,1.);
#3148 = DIRECTION('',(0.,0.,1.));
#3149 = PCURVE('',#435,#3150);
#3150 = DEFINITIONAL_REPRESENTATION('',(#3151),#3155);
#3151 = LINE('',#3152,#3153);
#3152 = CARTESIAN_POINT('',(64.99999999,0.));
#3153 = VECTOR('',#3154,1.);
#3154 = DIRECTION('',(0.,-1.));
#3155 = ( GEOMETRIC_REPRESENTATION_CONTEXT(2) 
PARAMETRIC_REPRESENTATION_CONTEXT() REPRESENTATION_CONTEXT('2D SPACE',''
  ) );
#3156 = PCURVE('',#464,#3157);
#3157 = DEFINITIONAL_REPRESENTATION('',(#3158),#3162);
#3158 = LINE('',#3159,#3160);
#3159 = CARTESIAN_POINT('',(-1.570796326795,0.));
#3160 = VECTOR('',#3161,1.);
#3161 = DIRECTION('',(-0.,-1.));
#3162 = ( GEOMETRIC_REPRESENTATION_CONTEXT(2) 
PARAMETRIC_REPRESENTATION_CONTEXT() REPRESENTATION_CONTEXT('2D SPACE',''
  ) );
#3163 = ORIENTED_EDGE('',*,*,#419,.F.);
#3164 = FACE_BOUND('',#3165,.F.);
#3165 = EDGE_LOOP('undefined shape id',(#3166,#3194,#3227,#3253,#3286,
    #3312,#3345,#3371));
#3166 = ORIENTED_EDGE('',*,*,#3167,.F.);
#3167 = EDGE_CURVE('36_Sub_region0_1_region1_Edge_173',#3168,#3170,#3172
  ,.T.);
#3168 = VERTEX_POINT('36_Sub_region0_1_region1_Vertex_110',#3169);
#3169 = CARTESIAN_POINT('',(5.88118476,13.26000129,89.28044363));
#3170 = VERTEX_POINT('36_Sub_region0_1_region1_Vertex_111',#3171);
#3171 = CARTESIAN_POINT('',(-24.11881524,13.26000129,89.28044363));
#3172 = SURFACE_CURVE('',#3173,(#3177,#3183),.PCURVE_S1.);
#3173 = LINE('',#3174,#3175);
#3174 = CARTESIAN_POINT('',(4.190590455,13.26000129,89.28044363));
#3175 = VECTOR('',#3176,1.);
#3176 = DIRECTION('',(-1.,0.,0.));
#3177 = PCURVE('',#435,#3178);
#3178 = DEFINITIONAL_REPRESENTATION('',(#3179),#3182);
#3179 = B_SPLINE_CURVE_WITH_KNOTS('',1,(#3180,#3181),.UNSPECIFIED.,.F.,
  .F.,(2,2),(-1.690594305,28.309405695),.PIECEWISE_BEZIER_KNOTS.);
#3180 = CARTESIAN_POINT('',(26.61881139,-89.28044363));
#3181 = CARTESIAN_POINT('',(56.61881139,-89.28044363));
#3182 = ( GEOMETRIC_REPRESENTATION_CONTEXT(2) 
PARAMETRIC_REPRESENTATION_CONTEXT() REPRESENTATION_CONTEXT('2D SPACE',''
  ) );
#3183 = PCURVE('',#3184,#3189);
#3184 = PLANE('',#3185);
#3185 = AXIS2_PLACEMENT_3D('',#3186,#3187,#3188);
#3186 = CARTESIAN_POINT('',(-24.11881524,23.26000129,89.28044363));
#3187 = DIRECTION('',(0.,0.,1.));
#3188 = DIRECTION('',(1.,0.,-0.));
#3189 = DEFINITIONAL_REPRESENTATION('',(#3190),#3193);
#3190 = B_SPLINE_CURVE_WITH_KNOTS('',1,(#3191,#3192),.UNSPECIFIED.,.F.,
  .F.,(2,2),(-1.690594305,28.309405695),.PIECEWISE_BEZIER_KNOTS.);
#3191 = CARTESIAN_POINT('',(30.,-10.));
#3192 = CARTESIAN_POINT('',(0.,-10.));
#3193 = ( GEOMETRIC_REPRESENTATION_CONTEXT(2) 
PARAMETRIC_REPRESENTATION_CONTEXT() REPRESENTATION_CONTEXT('2D SPACE',''
  ) );
#3194 = ORIENTED_EDGE('',*,*,#3195,.T.);
#3195 = EDGE_CURVE('36_Sub_region0_1_region1_Edge_180',#3168,#3196,#3198
  ,.T.);
#3196 = VERTEX_POINT('36_Sub_region0_1_region1_Vertex_117',#3197);
#3197 = CARTESIAN_POINT('',(8.88118476,13.26000129,86.28044363));
#3198 = SURFACE_CURVE('',#3199,(#3204,#3215),.PCURVE_S1.);
#3199 = CIRCLE('',#3200,3.);
#3200 = AXIS2_PLACEMENT_3D('',#3201,#3202,#3203);
#3201 = CARTESIAN_POINT('',(5.88118476,13.26000129,86.28044363));
#3202 = DIRECTION('',(-0.,1.,-0.));
#3203 = DIRECTION('',(1.,0.,-0.));
#3204 = PCURVE('',#435,#3205);
#3205 = DEFINITIONAL_REPRESENTATION('',(#3206),#3214);
#3206 = ( BOUNDED_CURVE() B_SPLINE_CURVE(2,(#3207,#3208,#3209,#3210,
#3211,#3212,#3213),.UNSPECIFIED.,.T.,.F.) B_SPLINE_CURVE_WITH_KNOTS((1,2
    ,2,2,2,1),(-2.094395102393,0.,2.094395102393,4.188790204786,
6.28318530718,8.377580409573),.UNSPECIFIED.) CURVE() 
GEOMETRIC_REPRESENTATION_ITEM() RATIONAL_B_SPLINE_CURVE((1.,0.5,1.,0.5,
1.,0.5,1.)) REPRESENTATION_ITEM('') );
#3207 = CARTESIAN_POINT('',(23.61881139,-86.28044363));
#3208 = CARTESIAN_POINT('',(23.61881139,-81.08429120729));
#3209 = CARTESIAN_POINT('',(28.11881139,-83.68236741864));
#3210 = CARTESIAN_POINT('',(32.61881139,-86.28044363));
#3211 = CARTESIAN_POINT('',(28.11881139,-88.87851984135));
#3212 = CARTESIAN_POINT('',(23.61881139,-91.4765960527));
#3213 = CARTESIAN_POINT('',(23.61881139,-86.28044363));
#3214 = ( GEOMETRIC_REPRESENTATION_CONTEXT(2) 
PARAMETRIC_REPRESENTATION_CONTEXT() REPRESENTATION_CONTEXT('2D SPACE',''
  ) );
#3215 = PCURVE('',#3216,#3221);
#3216 = CYLINDRICAL_SURFACE('',#3217,3.);
#3217 = AXIS2_PLACEMENT_3D('',#3218,#3219,#3220);
#3218 = CARTESIAN_POINT('',(5.88118476,23.26000129,86.28044363));
#3219 = DIRECTION('',(-0.,1.,-0.));
#3220 = DIRECTION('',(1.,0.,-0.));
#3221 = DEFINITIONAL_REPRESENTATION('',(#3222),#3226);
#3222 = LINE('',#3223,#3224);
#3223 = CARTESIAN_POINT('',(0.,-10.));
#3224 = VECTOR('',#3225,1.);
#3225 = DIRECTION('',(1.,0.));
#3226 = ( GEOMETRIC_REPRESENTATION_CONTEXT(2) 
PARAMETRIC_REPRESENTATION_CONTEXT() REPRESENTATION_CONTEXT('2D SPACE',''
  ) );
#3227 = ORIENTED_EDGE('',*,*,#3228,.F.);
#3228 = EDGE_CURVE('36_Sub_region0_1_region1_Edge_179',#3229,#3196,#3231
  ,.T.);
#3229 = VERTEX_POINT('36_Sub_region0_1_region1_Vertex_116',#3230);
#3230 = CARTESIAN_POINT('',(8.88118476,13.26000129,56.28044363));
#3231 = SURFACE_CURVE('',#3232,(#3236,#3242),.PCURVE_S1.);
#3232 = LINE('',#3233,#3234);
#3233 = CARTESIAN_POINT('',(8.88118476,13.26000129,43.140221815));
#3234 = VECTOR('',#3235,1.);
#3235 = DIRECTION('',(-0.,0.,1.));
#3236 = PCURVE('',#435,#3237);
#3237 = DEFINITIONAL_REPRESENTATION('',(#3238),#3241);
#3238 = B_SPLINE_CURVE_WITH_KNOTS('',1,(#3239,#3240),.UNSPECIFIED.,.F.,
  .F.,(2,2),(13.140221815,43.140221815),.PIECEWISE_BEZIER_KNOTS.);
#3239 = CARTESIAN_POINT('',(23.61881139,-56.28044363));
#3240 = CARTESIAN_POINT('',(23.61881139,-86.28044363));
#3241 = ( GEOMETRIC_REPRESENTATION_CONTEXT(2) 
PARAMETRIC_REPRESENTATION_CONTEXT() REPRESENTATION_CONTEXT('2D SPACE',''
  ) );
#3242 = PCURVE('',#3243,#3248);
#3243 = PLANE('',#3244);
#3244 = AXIS2_PLACEMENT_3D('',#3245,#3246,#3247);
#3245 = CARTESIAN_POINT('',(8.88118476,23.26000129,86.28044363));
#3246 = DIRECTION('',(1.,0.,0.));
#3247 = DIRECTION('',(0.,0.,-1.));
#3248 = DEFINITIONAL_REPRESENTATION('',(#3249),#3252);
#3249 = B_SPLINE_CURVE_WITH_KNOTS('',1,(#3250,#3251),.UNSPECIFIED.,.F.,
  .F.,(2,2),(13.140221815,43.140221815),.PIECEWISE_BEZIER_KNOTS.);
#3250 = CARTESIAN_POINT('',(30.,-10.));
#3251 = CARTESIAN_POINT('',(0.,-10.));
#3252 = ( GEOMETRIC_REPRESENTATION_CONTEXT(2) 
PARAMETRIC_REPRESENTATION_CONTEXT() REPRESENTATION_CONTEXT('2D SPACE',''
  ) );
#3253 = ORIENTED_EDGE('',*,*,#3254,.T.);
#3254 = EDGE_CURVE('36_Sub_region0_1_region1_Edge_178',#3229,#3255,#3257
  ,.T.);
#3255 = VERTEX_POINT('36_Sub_region0_1_region1_Vertex_115',#3256);
#3256 = CARTESIAN_POINT('',(5.88118476,13.26000129,53.28044363));
#3257 = SURFACE_CURVE('',#3258,(#3263,#3274),.PCURVE_S1.);
#3258 = CIRCLE('',#3259,3.);
#3259 = AXIS2_PLACEMENT_3D('',#3260,#3261,#3262);
#3260 = CARTESIAN_POINT('',(5.88118476,13.26000129,56.28044363));
#3261 = DIRECTION('',(-0.,1.,-0.));
#3262 = DIRECTION('',(1.,0.,-0.));
#3263 = PCURVE('',#435,#3264);
#3264 = DEFINITIONAL_REPRESENTATION('',(#3265),#3273);
#3265 = ( BOUNDED_CURVE() B_SPLINE_CURVE(2,(#3266,#3267,#3268,#3269,
#3270,#3271,#3272),.UNSPECIFIED.,.T.,.F.) B_SPLINE_CURVE_WITH_KNOTS((1,2
    ,2,2,2,1),(-2.094395102393,0.,2.094395102393,4.188790204786,
6.28318530718,8.377580409573),.UNSPECIFIED.) CURVE() 
GEOMETRIC_REPRESENTATION_ITEM() RATIONAL_B_SPLINE_CURVE((1.,0.5,1.,0.5,
1.,0.5,1.)) REPRESENTATION_ITEM('') );
#3266 = CARTESIAN_POINT('',(23.61881139,-56.28044363));
#3267 = CARTESIAN_POINT('',(23.61881139,-51.08429120729));
#3268 = CARTESIAN_POINT('',(28.11881139,-53.68236741864));
#3269 = CARTESIAN_POINT('',(32.61881139,-56.28044363));
#3270 = CARTESIAN_POINT('',(28.11881139,-58.87851984135));
#3271 = CARTESIAN_POINT('',(23.61881139,-61.4765960527));
#3272 = CARTESIAN_POINT('',(23.61881139,-56.28044363));
#3273 = ( GEOMETRIC_REPRESENTATION_CONTEXT(2) 
PARAMETRIC_REPRESENTATION_CONTEXT() REPRESENTATION_CONTEXT('2D SPACE',''
  ) );
#3274 = PCURVE('',#3275,#3280);
#3275 = CYLINDRICAL_SURFACE('',#3276,3.);
#3276 = AXIS2_PLACEMENT_3D('',#3277,#3278,#3279);
#3277 = CARTESIAN_POINT('',(5.88118476,23.26000129,56.28044363));
#3278 = DIRECTION('',(-0.,1.,-0.));
#3279 = DIRECTION('',(1.,0.,-0.));
#3280 = DEFINITIONAL_REPRESENTATION('',(#3281),#3285);
#3281 = LINE('',#3282,#3283);
#3282 = CARTESIAN_POINT('',(0.,-10.));
#3283 = VECTOR('',#3284,1.);
#3284 = DIRECTION('',(1.,0.));
#3285 = ( GEOMETRIC_REPRESENTATION_CONTEXT(2) 
PARAMETRIC_REPRESENTATION_CONTEXT() REPRESENTATION_CONTEXT('2D SPACE',''
  ) );
#3286 = ORIENTED_EDGE('',*,*,#3287,.F.);
#3287 = EDGE_CURVE('36_Sub_region0_1_region1_Edge_177',#3288,#3255,#3290
  ,.T.);
#3288 = VERTEX_POINT('36_Sub_region0_1_region1_Vertex_114',#3289);
#3289 = CARTESIAN_POINT('',(-24.11881524,13.26000129,53.28044363));
#3290 = SURFACE_CURVE('',#3291,(#3295,#3301),.PCURVE_S1.);
#3291 = LINE('',#3292,#3293);
#3292 = CARTESIAN_POINT('',(19.190590455,13.26000129,53.28044363));
#3293 = VECTOR('',#3294,1.);
#3294 = DIRECTION('',(1.,0.,0.));
#3295 = PCURVE('',#435,#3296);
#3296 = DEFINITIONAL_REPRESENTATION('',(#3297),#3300);
#3297 = B_SPLINE_CURVE_WITH_KNOTS('',1,(#3298,#3299),.UNSPECIFIED.,.F.,
  .F.,(2,2),(-43.309405695,-13.309405695),.PIECEWISE_BEZIER_KNOTS.);
#3298 = CARTESIAN_POINT('',(56.61881139,-53.28044363));
#3299 = CARTESIAN_POINT('',(26.61881139,-53.28044363));
#3300 = ( GEOMETRIC_REPRESENTATION_CONTEXT(2) 
PARAMETRIC_REPRESENTATION_CONTEXT() REPRESENTATION_CONTEXT('2D SPACE',''
  ) );
#3301 = PCURVE('',#3302,#3307);
#3302 = PLANE('',#3303);
#3303 = AXIS2_PLACEMENT_3D('',#3304,#3305,#3306);
#3304 = CARTESIAN_POINT('',(5.88118476,23.26000129,53.28044363));
#3305 = DIRECTION('',(0.,-0.,-1.));
#3306 = DIRECTION('',(-1.,-0.,0.));
#3307 = DEFINITIONAL_REPRESENTATION('',(#3308),#3311);
#3308 = B_SPLINE_CURVE_WITH_KNOTS('',1,(#3309,#3310),.UNSPECIFIED.,.F.,
  .F.,(2,2),(-43.309405695,-13.309405695),.PIECEWISE_BEZIER_KNOTS.);
#3309 = CARTESIAN_POINT('',(30.,-10.));
#3310 = CARTESIAN_POINT('',(0.,-10.));
#3311 = ( GEOMETRIC_REPRESENTATION_CONTEXT(2) 
PARAMETRIC_REPRESENTATION_CONTEXT() REPRESENTATION_CONTEXT('2D SPACE',''
  ) );
#3312 = ORIENTED_EDGE('',*,*,#3313,.T.);
#3313 = EDGE_CURVE('36_Sub_region0_1_region1_Edge_176',#3288,#3314,#3316
  ,.T.);
#3314 = VERTEX_POINT('36_Sub_region0_1_region1_Vertex_113',#3315);
#3315 = CARTESIAN_POINT('',(-27.11881524,13.26000129,56.28044363));
#3316 = SURFACE_CURVE('',#3317,(#3322,#3333),.PCURVE_S1.);
#3317 = CIRCLE('',#3318,3.);
#3318 = AXIS2_PLACEMENT_3D('',#3319,#3320,#3321);
#3319 = CARTESIAN_POINT('',(-24.11881524,13.26000129,56.28044363));
#3320 = DIRECTION('',(-0.,1.,-0.));
#3321 = DIRECTION('',(1.,0.,-0.));
#3322 = PCURVE('',#435,#3323);
#3323 = DEFINITIONAL_REPRESENTATION('',(#3324),#3332);
#3324 = ( BOUNDED_CURVE() B_SPLINE_CURVE(2,(#3325,#3326,#3327,#3328,
#3329,#3330,#3331),.UNSPECIFIED.,.T.,.F.) B_SPLINE_CURVE_WITH_KNOTS((1,2
    ,2,2,2,1),(-2.094395102393,0.,2.094395102393,4.188790204786,
6.28318530718,8.377580409573),.UNSPECIFIED.) CURVE() 
GEOMETRIC_REPRESENTATION_ITEM() RATIONAL_B_SPLINE_CURVE((1.,0.5,1.,0.5,
1.,0.5,1.)) REPRESENTATION_ITEM('') );
#3325 = CARTESIAN_POINT('',(53.61881139,-56.28044363));
#3326 = CARTESIAN_POINT('',(53.61881139,-51.08429120729));
#3327 = CARTESIAN_POINT('',(58.11881139,-53.68236741864));
#3328 = CARTESIAN_POINT('',(62.61881139,-56.28044363));
#3329 = CARTESIAN_POINT('',(58.11881139,-58.87851984135));
#3330 = CARTESIAN_POINT('',(53.61881139,-61.4765960527));
#3331 = CARTESIAN_POINT('',(53.61881139,-56.28044363));
#3332 = ( GEOMETRIC_REPRESENTATION_CONTEXT(2) 
PARAMETRIC_REPRESENTATION_CONTEXT() REPRESENTATION_CONTEXT('2D SPACE',''
  ) );
#3333 = PCURVE('',#3334,#3339);
#3334 = CYLINDRICAL_SURFACE('',#3335,3.);
#3335 = AXIS2_PLACEMENT_3D('',#3336,#3337,#3338);
#3336 = CARTESIAN_POINT('',(-24.11881524,23.26000129,56.28044363));
#3337 = DIRECTION('',(-0.,1.,-0.));
#3338 = DIRECTION('',(1.,0.,-0.));
#3339 = DEFINITIONAL_REPRESENTATION('',(#3340),#3344);
#3340 = LINE('',#3341,#3342);
#3341 = CARTESIAN_POINT('',(0.,-10.));
#3342 = VECTOR('',#3343,1.);
#3343 = DIRECTION('',(1.,0.));
#3344 = ( GEOMETRIC_REPRESENTATION_CONTEXT(2) 
PARAMETRIC_REPRESENTATION_CONTEXT() REPRESENTATION_CONTEXT('2D SPACE',''
  ) );
#3345 = ORIENTED_EDGE('',*,*,#3346,.F.);
#3346 = EDGE_CURVE('36_Sub_region0_1_region1_Edge_175',#3347,#3314,#3349
  ,.T.);
#3347 = VERTEX_POINT('36_Sub_region0_1_region1_Vertex_112',#3348);
#3348 = CARTESIAN_POINT('',(-27.11881524,13.26000129,86.28044363));
#3349 = SURFACE_CURVE('',#3350,(#3354,#3360),.PCURVE_S1.);
#3350 = LINE('',#3351,#3352);
#3351 = CARTESIAN_POINT('',(-27.11881524,13.26000129,28.140221815));
#3352 = VECTOR('',#3353,1.);
#3353 = DIRECTION('',(-0.,-0.,-1.));
#3354 = PCURVE('',#435,#3355);
#3355 = DEFINITIONAL_REPRESENTATION('',(#3356),#3359);
#3356 = B_SPLINE_CURVE_WITH_KNOTS('',1,(#3357,#3358),.UNSPECIFIED.,.F.,
  .F.,(2,2),(-58.140221815,-28.140221815),.PIECEWISE_BEZIER_KNOTS.);
#3357 = CARTESIAN_POINT('',(59.61881139,-86.28044363));
#3358 = CARTESIAN_POINT('',(59.61881139,-56.28044363));
#3359 = ( GEOMETRIC_REPRESENTATION_CONTEXT(2) 
PARAMETRIC_REPRESENTATION_CONTEXT() REPRESENTATION_CONTEXT('2D SPACE',''
  ) );
#3360 = PCURVE('',#3361,#3366);
#3361 = PLANE('',#3362);
#3362 = AXIS2_PLACEMENT_3D('',#3363,#3364,#3365);
#3363 = CARTESIAN_POINT('',(-27.11881524,23.26000129,56.28044363));
#3364 = DIRECTION('',(-1.,0.,0.));
#3365 = DIRECTION('',(0.,0.,1.));
#3366 = DEFINITIONAL_REPRESENTATION('',(#3367),#3370);
#3367 = B_SPLINE_CURVE_WITH_KNOTS('',1,(#3368,#3369),.UNSPECIFIED.,.F.,
  .F.,(2,2),(-58.140221815,-28.140221815),.PIECEWISE_BEZIER_KNOTS.);
#3368 = CARTESIAN_POINT('',(30.,-10.));
#3369 = CARTESIAN_POINT('',(0.,-10.));
#3370 = ( GEOMETRIC_REPRESENTATION_CONTEXT(2) 
PARAMETRIC_REPRESENTATION_CONTEXT() REPRESENTATION_CONTEXT('2D SPACE',''
  ) );
#3371 = ORIENTED_EDGE('',*,*,#3372,.T.);
#3372 = EDGE_CURVE('36_Sub_region0_1_region1_Edge_174',#3347,#3170,#3373
  ,.T.);
#3373 = SURFACE_CURVE('',#3374,(#3379,#3390),.PCURVE_S1.);
#3374 = CIRCLE('',#3375,3.);
#3375 = AXIS2_PLACEMENT_3D('',#3376,#3377,#3378);
#3376 = CARTESIAN_POINT('',(-24.11881524,13.26000129,86.28044363));
#3377 = DIRECTION('',(-0.,1.,-0.));
#3378 = DIRECTION('',(1.,0.,-0.));
#3379 = PCURVE('',#435,#3380);
#3380 = DEFINITIONAL_REPRESENTATION('',(#3381),#3389);
#3381 = ( BOUNDED_CURVE() B_SPLINE_CURVE(2,(#3382,#3383,#3384,#3385,
#3386,#3387,#3388),.UNSPECIFIED.,.T.,.F.) B_SPLINE_CURVE_WITH_KNOTS((1,2
    ,2,2,2,1),(-2.094395102393,0.,2.094395102393,4.188790204786,
6.28318530718,8.377580409573),.UNSPECIFIED.) CURVE() 
GEOMETRIC_REPRESENTATION_ITEM() RATIONAL_B_SPLINE_CURVE((1.,0.5,1.,0.5,
1.,0.5,1.)) REPRESENTATION_ITEM('') );
#3382 = CARTESIAN_POINT('',(53.61881139,-86.28044363));
#3383 = CARTESIAN_POINT('',(53.61881139,-81.08429120729));
#3384 = CARTESIAN_POINT('',(58.11881139,-83.68236741864));
#3385 = CARTESIAN_POINT('',(62.61881139,-86.28044363));
#3386 = CARTESIAN_POINT('',(58.11881139,-88.87851984135));
#3387 = CARTESIAN_POINT('',(53.61881139,-91.4765960527));
#3388 = CARTESIAN_POINT('',(53.61881139,-86.28044363));
#3389 = ( GEOMETRIC_REPRESENTATION_CONTEXT(2) 
PARAMETRIC_REPRESENTATION_CONTEXT() REPRESENTATION_CONTEXT('2D SPACE',''
  ) );
#3390 = PCURVE('',#3391,#3396);
#3391 = CYLINDRICAL_SURFACE('',#3392,3.);
#3392 = AXIS2_PLACEMENT_3D('',#3393,#3394,#3395);
#3393 = CARTESIAN_POINT('',(-24.11881524,23.26000129,86.28044363));
#3394 = DIRECTION('',(-0.,1.,-0.));
#3395 = DIRECTION('',(1.,0.,-0.));
#3396 = DEFINITIONAL_REPRESENTATION('',(#3397),#3401);
#3397 = LINE('',#3398,#3399);
#3398 = CARTESIAN_POINT('',(0.,-10.));
#3399 = VECTOR('',#3400,1.);
#3400 = DIRECTION('',(1.,0.));
#3401 = ( GEOMETRIC_REPRESENTATION_CONTEXT(2) 
PARAMETRIC_REPRESENTATION_CONTEXT() REPRESENTATION_CONTEXT('2D SPACE',''
  ) );
#3402 = FACE_BOUND('',#3403,.F.);
#3403 = EDGE_LOOP('undefined shape id',(#3404,#3432,#3458,#3484));
#3404 = ORIENTED_EDGE('',*,*,#3405,.T.);
#3405 = EDGE_CURVE('42_Sub_6e98ed22591d55fdab83ff2deea1864d_Edge_193',
  #3406,#3408,#3410,.T.);
#3406 = VERTEX_POINT(
  '42_Sub_6e98ed22591d55fdab83ff2deea1864d_Vertex_126',#3407);
#3407 = CARTESIAN_POINT('',(-28.00000795,13.26000129,10.5390747));
#3408 = VERTEX_POINT(
  '42_Sub_6e98ed22591d55fdab83ff2deea1864d_Vertex_127',#3409);
#3409 = CARTESIAN_POINT('',(-28.00000795,13.26000129,18.2390747));
#3410 = SURFACE_CURVE('',#3411,(#3415,#3421),.PCURVE_S1.);
#3411 = LINE('',#3412,#3413);
#3412 = CARTESIAN_POINT('',(-28.00000795,13.26000129,9.11953735));
#3413 = VECTOR('',#3414,1.);
#3414 = DIRECTION('',(-0.,0.,1.));
#3415 = PCURVE('',#435,#3416);
#3416 = DEFINITIONAL_REPRESENTATION('',(#3417),#3420);
#3417 = B_SPLINE_CURVE_WITH_KNOTS('',1,(#3418,#3419),.UNSPECIFIED.,.F.,
  .F.,(2,2),(1.41953735,9.11953735),.PIECEWISE_BEZIER_KNOTS.);
#3418 = CARTESIAN_POINT('',(60.5000041,-10.5390747));
#3419 = CARTESIAN_POINT('',(60.5000041,-18.2390747));
#3420 = ( GEOMETRIC_REPRESENTATION_CONTEXT(2) 
PARAMETRIC_REPRESENTATION_CONTEXT() REPRESENTATION_CONTEXT('2D SPACE',''
  ) );
#3421 = PCURVE('',#3422,#3427);
#3422 = PLANE('',#3423);
#3423 = AXIS2_PLACEMENT_3D('',#3424,#3425,#3426);
#3424 = CARTESIAN_POINT('',(-28.00000795,23.26000129,18.2390747));
#3425 = DIRECTION('',(1.,0.,0.));
#3426 = DIRECTION('',(0.,0.,-1.));
#3427 = DEFINITIONAL_REPRESENTATION('',(#3428),#3431);
#3428 = B_SPLINE_CURVE_WITH_KNOTS('',1,(#3429,#3430),.UNSPECIFIED.,.F.,
  .F.,(2,2),(1.41953735,9.11953735),.PIECEWISE_BEZIER_KNOTS.);
#3429 = CARTESIAN_POINT('',(7.7,-10.));
#3430 = CARTESIAN_POINT('',(0.,-10.));
#3431 = ( GEOMETRIC_REPRESENTATION_CONTEXT(2) 
PARAMETRIC_REPRESENTATION_CONTEXT() REPRESENTATION_CONTEXT('2D SPACE',''
  ) );
#3432 = ORIENTED_EDGE('',*,*,#3433,.T.);
#3433 = EDGE_CURVE('42_Sub_6e98ed22591d55fdab83ff2deea1864d_Edge_196',
  #3408,#3434,#3436,.T.);
#3434 = VERTEX_POINT(
  '42_Sub_6e98ed22591d55fdab83ff2deea1864d_Vertex_129',#3435);
#3435 = CARTESIAN_POINT('',(-13.00000795,13.26000129,18.2390747));
#3436 = SURFACE_CURVE('',#3437,(#3441,#3447),.PCURVE_S1.);
#3437 = LINE('',#3438,#3439);
#3438 = CARTESIAN_POINT('',(9.7499941,13.26000129,18.2390747));
#3439 = VECTOR('',#3440,1.);
#3440 = DIRECTION('',(1.,0.,0.));
#3441 = PCURVE('',#435,#3442);
#3442 = DEFINITIONAL_REPRESENTATION('',(#3443),#3446);
#3443 = B_SPLINE_CURVE_WITH_KNOTS('',1,(#3444,#3445),.UNSPECIFIED.,.F.,
  .F.,(2,2),(-37.75000205,-22.75000205),.PIECEWISE_BEZIER_KNOTS.);
#3444 = CARTESIAN_POINT('',(60.5000041,-18.2390747));
#3445 = CARTESIAN_POINT('',(45.5000041,-18.2390747));
#3446 = ( GEOMETRIC_REPRESENTATION_CONTEXT(2) 
PARAMETRIC_REPRESENTATION_CONTEXT() REPRESENTATION_CONTEXT('2D SPACE',''
  ) );
#3447 = PCURVE('',#3448,#3453);
#3448 = PLANE('',#3449);
#3449 = AXIS2_PLACEMENT_3D('',#3450,#3451,#3452);
#3450 = CARTESIAN_POINT('',(-13.00000795,23.26000129,18.2390747));
#3451 = DIRECTION('',(0.,-0.,-1.));
#3452 = DIRECTION('',(-1.,-0.,0.));
#3453 = DEFINITIONAL_REPRESENTATION('',(#3454),#3457);
#3454 = B_SPLINE_CURVE_WITH_KNOTS('',1,(#3455,#3456),.UNSPECIFIED.,.F.,
  .F.,(2,2),(-37.75000205,-22.75000205),.PIECEWISE_BEZIER_KNOTS.);
#3455 = CARTESIAN_POINT('',(15.,-10.));
#3456 = CARTESIAN_POINT('',(0.,-10.));
#3457 = ( GEOMETRIC_REPRESENTATION_CONTEXT(2) 
PARAMETRIC_REPRESENTATION_CONTEXT() REPRESENTATION_CONTEXT('2D SPACE',''
  ) );
#3458 = ORIENTED_EDGE('',*,*,#3459,.F.);
#3459 = EDGE_CURVE('42_Sub_6e98ed22591d55fdab83ff2deea1864d_Edge_195',
  #3460,#3434,#3462,.T.);
#3460 = VERTEX_POINT(
  '42_Sub_6e98ed22591d55fdab83ff2deea1864d_Vertex_128',#3461);
#3461 = CARTESIAN_POINT('',(-13.00000795,13.26000129,10.5390747));
#3462 = SURFACE_CURVE('',#3463,(#3467,#3473),.PCURVE_S1.);
#3463 = LINE('',#3464,#3465);
#3464 = CARTESIAN_POINT('',(-13.00000795,13.26000129,9.11953735));
#3465 = VECTOR('',#3466,1.);
#3466 = DIRECTION('',(-0.,0.,1.));
#3467 = PCURVE('',#435,#3468);
#3468 = DEFINITIONAL_REPRESENTATION('',(#3469),#3472);
#3469 = B_SPLINE_CURVE_WITH_KNOTS('',1,(#3470,#3471),.UNSPECIFIED.,.F.,
  .F.,(2,2),(1.41953735,9.11953735),.PIECEWISE_BEZIER_KNOTS.);
#3470 = CARTESIAN_POINT('',(45.5000041,-10.5390747));
#3471 = CARTESIAN_POINT('',(45.5000041,-18.2390747));
#3472 = ( GEOMETRIC_REPRESENTATION_CONTEXT(2) 
PARAMETRIC_REPRESENTATION_CONTEXT() REPRESENTATION_CONTEXT('2D SPACE',''
  ) );
#3473 = PCURVE('',#3474,#3479);
#3474 = PLANE('',#3475);
#3475 = AXIS2_PLACEMENT_3D('',#3476,#3477,#3478);
#3476 = CARTESIAN_POINT('',(-13.00000795,23.26000129,18.2390747));
#3477 = DIRECTION('',(1.,0.,0.));
#3478 = DIRECTION('',(0.,0.,-1.));
#3479 = DEFINITIONAL_REPRESENTATION('',(#3480),#3483);
#3480 = B_SPLINE_CURVE_WITH_KNOTS('',1,(#3481,#3482),.UNSPECIFIED.,.F.,
  .F.,(2,2),(1.41953735,9.11953735),.PIECEWISE_BEZIER_KNOTS.);
#3481 = CARTESIAN_POINT('',(7.7,-10.));
#3482 = CARTESIAN_POINT('',(0.,-10.));
#3483 = ( GEOMETRIC_REPRESENTATION_CONTEXT(2) 
PARAMETRIC_REPRESENTATION_CONTEXT() REPRESENTATION_CONTEXT('2D SPACE',''
  ) );
#3484 = ORIENTED_EDGE('',*,*,#3485,.F.);
#3485 = EDGE_CURVE('42_Sub_6e98ed22591d55fdab83ff2deea1864d_Edge_194',
  #3406,#3460,#3486,.T.);
#3486 = SURFACE_CURVE('',#3487,(#3491,#3497),.PCURVE_S1.);
#3487 = LINE('',#3488,#3489);
#3488 = CARTESIAN_POINT('',(9.7499941,13.26000129,10.5390747));
#3489 = VECTOR('',#3490,1.);
#3490 = DIRECTION('',(1.,0.,0.));
#3491 = PCURVE('',#435,#3492);
#3492 = DEFINITIONAL_REPRESENTATION('',(#3493),#3496);
#3493 = B_SPLINE_CURVE_WITH_KNOTS('',1,(#3494,#3495),.UNSPECIFIED.,.F.,
  .F.,(2,2),(-37.75000205,-22.75000205),.PIECEWISE_BEZIER_KNOTS.);
#3494 = CARTESIAN_POINT('',(60.5000041,-10.5390747));
#3495 = CARTESIAN_POINT('',(45.5000041,-10.5390747));
#3496 = ( GEOMETRIC_REPRESENTATION_CONTEXT(2) 
PARAMETRIC_REPRESENTATION_CONTEXT() REPRESENTATION_CONTEXT('2D SPACE',''
  ) );
#3497 = PCURVE('',#3498,#3503);
#3498 = PLANE('',#3499);
#3499 = AXIS2_PLACEMENT_3D('',#3500,#3501,#3502);
#3500 = CARTESIAN_POINT('',(-13.00000795,23.26000129,10.5390747));
#3501 = DIRECTION('',(0.,-0.,-1.));
#3502 = DIRECTION('',(-1.,-0.,0.));
#3503 = DEFINITIONAL_REPRESENTATION('',(#3504),#3507);
#3504 = B_SPLINE_CURVE_WITH_KNOTS('',1,(#3505,#3506),.UNSPECIFIED.,.F.,
  .F.,(2,2),(-37.75000205,-22.75000205),.PIECEWISE_BEZIER_KNOTS.);
#3505 = CARTESIAN_POINT('',(15.,-10.));
#3506 = CARTESIAN_POINT('',(0.,-10.));
#3507 = ( GEOMETRIC_REPRESENTATION_CONTEXT(2) 
PARAMETRIC_REPRESENTATION_CONTEXT() REPRESENTATION_CONTEXT('2D SPACE',''
  ) );
#3508 = ADVANCED_FACE('1_region1_Face_369',(#3509),#464,.T.);
#3509 = FACE_BOUND('',#3510,.F.);
#3510 = EDGE_LOOP('undefined shape id',(#3511,#3512,#3513,#3534));
#3511 = ORIENTED_EDGE('',*,*,#3143,.T.);
#3512 = ORIENTED_EDGE('',*,*,#1901,.T.);
#3513 = ORIENTED_EDGE('',*,*,#3514,.F.);
#3514 = EDGE_CURVE('1_region1_Edge_22',#448,#1902,#3515,.T.);
#3515 = SURFACE_CURVE('',#3516,(#3520,#3527),.PCURVE_S1.);
#3516 = LINE('',#3517,#3518);
#3517 = CARTESIAN_POINT('',(-35.50000384,10.26000129,0.));
#3518 = VECTOR('',#3519,1.);
#3519 = DIRECTION('',(0.,0.,1.));
#3520 = PCURVE('',#464,#3521);
#3521 = DEFINITIONAL_REPRESENTATION('',(#3522),#3526);
#3522 = LINE('',#3523,#3524);
#3523 = CARTESIAN_POINT('',(-3.14159265359,0.));
#3524 = VECTOR('',#3525,1.);
#3525 = DIRECTION('',(-0.,-1.));
#3526 = ( GEOMETRIC_REPRESENTATION_CONTEXT(2) 
PARAMETRIC_REPRESENTATION_CONTEXT() REPRESENTATION_CONTEXT('2D SPACE',''
  ) );
#3527 = PCURVE('',#492,#3528);
#3528 = DEFINITIONAL_REPRESENTATION('',(#3529),#3533);
#3529 = LINE('',#3530,#3531);
#3530 = CARTESIAN_POINT('',(0.,0.));
#3531 = VECTOR('',#3532,1.);
#3532 = DIRECTION('',(0.,-1.));
#3533 = ( GEOMETRIC_REPRESENTATION_CONTEXT(2) 
PARAMETRIC_REPRESENTATION_CONTEXT() REPRESENTATION_CONTEXT('2D SPACE',''
  ) );
#3534 = ORIENTED_EDGE('',*,*,#447,.F.);
#3535 = ADVANCED_FACE('1_region1_Face_373',(#3536),#492,.F.);
#3536 = FACE_BOUND('',#3537,.F.);
#3537 = EDGE_LOOP('undefined shape id',(#3538,#3539,#3540,#3561));
#3538 = ORIENTED_EDGE('',*,*,#3514,.T.);
#3539 = ORIENTED_EDGE('',*,*,#1925,.T.);
#3540 = ORIENTED_EDGE('',*,*,#3541,.F.);
#3541 = EDGE_CURVE('1_region1_Edge_25',#477,#1926,#3542,.T.);
#3542 = SURFACE_CURVE('',#3543,(#3547,#3554),.PCURVE_S1.);
#3543 = LINE('',#3544,#3545);
#3544 = CARTESIAN_POINT('',(-35.50000384,0.11000129,0.));
#3545 = VECTOR('',#3546,1.);
#3546 = DIRECTION('',(0.,0.,1.));
#3547 = PCURVE('',#492,#3548);
#3548 = DEFINITIONAL_REPRESENTATION('',(#3549),#3553);
#3549 = LINE('',#3550,#3551);
#3550 = CARTESIAN_POINT('',(10.15,0.));
#3551 = VECTOR('',#3552,1.);
#3552 = DIRECTION('',(0.,-1.));
#3553 = ( GEOMETRIC_REPRESENTATION_CONTEXT(2) 
PARAMETRIC_REPRESENTATION_CONTEXT() REPRESENTATION_CONTEXT('2D SPACE',''
  ) );
#3554 = PCURVE('',#521,#3555);
#3555 = DEFINITIONAL_REPRESENTATION('',(#3556),#3560);
#3556 = LINE('',#3557,#3558);
#3557 = CARTESIAN_POINT('',(-3.14159265359,0.));
#3558 = VECTOR('',#3559,1.);
#3559 = DIRECTION('',(-0.,-1.));
#3560 = ( GEOMETRIC_REPRESENTATION_CONTEXT(2) 
PARAMETRIC_REPRESENTATION_CONTEXT() REPRESENTATION_CONTEXT('2D SPACE',''
  ) );
#3561 = ORIENTED_EDGE('',*,*,#476,.F.);
#3562 = ADVANCED_FACE('1_region1_Face_376',(#3563),#521,.T.);
#3563 = FACE_BOUND('',#3564,.F.);
#3564 = EDGE_LOOP('undefined shape id',(#3565,#3566,#3567,#3588));
#3565 = ORIENTED_EDGE('',*,*,#3541,.T.);
#3566 = ORIENTED_EDGE('',*,*,#1948,.T.);
#3567 = ORIENTED_EDGE('',*,*,#3568,.F.);
#3568 = EDGE_CURVE('1_region1_Edge_28',#505,#1949,#3569,.T.);
#3569 = SURFACE_CURVE('',#3570,(#3574,#3581),.PCURVE_S1.);
#3570 = LINE('',#3571,#3572);
#3571 = CARTESIAN_POINT('',(-35.40000384,1.000129E-02,0.));
#3572 = VECTOR('',#3573,1.);
#3573 = DIRECTION('',(0.,0.,1.));
#3574 = PCURVE('',#521,#3575);
#3575 = DEFINITIONAL_REPRESENTATION('',(#3576),#3580);
#3576 = LINE('',#3577,#3578);
#3577 = CARTESIAN_POINT('',(-4.712388980385,0.));
#3578 = VECTOR('',#3579,1.);
#3579 = DIRECTION('',(-0.,-1.));
#3580 = ( GEOMETRIC_REPRESENTATION_CONTEXT(2) 
PARAMETRIC_REPRESENTATION_CONTEXT() REPRESENTATION_CONTEXT('2D SPACE',''
  ) );
#3581 = PCURVE('',#549,#3582);
#3582 = DEFINITIONAL_REPRESENTATION('',(#3583),#3587);
#3583 = LINE('',#3584,#3585);
#3584 = CARTESIAN_POINT('',(0.,0.));
#3585 = VECTOR('',#3586,1.);
#3586 = DIRECTION('',(0.,-1.));
#3587 = ( GEOMETRIC_REPRESENTATION_CONTEXT(2) 
PARAMETRIC_REPRESENTATION_CONTEXT() REPRESENTATION_CONTEXT('2D SPACE',''
  ) );
#3588 = ORIENTED_EDGE('',*,*,#504,.F.);
#3589 = ADVANCED_FACE('1_region1_Face_380',(#3590),#549,.F.);
#3590 = FACE_BOUND('',#3591,.F.);
#3591 = EDGE_LOOP('undefined shape id',(#3592,#3593,#3594,#3615));
#3592 = ORIENTED_EDGE('',*,*,#3568,.T.);
#3593 = ORIENTED_EDGE('',*,*,#1972,.T.);
#3594 = ORIENTED_EDGE('',*,*,#3595,.F.);
#3595 = EDGE_CURVE('1_region1_Edge_31',#534,#1973,#3596,.T.);
#3596 = SURFACE_CURVE('',#3597,(#3601,#3608),.PCURVE_S1.);
#3597 = LINE('',#3598,#3599);
#3598 = CARTESIAN_POINT('',(-34.70000385,1.000129E-02,0.));
#3599 = VECTOR('',#3600,1.);
#3600 = DIRECTION('',(0.,0.,1.));
#3601 = PCURVE('',#549,#3602);
#3602 = DEFINITIONAL_REPRESENTATION('',(#3603),#3607);
#3603 = LINE('',#3604,#3605);
#3604 = CARTESIAN_POINT('',(0.69999999,0.));
#3605 = VECTOR('',#3606,1.);
#3606 = DIRECTION('',(0.,-1.));
#3607 = ( GEOMETRIC_REPRESENTATION_CONTEXT(2) 
PARAMETRIC_REPRESENTATION_CONTEXT() REPRESENTATION_CONTEXT('2D SPACE',''
  ) );
#3608 = PCURVE('',#577,#3609);
#3609 = DEFINITIONAL_REPRESENTATION('',(#3610),#3614);
#3610 = LINE('',#3611,#3612);
#3611 = CARTESIAN_POINT('',(0.,0.));
#3612 = VECTOR('',#3613,1.);
#3613 = DIRECTION('',(0.,-1.));
#3614 = ( GEOMETRIC_REPRESENTATION_CONTEXT(2) 
PARAMETRIC_REPRESENTATION_CONTEXT() REPRESENTATION_CONTEXT('2D SPACE',''
  ) );
#3615 = ORIENTED_EDGE('',*,*,#533,.F.);
#3616 = ADVANCED_FACE('1_region1_Face_192',(#3617),#577,.F.);
#3617 = FACE_BOUND('',#3618,.F.);
#3618 = EDGE_LOOP('undefined shape id',(#3619,#3620,#3621,#3642));
#3619 = ORIENTED_EDGE('',*,*,#3595,.T.);
#3620 = ORIENTED_EDGE('',*,*,#1995,.T.);
#3621 = ORIENTED_EDGE('',*,*,#3622,.F.);
#3622 = EDGE_CURVE('1_region1_Edge_34',#562,#1996,#3623,.T.);
#3623 = SURFACE_CURVE('',#3624,(#3628,#3635),.PCURVE_S1.);
#3624 = LINE('',#3625,#3626);
#3625 = CARTESIAN_POINT('',(-34.70000384,-0.48999871,0.));
#3626 = VECTOR('',#3627,1.);
#3627 = DIRECTION('',(0.,0.,1.));
#3628 = PCURVE('',#577,#3629);
#3629 = DEFINITIONAL_REPRESENTATION('',(#3630),#3634);
#3630 = LINE('',#3631,#3632);
#3631 = CARTESIAN_POINT('',(0.5,0.));
#3632 = VECTOR('',#3633,1.);
#3633 = DIRECTION('',(0.,-1.));
#3634 = ( GEOMETRIC_REPRESENTATION_CONTEXT(2) 
PARAMETRIC_REPRESENTATION_CONTEXT() REPRESENTATION_CONTEXT('2D SPACE',''
  ) );
#3635 = PCURVE('',#606,#3636);
#3636 = DEFINITIONAL_REPRESENTATION('',(#3637),#3641);
#3637 = LINE('',#3638,#3639);
#3638 = CARTESIAN_POINT('',(-3.14159265359,0.));
#3639 = VECTOR('',#3640,1.);
#3640 = DIRECTION('',(-0.,-1.));
#3641 = ( GEOMETRIC_REPRESENTATION_CONTEXT(2) 
PARAMETRIC_REPRESENTATION_CONTEXT() REPRESENTATION_CONTEXT('2D SPACE',''
  ) );
#3642 = ORIENTED_EDGE('',*,*,#561,.F.);
#3643 = ADVANCED_FACE('1_region1_Face_195',(#3644),#606,.T.);
#3644 = FACE_BOUND('',#3645,.F.);
#3645 = EDGE_LOOP('undefined shape id',(#3646,#3647,#3648,#3669));
#3646 = ORIENTED_EDGE('',*,*,#3622,.T.);
#3647 = ORIENTED_EDGE('',*,*,#2018,.T.);
#3648 = ORIENTED_EDGE('',*,*,#3649,.F.);
#3649 = EDGE_CURVE('1_region1_Edge_37',#590,#2019,#3650,.T.);
#3650 = SURFACE_CURVE('',#3651,(#3655,#3662),.PCURVE_S1.);
#3651 = LINE('',#3652,#3653);
#3652 = CARTESIAN_POINT('',(-34.00000384,-0.48999871,0.));
#3653 = VECTOR('',#3654,1.);
#3654 = DIRECTION('',(0.,0.,1.));
#3655 = PCURVE('',#606,#3656);
#3656 = DEFINITIONAL_REPRESENTATION('',(#3657),#3661);
#3657 = LINE('',#3658,#3659);
#3658 = CARTESIAN_POINT('',(-6.28318530718,0.));
#3659 = VECTOR('',#3660,1.);
#3660 = DIRECTION('',(-0.,-1.));
#3661 = ( GEOMETRIC_REPRESENTATION_CONTEXT(2) 
PARAMETRIC_REPRESENTATION_CONTEXT() REPRESENTATION_CONTEXT('2D SPACE',''
  ) );
#3662 = PCURVE('',#634,#3663);
#3663 = DEFINITIONAL_REPRESENTATION('',(#3664),#3668);
#3664 = LINE('',#3665,#3666);
#3665 = CARTESIAN_POINT('',(-5.551115123126E-17,-0.));
#3666 = VECTOR('',#3667,1.);
#3667 = DIRECTION('',(0.,-1.));
#3668 = ( GEOMETRIC_REPRESENTATION_CONTEXT(2) 
PARAMETRIC_REPRESENTATION_CONTEXT() REPRESENTATION_CONTEXT('2D SPACE',''
  ) );
#3669 = ORIENTED_EDGE('',*,*,#589,.F.);
#3670 = ADVANCED_FACE('1_region1_Face_199',(#3671),#634,.F.);
#3671 = FACE_BOUND('',#3672,.F.);
#3672 = EDGE_LOOP('undefined shape id',(#3673,#3674,#3675,#3696));
#3673 = ORIENTED_EDGE('',*,*,#3649,.T.);
#3674 = ORIENTED_EDGE('',*,*,#2042,.T.);
#3675 = ORIENTED_EDGE('',*,*,#3676,.F.);
#3676 = EDGE_CURVE('1_region1_Edge_40',#619,#2043,#3677,.T.);
#3677 = SURFACE_CURVE('',#3678,(#3682,#3689),.PCURVE_S1.);
#3678 = LINE('',#3679,#3680);
#3679 = CARTESIAN_POINT('',(-34.00000385,4.91000129,0.));
#3680 = VECTOR('',#3681,1.);
#3681 = DIRECTION('',(0.,0.,1.));
#3682 = PCURVE('',#634,#3683);
#3683 = DEFINITIONAL_REPRESENTATION('',(#3684),#3688);
#3684 = LINE('',#3685,#3686);
#3685 = CARTESIAN_POINT('',(5.4,0.));
#3686 = VECTOR('',#3687,1.);
#3687 = DIRECTION('',(0.,-1.));
#3688 = ( GEOMETRIC_REPRESENTATION_CONTEXT(2) 
PARAMETRIC_REPRESENTATION_CONTEXT() REPRESENTATION_CONTEXT('2D SPACE',''
  ) );
#3689 = PCURVE('',#663,#3690);
#3690 = DEFINITIONAL_REPRESENTATION('',(#3691),#3695);
#3691 = LINE('',#3692,#3693);
#3692 = CARTESIAN_POINT('',(-3.14159265359,0.));
#3693 = VECTOR('',#3694,1.);
#3694 = DIRECTION('',(-0.,-1.));
#3695 = ( GEOMETRIC_REPRESENTATION_CONTEXT(2) 
PARAMETRIC_REPRESENTATION_CONTEXT() REPRESENTATION_CONTEXT('2D SPACE',''
  ) );
#3696 = ORIENTED_EDGE('',*,*,#618,.F.);
#3697 = ADVANCED_FACE('1_region1_Face_202',(#3698),#663,.F.);
#3698 = FACE_BOUND('',#3699,.T.);
#3699 = EDGE_LOOP('undefined shape id',(#3700,#3721,#3722,#3723));
#3700 = ORIENTED_EDGE('',*,*,#3701,.T.);
#3701 = EDGE_CURVE('1_region1_Edge_43',#647,#2066,#3702,.T.);
#3702 = SURFACE_CURVE('',#3703,(#3707,#3714),.PCURVE_S1.);
#3703 = LINE('',#3704,#3705);
#3704 = CARTESIAN_POINT('',(-33.80000384,5.11000129,0.));
#3705 = VECTOR('',#3706,1.);
#3706 = DIRECTION('',(0.,0.,1.));
#3707 = PCURVE('',#663,#3708);
#3708 = DEFINITIONAL_REPRESENTATION('',(#3709),#3713);
#3709 = LINE('',#3710,#3711);
#3710 = CARTESIAN_POINT('',(-1.570796276878,0.));
#3711 = VECTOR('',#3712,1.);
#3712 = DIRECTION('',(-0.,-1.));
#3713 = ( GEOMETRIC_REPRESENTATION_CONTEXT(2) 
PARAMETRIC_REPRESENTATION_CONTEXT() REPRESENTATION_CONTEXT('2D SPACE',''
  ) );
#3714 = PCURVE('',#691,#3715);
#3715 = DEFINITIONAL_REPRESENTATION('',(#3716),#3720);
#3716 = LINE('',#3717,#3718);
#3717 = CARTESIAN_POINT('',(-8.355982572539E-12,0.));
#3718 = VECTOR('',#3719,1.);
#3719 = DIRECTION('',(0.,-1.));
#3720 = ( GEOMETRIC_REPRESENTATION_CONTEXT(2) 
PARAMETRIC_REPRESENTATION_CONTEXT() REPRESENTATION_CONTEXT('2D SPACE',''
  ) );
#3721 = ORIENTED_EDGE('',*,*,#2065,.T.);
#3722 = ORIENTED_EDGE('',*,*,#3676,.F.);
#3723 = ORIENTED_EDGE('',*,*,#646,.F.);
#3724 = ADVANCED_FACE('1_region1_Face_206',(#3725),#691,.F.);
#3725 = FACE_BOUND('',#3726,.F.);
#3726 = EDGE_LOOP('undefined shape id',(#3727,#3728,#3729,#3750));
#3727 = ORIENTED_EDGE('',*,*,#3701,.T.);
#3728 = ORIENTED_EDGE('',*,*,#2089,.T.);
#3729 = ORIENTED_EDGE('',*,*,#3730,.F.);
#3730 = EDGE_CURVE('1_region1_Edge_46',#676,#2090,#3731,.T.);
#3731 = SURFACE_CURVE('',#3732,(#3736,#3743),.PCURVE_S1.);
#3732 = LINE('',#3733,#3734);
#3733 = CARTESIAN_POINT('',(-32.00000384,5.11000129,0.));
#3734 = VECTOR('',#3735,1.);
#3735 = DIRECTION('',(0.,0.,1.));
#3736 = PCURVE('',#691,#3737);
#3737 = DEFINITIONAL_REPRESENTATION('',(#3738),#3742);
#3738 = LINE('',#3739,#3740);
#3739 = CARTESIAN_POINT('',(1.8,0.));
#3740 = VECTOR('',#3741,1.);
#3741 = DIRECTION('',(0.,-1.));
#3742 = ( GEOMETRIC_REPRESENTATION_CONTEXT(2) 
PARAMETRIC_REPRESENTATION_CONTEXT() REPRESENTATION_CONTEXT('2D SPACE',''
  ) );
#3743 = PCURVE('',#720,#3744);
#3744 = DEFINITIONAL_REPRESENTATION('',(#3745),#3749);
#3745 = LINE('',#3746,#3747);
#3746 = CARTESIAN_POINT('',(-4.712388980385,0.));
#3747 = VECTOR('',#3748,1.);
#3748 = DIRECTION('',(-0.,-1.));
#3749 = ( GEOMETRIC_REPRESENTATION_CONTEXT(2) 
PARAMETRIC_REPRESENTATION_CONTEXT() REPRESENTATION_CONTEXT('2D SPACE',''
  ) );
#3750 = ORIENTED_EDGE('',*,*,#675,.F.);
#3751 = ADVANCED_FACE('1_region1_Face_209',(#3752),#720,.T.);
#3752 = FACE_BOUND('',#3753,.F.);
#3753 = EDGE_LOOP('undefined shape id',(#3754,#3755,#3756,#3777));
#3754 = ORIENTED_EDGE('',*,*,#3730,.T.);
#3755 = ORIENTED_EDGE('',*,*,#2112,.T.);
#3756 = ORIENTED_EDGE('',*,*,#3757,.F.);
#3757 = EDGE_CURVE('1_region1_Edge_49',#704,#2113,#3758,.T.);
#3758 = SURFACE_CURVE('',#3759,(#3763,#3770),.PCURVE_S1.);
#3759 = LINE('',#3760,#3761);
#3760 = CARTESIAN_POINT('',(-31.80000384,5.31000129,0.));
#3761 = VECTOR('',#3762,1.);
#3762 = DIRECTION('',(0.,0.,1.));
#3763 = PCURVE('',#720,#3764);
#3764 = DEFINITIONAL_REPRESENTATION('',(#3765),#3769);
#3765 = LINE('',#3766,#3767);
#3766 = CARTESIAN_POINT('',(-6.28318530718,0.));
#3767 = VECTOR('',#3768,1.);
#3768 = DIRECTION('',(-0.,-1.));
#3769 = ( GEOMETRIC_REPRESENTATION_CONTEXT(2) 
PARAMETRIC_REPRESENTATION_CONTEXT() REPRESENTATION_CONTEXT('2D SPACE',''
  ) );
#3770 = PCURVE('',#748,#3771);
#3771 = DEFINITIONAL_REPRESENTATION('',(#3772),#3776);
#3772 = LINE('',#3773,#3774);
#3773 = CARTESIAN_POINT('',(0.,0.));
#3774 = VECTOR('',#3775,1.);
#3775 = DIRECTION('',(0.,-1.));
#3776 = ( GEOMETRIC_REPRESENTATION_CONTEXT(2) 
PARAMETRIC_REPRESENTATION_CONTEXT() REPRESENTATION_CONTEXT('2D SPACE',''
  ) );
#3777 = ORIENTED_EDGE('',*,*,#703,.F.);
#3778 = ADVANCED_FACE('1_region1_Face_213',(#3779),#748,.F.);
#3779 = FACE_BOUND('',#3780,.F.);
#3780 = EDGE_LOOP('undefined shape id',(#3781,#3782,#3783,#3804));
#3781 = ORIENTED_EDGE('',*,*,#3757,.T.);
#3782 = ORIENTED_EDGE('',*,*,#2136,.T.);
#3783 = ORIENTED_EDGE('',*,*,#3784,.F.);
#3784 = EDGE_CURVE('1_region1_Edge_52',#733,#2137,#3785,.T.);
#3785 = SURFACE_CURVE('',#3786,(#3790,#3797),.PCURVE_S1.);
#3786 = LINE('',#3787,#3788);
#3787 = CARTESIAN_POINT('',(-31.80000384,6.06000129,0.));
#3788 = VECTOR('',#3789,1.);
#3789 = DIRECTION('',(0.,0.,1.));
#3790 = PCURVE('',#748,#3791);
#3791 = DEFINITIONAL_REPRESENTATION('',(#3792),#3796);
#3792 = LINE('',#3793,#3794);
#3793 = CARTESIAN_POINT('',(0.75,0.));
#3794 = VECTOR('',#3795,1.);
#3795 = DIRECTION('',(0.,-1.));
#3796 = ( GEOMETRIC_REPRESENTATION_CONTEXT(2) 
PARAMETRIC_REPRESENTATION_CONTEXT() REPRESENTATION_CONTEXT('2D SPACE',''
  ) );
#3797 = PCURVE('',#777,#3798);
#3798 = DEFINITIONAL_REPRESENTATION('',(#3799),#3803);
#3799 = LINE('',#3800,#3801);
#3800 = CARTESIAN_POINT('',(-0.,0.));
#3801 = VECTOR('',#3802,1.);
#3802 = DIRECTION('',(-0.,-1.));
#3803 = ( GEOMETRIC_REPRESENTATION_CONTEXT(2) 
PARAMETRIC_REPRESENTATION_CONTEXT() REPRESENTATION_CONTEXT('2D SPACE',''
  ) );
#3804 = ORIENTED_EDGE('',*,*,#732,.F.);
#3805 = ADVANCED_FACE('1_region1_Face_216',(#3806),#777,.T.);
#3806 = FACE_BOUND('',#3807,.F.);
#3807 = EDGE_LOOP('undefined shape id',(#3808,#3809,#3810,#3831));
#3808 = ORIENTED_EDGE('',*,*,#3784,.T.);
#3809 = ORIENTED_EDGE('',*,*,#2159,.T.);
#3810 = ORIENTED_EDGE('',*,*,#3811,.F.);
#3811 = EDGE_CURVE('1_region1_Edge_55',#761,#2160,#3812,.T.);
#3812 = SURFACE_CURVE('',#3813,(#3817,#3824),.PCURVE_S1.);
#3813 = LINE('',#3814,#3815);
#3814 = CARTESIAN_POINT('',(-32.00000384999,6.26000129,0.));
#3815 = VECTOR('',#3816,1.);
#3816 = DIRECTION('',(0.,0.,1.));
#3817 = PCURVE('',#777,#3818);
#3818 = DEFINITIONAL_REPRESENTATION('',(#3819),#3823);
#3819 = LINE('',#3820,#3821);
#3820 = CARTESIAN_POINT('',(-1.570796376711,0.));
#3821 = VECTOR('',#3822,1.);
#3822 = DIRECTION('',(-0.,-1.));
#3823 = ( GEOMETRIC_REPRESENTATION_CONTEXT(2) 
PARAMETRIC_REPRESENTATION_CONTEXT() REPRESENTATION_CONTEXT('2D SPACE',''
  ) );
#3824 = PCURVE('',#805,#3825);
#3825 = DEFINITIONAL_REPRESENTATION('',(#3826),#3830);
#3826 = LINE('',#3827,#3828);
#3827 = CARTESIAN_POINT('',(-8.355982572539E-12,-0.));
#3828 = VECTOR('',#3829,1.);
#3829 = DIRECTION('',(0.,-1.));
#3830 = ( GEOMETRIC_REPRESENTATION_CONTEXT(2) 
PARAMETRIC_REPRESENTATION_CONTEXT() REPRESENTATION_CONTEXT('2D SPACE',''
  ) );
#3831 = ORIENTED_EDGE('',*,*,#760,.F.);
#3832 = ADVANCED_FACE('1_region1_Face_220',(#3833),#805,.F.);
#3833 = FACE_BOUND('',#3834,.F.);
#3834 = EDGE_LOOP('undefined shape id',(#3835,#3836,#3837,#3858));
#3835 = ORIENTED_EDGE('',*,*,#3811,.T.);
#3836 = ORIENTED_EDGE('',*,*,#2183,.T.);
#3837 = ORIENTED_EDGE('',*,*,#3838,.F.);
#3838 = EDGE_CURVE('1_region1_Edge_58',#790,#2184,#3839,.T.);
#3839 = SURFACE_CURVE('',#3840,(#3844,#3851),.PCURVE_S1.);
#3840 = LINE('',#3841,#3842);
#3841 = CARTESIAN_POINT('',(-34.00000384,6.26000129,0.));
#3842 = VECTOR('',#3843,1.);
#3843 = DIRECTION('',(0.,0.,1.));
#3844 = PCURVE('',#805,#3845);
#3845 = DEFINITIONAL_REPRESENTATION('',(#3846),#3850);
#3846 = LINE('',#3847,#3848);
#3847 = CARTESIAN_POINT('',(1.99999999,0.));
#3848 = VECTOR('',#3849,1.);
#3849 = DIRECTION('',(0.,-1.));
#3850 = ( GEOMETRIC_REPRESENTATION_CONTEXT(2) 
PARAMETRIC_REPRESENTATION_CONTEXT() REPRESENTATION_CONTEXT('2D SPACE',''
  ) );
#3851 = PCURVE('',#833,#3852);
#3852 = DEFINITIONAL_REPRESENTATION('',(#3853),#3857);
#3853 = LINE('',#3854,#3855);
#3854 = CARTESIAN_POINT('',(0.,0.));
#3855 = VECTOR('',#3856,1.);
#3856 = DIRECTION('',(0.,-1.));
#3857 = ( GEOMETRIC_REPRESENTATION_CONTEXT(2) 
PARAMETRIC_REPRESENTATION_CONTEXT() REPRESENTATION_CONTEXT('2D SPACE',''
  ) );
#3858 = ORIENTED_EDGE('',*,*,#789,.F.);
#3859 = ADVANCED_FACE('1_region1_Face_223',(#3860),#833,.F.);
#3860 = FACE_BOUND('',#3861,.F.);
#3861 = EDGE_LOOP('undefined shape id',(#3862,#3863,#3864,#3885));
#3862 = ORIENTED_EDGE('',*,*,#3838,.T.);
#3863 = ORIENTED_EDGE('',*,*,#2206,.T.);
#3864 = ORIENTED_EDGE('',*,*,#3865,.F.);
#3865 = EDGE_CURVE('1_region1_Edge_61',#818,#2207,#3866,.T.);
#3866 = SURFACE_CURVE('',#3867,(#3871,#3878),.PCURVE_S1.);
#3867 = LINE('',#3868,#3869);
#3868 = CARTESIAN_POINT('',(-34.00000384,8.11000129,0.));
#3869 = VECTOR('',#3870,1.);
#3870 = DIRECTION('',(0.,0.,1.));
#3871 = PCURVE('',#833,#3872);
#3872 = DEFINITIONAL_REPRESENTATION('',(#3873),#3877);
#3873 = LINE('',#3874,#3875);
#3874 = CARTESIAN_POINT('',(1.85,0.));
#3875 = VECTOR('',#3876,1.);
#3876 = DIRECTION('',(0.,-1.));
#3877 = ( GEOMETRIC_REPRESENTATION_CONTEXT(2) 
PARAMETRIC_REPRESENTATION_CONTEXT() REPRESENTATION_CONTEXT('2D SPACE',''
  ) );
#3878 = PCURVE('',#861,#3879);
#3879 = DEFINITIONAL_REPRESENTATION('',(#3880),#3884);
#3880 = LINE('',#3881,#3882);
#3881 = CARTESIAN_POINT('',(0.,0.));
#3882 = VECTOR('',#3883,1.);
#3883 = DIRECTION('',(0.,-1.));
#3884 = ( GEOMETRIC_REPRESENTATION_CONTEXT(2) 
PARAMETRIC_REPRESENTATION_CONTEXT() REPRESENTATION_CONTEXT('2D SPACE',''
  ) );
#3885 = ORIENTED_EDGE('',*,*,#817,.F.);
#3886 = ADVANCED_FACE('1_region1_Face_226',(#3887),#861,.F.);
#3887 = FACE_BOUND('',#3888,.F.);
#3888 = EDGE_LOOP('undefined shape id',(#3889,#3890,#3891,#3912));
#3889 = ORIENTED_EDGE('',*,*,#3865,.T.);
#3890 = ORIENTED_EDGE('',*,*,#2229,.T.);
#3891 = ORIENTED_EDGE('',*,*,#3892,.F.);
#3892 = EDGE_CURVE('1_region1_Edge_64',#846,#2230,#3893,.T.);
#3893 = SURFACE_CURVE('',#3894,(#3898,#3905),.PCURVE_S1.);
#3894 = LINE('',#3895,#3896);
#3895 = CARTESIAN_POINT('',(-32.00309744,8.11000129,0.));
#3896 = VECTOR('',#3897,1.);
#3897 = DIRECTION('',(0.,0.,1.));
#3898 = PCURVE('',#861,#3899);
#3899 = DEFINITIONAL_REPRESENTATION('',(#3900),#3904);
#3900 = LINE('',#3901,#3902);
#3901 = CARTESIAN_POINT('',(1.9969064,0.));
#3902 = VECTOR('',#3903,1.);
#3903 = DIRECTION('',(0.,-1.));
#3904 = ( GEOMETRIC_REPRESENTATION_CONTEXT(2) 
PARAMETRIC_REPRESENTATION_CONTEXT() REPRESENTATION_CONTEXT('2D SPACE',''
  ) );
#3905 = PCURVE('',#890,#3906);
#3906 = DEFINITIONAL_REPRESENTATION('',(#3907),#3911);
#3907 = LINE('',#3908,#3909);
#3908 = CARTESIAN_POINT('',(-4.712388969856,0.));
#3909 = VECTOR('',#3910,1.);
#3910 = DIRECTION('',(-0.,-1.));
#3911 = ( GEOMETRIC_REPRESENTATION_CONTEXT(2) 
PARAMETRIC_REPRESENTATION_CONTEXT() REPRESENTATION_CONTEXT('2D SPACE',''
  ) );
#3912 = ORIENTED_EDGE('',*,*,#845,.F.);
#3913 = ADVANCED_FACE('1_region1_Face_229',(#3914),#890,.T.);
#3914 = FACE_BOUND('',#3915,.F.);
#3915 = EDGE_LOOP('undefined shape id',(#3916,#3917,#3918,#3939));
#3916 = ORIENTED_EDGE('',*,*,#3892,.T.);
#3917 = ORIENTED_EDGE('',*,*,#2252,.T.);
#3918 = ORIENTED_EDGE('',*,*,#3919,.F.);
#3919 = EDGE_CURVE('1_region1_Edge_67',#874,#2253,#3920,.T.);
#3920 = SURFACE_CURVE('',#3921,(#3925,#3932),.PCURVE_S1.);
#3921 = LINE('',#3922,#3923);
#3922 = CARTESIAN_POINT('',(-31.81515892,8.37840532,0.));
#3923 = VECTOR('',#3924,1.);
#3924 = DIRECTION('',(0.,0.,1.));
#3925 = PCURVE('',#890,#3926);
#3926 = DEFINITIONAL_REPRESENTATION('',(#3927),#3931);
#3927 = LINE('',#3928,#3929);
#3928 = CARTESIAN_POINT('',(-6.632251193567,0.));
#3929 = VECTOR('',#3930,1.);
#3930 = DIRECTION('',(-0.,-1.));
#3931 = ( GEOMETRIC_REPRESENTATION_CONTEXT(2) 
PARAMETRIC_REPRESENTATION_CONTEXT() REPRESENTATION_CONTEXT('2D SPACE',''
  ) );
#3932 = PCURVE('',#918,#3933);
#3933 = DEFINITIONAL_REPRESENTATION('',(#3934),#3938);
#3934 = LINE('',#3935,#3936);
#3935 = CARTESIAN_POINT('',(0.,0.));
#3936 = VECTOR('',#3937,1.);
#3937 = DIRECTION('',(0.,-1.));
#3938 = ( GEOMETRIC_REPRESENTATION_CONTEXT(2) 
PARAMETRIC_REPRESENTATION_CONTEXT() REPRESENTATION_CONTEXT('2D SPACE',''
  ) );
#3939 = ORIENTED_EDGE('',*,*,#873,.F.);
#3940 = ADVANCED_FACE('1_region1_Face_233',(#3941),#918,.F.);
#3941 = FACE_BOUND('',#3942,.F.);
#3942 = EDGE_LOOP('undefined shape id',(#3943,#3944,#3945,#3966));
#3943 = ORIENTED_EDGE('',*,*,#3919,.T.);
#3944 = ORIENTED_EDGE('',*,*,#2276,.T.);
#3945 = ORIENTED_EDGE('',*,*,#3946,.F.);
#3946 = EDGE_CURVE('1_region1_Edge_70',#903,#2277,#3947,.T.);
#3947 = SURFACE_CURVE('',#3948,(#3952,#3959),.PCURVE_S1.);
#3948 = LINE('',#3949,#3950);
#3949 = CARTESIAN_POINT('',(-32.07798646236,9.10051806912,0.));
#3950 = VECTOR('',#3951,1.);
#3951 = DIRECTION('',(0.,0.,1.));
#3952 = PCURVE('',#918,#3953);
#3953 = DEFINITIONAL_REPRESENTATION('',(#3954),#3958);
#3954 = LINE('',#3955,#3956);
#3955 = CARTESIAN_POINT('',(0.768456335434,0.));
#3956 = VECTOR('',#3957,1.);
#3957 = DIRECTION('',(0.,-1.));
#3958 = ( GEOMETRIC_REPRESENTATION_CONTEXT(2) 
PARAMETRIC_REPRESENTATION_CONTEXT() REPRESENTATION_CONTEXT('2D SPACE',''
  ) );
#3959 = PCURVE('',#947,#3960);
#3960 = DEFINITIONAL_REPRESENTATION('',(#3961),#3965);
#3961 = LINE('',#3962,#3963);
#3962 = CARTESIAN_POINT('',(-0.349065772101,0.));
#3963 = VECTOR('',#3964,1.);
#3964 = DIRECTION('',(-0.,-1.));
#3965 = ( GEOMETRIC_REPRESENTATION_CONTEXT(2) 
PARAMETRIC_REPRESENTATION_CONTEXT() REPRESENTATION_CONTEXT('2D SPACE',''
  ) );
#3966 = ORIENTED_EDGE('',*,*,#902,.F.);
#3967 = ADVANCED_FACE('1_region1_Face_236',(#3968),#947,.T.);
#3968 = FACE_BOUND('',#3969,.F.);
#3969 = EDGE_LOOP('undefined shape id',(#3970,#3971,#3972,#3993));
#3970 = ORIENTED_EDGE('',*,*,#3946,.T.);
#3971 = ORIENTED_EDGE('',*,*,#2299,.T.);
#3972 = ORIENTED_EDGE('',*,*,#3973,.F.);
#3973 = EDGE_CURVE('1_region1_Edge_73',#931,#2300,#3974,.T.);
#3974 = SURFACE_CURVE('',#3975,(#3979,#3986),.PCURVE_S1.);
#3975 = LINE('',#3976,#3977);
#3976 = CARTESIAN_POINT('',(-32.30337761032,9.228576001477,0.));
#3977 = VECTOR('',#3978,1.);
#3978 = DIRECTION('',(0.,0.,1.));
#3979 = PCURVE('',#947,#3980);
#3980 = DEFINITIONAL_REPRESENTATION('',(#3981),#3985);
#3981 = LINE('',#3982,#3983);
#3982 = CARTESIAN_POINT('',(-1.759171619022,0.));
#3983 = VECTOR('',#3984,1.);
#3984 = DIRECTION('',(-0.,-1.));
#3985 = ( GEOMETRIC_REPRESENTATION_CONTEXT(2) 
PARAMETRIC_REPRESENTATION_CONTEXT() REPRESENTATION_CONTEXT('2D SPACE',''
  ) );
#3986 = PCURVE('',#976,#3987);
#3987 = DEFINITIONAL_REPRESENTATION('',(#3988),#3992);
#3988 = LINE('',#3989,#3990);
#3989 = CARTESIAN_POINT('',(-11.1839494823,0.));
#3990 = VECTOR('',#3991,1.);
#3991 = DIRECTION('',(-0.,-1.));
#3992 = ( GEOMETRIC_REPRESENTATION_CONTEXT(2) 
PARAMETRIC_REPRESENTATION_CONTEXT() REPRESENTATION_CONTEXT('2D SPACE',''
  ) );
#3993 = ORIENTED_EDGE('',*,*,#930,.F.);
#3994 = ADVANCED_FACE('1_region1_Face_240',(#3995),#976,.F.);
#3995 = FACE_BOUND('',#3996,.T.);
#3996 = EDGE_LOOP('undefined shape id',(#3997,#4018,#4019,#4020));
#3997 = ORIENTED_EDGE('',*,*,#3998,.T.);
#3998 = EDGE_CURVE('1_region1_Edge_76',#960,#2324,#3999,.T.);
#3999 = SURFACE_CURVE('',#4000,(#4004,#4011),.PCURVE_S1.);
#4000 = LINE('',#4001,#4002);
#4001 = CARTESIAN_POINT('',(-31.4501044394,10.245467369989,0.));
#4002 = VECTOR('',#4003,1.);
#4003 = DIRECTION('',(0.,0.,1.));
#4004 = PCURVE('',#976,#4005);
#4005 = DEFINITIONAL_REPRESENTATION('',(#4006),#4010);
#4006 = LINE('',#4007,#4008);
#4007 = CARTESIAN_POINT('',(-6.269343039186,0.));
#4008 = VECTOR('',#4009,1.);
#4009 = DIRECTION('',(-0.,-1.));
#4010 = ( GEOMETRIC_REPRESENTATION_CONTEXT(2) 
PARAMETRIC_REPRESENTATION_CONTEXT() REPRESENTATION_CONTEXT('2D SPACE',''
  ) );
#4011 = PCURVE('',#1005,#4012);
#4012 = DEFINITIONAL_REPRESENTATION('',(#4013),#4017);
#4013 = LINE('',#4014,#4015);
#4014 = CARTESIAN_POINT('',(-3.127750355601,0.));
#4015 = VECTOR('',#4016,1.);
#4016 = DIRECTION('',(-0.,-1.));
#4017 = ( GEOMETRIC_REPRESENTATION_CONTEXT(2) 
PARAMETRIC_REPRESENTATION_CONTEXT() REPRESENTATION_CONTEXT('2D SPACE',''
  ) );
#4018 = ORIENTED_EDGE('',*,*,#2323,.T.);
#4019 = ORIENTED_EDGE('',*,*,#3973,.F.);
#4020 = ORIENTED_EDGE('',*,*,#959,.F.);
#4021 = ADVANCED_FACE('1_region1_Face_244',(#4022),#1005,.T.);
#4022 = FACE_BOUND('',#4023,.F.);
#4023 = EDGE_LOOP('undefined shape id',(#4024,#4025,#4026,#4047));
#4024 = ORIENTED_EDGE('',*,*,#3998,.T.);
#4025 = ORIENTED_EDGE('',*,*,#2347,.T.);
#4026 = ORIENTED_EDGE('',*,*,#4027,.F.);
#4027 = EDGE_CURVE('1_region1_Edge_79',#989,#2348,#4028,.T.);
#4028 = SURFACE_CURVE('',#4029,(#4033,#4040),.PCURVE_S1.);
#4029 = LINE('',#4030,#4031);
#4030 = CARTESIAN_POINT('',(-31.28485323,10.04573745,0.));
#4031 = VECTOR('',#4032,1.);
#4032 = DIRECTION('',(0.,0.,1.));
#4033 = PCURVE('',#1005,#4034);
#4034 = DEFINITIONAL_REPRESENTATION('',(#4035),#4039);
#4035 = LINE('',#4036,#4037);
#4036 = CARTESIAN_POINT('',(-4.537856097036,0.));
#4037 = VECTOR('',#4038,1.);
#4038 = DIRECTION('',(-0.,-1.));
#4039 = ( GEOMETRIC_REPRESENTATION_CONTEXT(2) 
PARAMETRIC_REPRESENTATION_CONTEXT() REPRESENTATION_CONTEXT('2D SPACE',''
  ) );
#4040 = PCURVE('',#1033,#4041);
#4041 = DEFINITIONAL_REPRESENTATION('',(#4042),#4046);
#4042 = LINE('',#4043,#4044);
#4043 = CARTESIAN_POINT('',(0.,0.));
#4044 = VECTOR('',#4045,1.);
#4045 = DIRECTION('',(0.,-1.));
#4046 = ( GEOMETRIC_REPRESENTATION_CONTEXT(2) 
PARAMETRIC_REPRESENTATION_CONTEXT() REPRESENTATION_CONTEXT('2D SPACE',''
  ) );
#4047 = ORIENTED_EDGE('',*,*,#988,.F.);
#4048 = ADVANCED_FACE('1_region1_Face_248',(#4049),#1033,.F.);
#4049 = FACE_BOUND('',#4050,.F.);
#4050 = EDGE_LOOP('undefined shape id',(#4051,#4052,#4053,#4074));
#4051 = ORIENTED_EDGE('',*,*,#4027,.T.);
#4052 = ORIENTED_EDGE('',*,*,#2371,.T.);
#4053 = ORIENTED_EDGE('',*,*,#4054,.F.);
#4054 = EDGE_CURVE('1_region1_Edge_82',#1018,#2372,#4055,.T.);
#4055 = SURFACE_CURVE('',#4056,(#4060,#4067),.PCURVE_S1.);
#4056 = LINE('',#4057,#4058);
#4057 = CARTESIAN_POINT('',(-30.58473347996,9.922287450179,0.));
#4058 = VECTOR('',#4059,1.);
#4059 = DIRECTION('',(0.,0.,1.));
#4060 = PCURVE('',#1033,#4061);
#4061 = DEFINITIONAL_REPRESENTATION('',(#4062),#4066);
#4062 = LINE('',#4063,#4064);
#4063 = CARTESIAN_POINT('',(0.71092022537,0.));
#4064 = VECTOR('',#4065,1.);
#4065 = DIRECTION('',(0.,-1.));
#4066 = ( GEOMETRIC_REPRESENTATION_CONTEXT(2) 
PARAMETRIC_REPRESENTATION_CONTEXT() REPRESENTATION_CONTEXT('2D SPACE',''
  ) );
#4067 = PCURVE('',#1062,#4068);
#4068 = DEFINITIONAL_REPRESENTATION('',(#4069),#4073);
#4069 = LINE('',#4070,#4071);
#4070 = CARTESIAN_POINT('',(-4.537856032671,0.));
#4071 = VECTOR('',#4072,1.);
#4072 = DIRECTION('',(-0.,-1.));
#4073 = ( GEOMETRIC_REPRESENTATION_CONTEXT(2) 
PARAMETRIC_REPRESENTATION_CONTEXT() REPRESENTATION_CONTEXT('2D SPACE',''
  ) );
#4074 = ORIENTED_EDGE('',*,*,#1017,.F.);
#4075 = ADVANCED_FACE('1_region1_Face_251',(#4076),#1062,.T.);
#4076 = FACE_BOUND('',#4077,.F.);
#4077 = EDGE_LOOP('undefined shape id',(#4078,#4079,#4080,#4101));
#4078 = ORIENTED_EDGE('',*,*,#4054,.T.);
#4079 = ORIENTED_EDGE('',*,*,#2394,.T.);
#4080 = ORIENTED_EDGE('',*,*,#4081,.F.);
#4081 = EDGE_CURVE('1_region1_Edge_85',#1046,#2395,#4082,.T.);
#4082 = SURFACE_CURVE('',#4083,(#4087,#4094),.PCURVE_S1.);
#4083 = LINE('',#4084,#4085);
#4084 = CARTESIAN_POINT('',(-30.35000384,10.119249,0.));
#4085 = VECTOR('',#4086,1.);
#4086 = DIRECTION('',(0.,0.,1.));
#4087 = PCURVE('',#1062,#4088);
#4088 = DEFINITIONAL_REPRESENTATION('',(#4089),#4093);
#4089 = LINE('',#4090,#4091);
#4090 = CARTESIAN_POINT('',(-6.28318530718,0.));
#4091 = VECTOR('',#4092,1.);
#4092 = DIRECTION('',(-0.,-1.));
#4093 = ( GEOMETRIC_REPRESENTATION_CONTEXT(2) 
PARAMETRIC_REPRESENTATION_CONTEXT() REPRESENTATION_CONTEXT('2D SPACE',''
  ) );
#4094 = PCURVE('',#1090,#4095);
#4095 = DEFINITIONAL_REPRESENTATION('',(#4096),#4100);
#4096 = LINE('',#4097,#4098);
#4097 = CARTESIAN_POINT('',(0.,0.));
#4098 = VECTOR('',#4099,1.);
#4099 = DIRECTION('',(0.,-1.));
#4100 = ( GEOMETRIC_REPRESENTATION_CONTEXT(2) 
PARAMETRIC_REPRESENTATION_CONTEXT() REPRESENTATION_CONTEXT('2D SPACE',''
  ) );
#4101 = ORIENTED_EDGE('',*,*,#1045,.F.);
#4102 = ADVANCED_FACE('1_region1_Face_255',(#4103),#1090,.F.);
#4103 = FACE_BOUND('',#4104,.F.);
#4104 = EDGE_LOOP('undefined shape id',(#4105,#4106,#4107,#4128));
#4105 = ORIENTED_EDGE('',*,*,#4081,.T.);
#4106 = ORIENTED_EDGE('',*,*,#2418,.T.);
#4107 = ORIENTED_EDGE('',*,*,#4108,.F.);
#4108 = EDGE_CURVE('1_region1_Edge_88',#1075,#2419,#4109,.T.);
#4109 = SURFACE_CURVE('',#4110,(#4114,#4121),.PCURVE_S1.);
#4110 = LINE('',#4111,#4112);
#4111 = CARTESIAN_POINT('',(-30.35000384,11.96000129,0.));
#4112 = VECTOR('',#4113,1.);
#4113 = DIRECTION('',(0.,0.,1.));
#4114 = PCURVE('',#1090,#4115);
#4115 = DEFINITIONAL_REPRESENTATION('',(#4116),#4120);
#4116 = LINE('',#4117,#4118);
#4117 = CARTESIAN_POINT('',(1.84075229,0.));
#4118 = VECTOR('',#4119,1.);
#4119 = DIRECTION('',(0.,-1.));
#4120 = ( GEOMETRIC_REPRESENTATION_CONTEXT(2) 
PARAMETRIC_REPRESENTATION_CONTEXT() REPRESENTATION_CONTEXT('2D SPACE',''
  ) );
#4121 = PCURVE('',#1118,#4122);
#4122 = DEFINITIONAL_REPRESENTATION('',(#4123),#4127);
#4123 = LINE('',#4124,#4125);
#4124 = CARTESIAN_POINT('',(0.,0.));
#4125 = VECTOR('',#4126,1.);
#4126 = DIRECTION('',(0.,-1.));
#4127 = ( GEOMETRIC_REPRESENTATION_CONTEXT(2) 
PARAMETRIC_REPRESENTATION_CONTEXT() REPRESENTATION_CONTEXT('2D SPACE',''
  ) );
#4128 = ORIENTED_EDGE('',*,*,#1074,.F.);
#4129 = ADVANCED_FACE('1_region1_Face_258',(#4130,#4156,#4338),#1118,.F.
  );
#4130 = FACE_BOUND('',#4131,.F.);
#4131 = EDGE_LOOP('undefined shape id',(#4132,#4133,#4134,#4155));
#4132 = ORIENTED_EDGE('',*,*,#4108,.T.);
#4133 = ORIENTED_EDGE('',*,*,#2441,.T.);
#4134 = ORIENTED_EDGE('',*,*,#4135,.F.);
#4135 = EDGE_CURVE('1_region1_Edge_91',#1103,#2442,#4136,.T.);
#4136 = SURFACE_CURVE('',#4137,(#4141,#4148),.PCURVE_S1.);
#4137 = LINE('',#4138,#4139);
#4138 = CARTESIAN_POINT('',(30.34999616,11.96000129,0.));
#4139 = VECTOR('',#4140,1.);
#4140 = DIRECTION('',(0.,0.,1.));
#4141 = PCURVE('',#1118,#4142);
#4142 = DEFINITIONAL_REPRESENTATION('',(#4143),#4147);
#4143 = LINE('',#4144,#4145);
#4144 = CARTESIAN_POINT('',(60.7,0.));
#4145 = VECTOR('',#4146,1.);
#4146 = DIRECTION('',(0.,-1.));
#4147 = ( GEOMETRIC_REPRESENTATION_CONTEXT(2) 
PARAMETRIC_REPRESENTATION_CONTEXT() REPRESENTATION_CONTEXT('2D SPACE',''
  ) );
#4148 = PCURVE('',#1146,#4149);
#4149 = DEFINITIONAL_REPRESENTATION('',(#4150),#4154);
#4150 = LINE('',#4151,#4152);
#4151 = CARTESIAN_POINT('',(0.,0.));
#4152 = VECTOR('',#4153,1.);
#4153 = DIRECTION('',(0.,-1.));
#4154 = ( GEOMETRIC_REPRESENTATION_CONTEXT(2) 
PARAMETRIC_REPRESENTATION_CONTEXT() REPRESENTATION_CONTEXT('2D SPACE',''
  ) );
#4155 = ORIENTED_EDGE('',*,*,#1102,.F.);
#4156 = FACE_BOUND('',#4157,.F.);
#4157 = EDGE_LOOP('undefined shape id',(#4158,#4181,#4205,#4226,#4250,
    #4271,#4295,#4316));
#4158 = ORIENTED_EDGE('',*,*,#4159,.F.);
#4159 = EDGE_CURVE('36_Sub_region0_1_region1_Edge_181',#4160,#4162,#4164
  ,.T.);
#4160 = VERTEX_POINT('36_Sub_region0_1_region1_Vertex_118',#4161);
#4161 = CARTESIAN_POINT('',(-24.11881524,11.96000129,89.28044363));
#4162 = VERTEX_POINT('36_Sub_region0_1_region1_Vertex_119',#4163);
#4163 = CARTESIAN_POINT('',(5.88118476,11.96000129,89.28044363));
#4164 = SURFACE_CURVE('',#4165,(#4169,#4175),.PCURVE_S1.);
#4165 = LINE('',#4166,#4167);
#4166 = CARTESIAN_POINT('',(-27.23440954,11.96000129,89.28044363));
#4167 = VECTOR('',#4168,1.);
#4168 = DIRECTION('',(1.,0.,0.));
#4169 = PCURVE('',#1118,#4170);
#4170 = DEFINITIONAL_REPRESENTATION('',(#4171),#4174);
#4171 = B_SPLINE_CURVE_WITH_KNOTS('',1,(#4172,#4173),.UNSPECIFIED.,.F.,
  .F.,(2,2),(3.1155943,33.1155943),.PIECEWISE_BEZIER_KNOTS.);
#4172 = CARTESIAN_POINT('',(6.2311886,-89.28044363));
#4173 = CARTESIAN_POINT('',(36.2311886,-89.28044363));
#4174 = ( GEOMETRIC_REPRESENTATION_CONTEXT(2) 
PARAMETRIC_REPRESENTATION_CONTEXT() REPRESENTATION_CONTEXT('2D SPACE',''
  ) );
#4175 = PCURVE('',#3184,#4176);
#4176 = DEFINITIONAL_REPRESENTATION('',(#4177),#4180);
#4177 = B_SPLINE_CURVE_WITH_KNOTS('',1,(#4178,#4179),.UNSPECIFIED.,.F.,
  .F.,(2,2),(3.1155943,33.1155943),.PIECEWISE_BEZIER_KNOTS.);
#4178 = CARTESIAN_POINT('',(0.,-11.3));
#4179 = CARTESIAN_POINT('',(30.,-11.3));
#4180 = ( GEOMETRIC_REPRESENTATION_CONTEXT(2) 
PARAMETRIC_REPRESENTATION_CONTEXT() REPRESENTATION_CONTEXT('2D SPACE',''
  ) );
#4181 = ORIENTED_EDGE('',*,*,#4182,.F.);
#4182 = EDGE_CURVE('36_Sub_region0_1_region1_Edge_188',#4183,#4160,#4185
  ,.T.);
#4183 = VERTEX_POINT('36_Sub_region0_1_region1_Vertex_125',#4184);
#4184 = CARTESIAN_POINT('',(-27.11881524,11.96000129,86.28044363));
#4185 = SURFACE_CURVE('',#4186,(#4191,#4198),.PCURVE_S1.);
#4186 = CIRCLE('',#4187,3.);
#4187 = AXIS2_PLACEMENT_3D('',#4188,#4189,#4190);
#4188 = CARTESIAN_POINT('',(-24.11881524,11.96000129,86.28044363));
#4189 = DIRECTION('',(-0.,1.,-0.));
#4190 = DIRECTION('',(1.,0.,-0.));
#4191 = PCURVE('',#1118,#4192);
#4192 = DEFINITIONAL_REPRESENTATION('',(#4193),#4197);
#4193 = CIRCLE('',#4194,3.);
#4194 = AXIS2_PLACEMENT_2D('',#4195,#4196);
#4195 = CARTESIAN_POINT('',(6.2311886,-86.28044363));
#4196 = DIRECTION('',(1.,0.));
#4197 = ( GEOMETRIC_REPRESENTATION_CONTEXT(2) 
PARAMETRIC_REPRESENTATION_CONTEXT() REPRESENTATION_CONTEXT('2D SPACE',''
  ) );
#4198 = PCURVE('',#3391,#4199);
#4199 = DEFINITIONAL_REPRESENTATION('',(#4200),#4204);
#4200 = LINE('',#4201,#4202);
#4201 = CARTESIAN_POINT('',(0.,-11.3));
#4202 = VECTOR('',#4203,1.);
#4203 = DIRECTION('',(1.,0.));
#4204 = ( GEOMETRIC_REPRESENTATION_CONTEXT(2) 
PARAMETRIC_REPRESENTATION_CONTEXT() REPRESENTATION_CONTEXT('2D SPACE',''
  ) );
#4205 = ORIENTED_EDGE('',*,*,#4206,.F.);
#4206 = EDGE_CURVE('36_Sub_region0_1_region1_Edge_187',#4207,#4183,#4209
  ,.T.);
#4207 = VERTEX_POINT('36_Sub_region0_1_region1_Vertex_124',#4208);
#4208 = CARTESIAN_POINT('',(-27.11881524,11.96000129,56.28044363));
#4209 = SURFACE_CURVE('',#4210,(#4214,#4220),.PCURVE_S1.);
#4210 = LINE('',#4211,#4212);
#4211 = CARTESIAN_POINT('',(-27.11881524,11.96000129,28.140221815));
#4212 = VECTOR('',#4213,1.);
#4213 = DIRECTION('',(0.,-0.,1.));
#4214 = PCURVE('',#1118,#4215);
#4215 = DEFINITIONAL_REPRESENTATION('',(#4216),#4219);
#4216 = B_SPLINE_CURVE_WITH_KNOTS('',1,(#4217,#4218),.UNSPECIFIED.,.F.,
  .F.,(2,2),(28.140221815,58.140221815),.PIECEWISE_BEZIER_KNOTS.);
#4217 = CARTESIAN_POINT('',(3.2311886,-56.28044363));
#4218 = CARTESIAN_POINT('',(3.2311886,-86.28044363));
#4219 = ( GEOMETRIC_REPRESENTATION_CONTEXT(2) 
PARAMETRIC_REPRESENTATION_CONTEXT() REPRESENTATION_CONTEXT('2D SPACE',''
  ) );
#4220 = PCURVE('',#3361,#4221);
#4221 = DEFINITIONAL_REPRESENTATION('',(#4222),#4225);
#4222 = B_SPLINE_CURVE_WITH_KNOTS('',1,(#4223,#4224),.UNSPECIFIED.,.F.,
  .F.,(2,2),(28.140221815,58.140221815),.PIECEWISE_BEZIER_KNOTS.);
#4223 = CARTESIAN_POINT('',(0.,-11.3));
#4224 = CARTESIAN_POINT('',(30.,-11.3));
#4225 = ( GEOMETRIC_REPRESENTATION_CONTEXT(2) 
PARAMETRIC_REPRESENTATION_CONTEXT() REPRESENTATION_CONTEXT('2D SPACE',''
  ) );
#4226 = ORIENTED_EDGE('',*,*,#4227,.F.);
#4227 = EDGE_CURVE('36_Sub_region0_1_region1_Edge_186',#4228,#4207,#4230
  ,.T.);
#4228 = VERTEX_POINT('36_Sub_region0_1_region1_Vertex_123',#4229);
#4229 = CARTESIAN_POINT('',(-24.11881524,11.96000129,53.28044363));
#4230 = SURFACE_CURVE('',#4231,(#4236,#4243),.PCURVE_S1.);
#4231 = CIRCLE('',#4232,3.);
#4232 = AXIS2_PLACEMENT_3D('',#4233,#4234,#4235);
#4233 = CARTESIAN_POINT('',(-24.11881524,11.96000129,56.28044363));
#4234 = DIRECTION('',(-0.,1.,-0.));
#4235 = DIRECTION('',(1.,0.,-0.));
#4236 = PCURVE('',#1118,#4237);
#4237 = DEFINITIONAL_REPRESENTATION('',(#4238),#4242);
#4238 = CIRCLE('',#4239,3.);
#4239 = AXIS2_PLACEMENT_2D('',#4240,#4241);
#4240 = CARTESIAN_POINT('',(6.2311886,-56.28044363));
#4241 = DIRECTION('',(1.,0.));
#4242 = ( GEOMETRIC_REPRESENTATION_CONTEXT(2) 
PARAMETRIC_REPRESENTATION_CONTEXT() REPRESENTATION_CONTEXT('2D SPACE',''
  ) );
#4243 = PCURVE('',#3334,#4244);
#4244 = DEFINITIONAL_REPRESENTATION('',(#4245),#4249);
#4245 = LINE('',#4246,#4247);
#4246 = CARTESIAN_POINT('',(0.,-11.3));
#4247 = VECTOR('',#4248,1.);
#4248 = DIRECTION('',(1.,0.));
#4249 = ( GEOMETRIC_REPRESENTATION_CONTEXT(2) 
PARAMETRIC_REPRESENTATION_CONTEXT() REPRESENTATION_CONTEXT('2D SPACE',''
  ) );
#4250 = ORIENTED_EDGE('',*,*,#4251,.F.);
#4251 = EDGE_CURVE('36_Sub_region0_1_region1_Edge_185',#4252,#4228,#4254
  ,.T.);
#4252 = VERTEX_POINT('36_Sub_region0_1_region1_Vertex_122',#4253);
#4253 = CARTESIAN_POINT('',(5.88118476,11.96000129,53.28044363));
#4254 = SURFACE_CURVE('',#4255,(#4259,#4265),.PCURVE_S1.);
#4255 = LINE('',#4256,#4257);
#4256 = CARTESIAN_POINT('',(-12.23440954,11.96000129,53.28044363));
#4257 = VECTOR('',#4258,1.);
#4258 = DIRECTION('',(-1.,0.,-0.));
#4259 = PCURVE('',#1118,#4260);
#4260 = DEFINITIONAL_REPRESENTATION('',(#4261),#4264);
#4261 = B_SPLINE_CURVE_WITH_KNOTS('',1,(#4262,#4263),.UNSPECIFIED.,.F.,
  .F.,(2,2),(-18.1155943,11.8844057),.PIECEWISE_BEZIER_KNOTS.);
#4262 = CARTESIAN_POINT('',(36.2311886,-53.28044363));
#4263 = CARTESIAN_POINT('',(6.2311886,-53.28044363));
#4264 = ( GEOMETRIC_REPRESENTATION_CONTEXT(2) 
PARAMETRIC_REPRESENTATION_CONTEXT() REPRESENTATION_CONTEXT('2D SPACE',''
  ) );
#4265 = PCURVE('',#3302,#4266);
#4266 = DEFINITIONAL_REPRESENTATION('',(#4267),#4270);
#4267 = B_SPLINE_CURVE_WITH_KNOTS('',1,(#4268,#4269),.UNSPECIFIED.,.F.,
  .F.,(2,2),(-18.1155943,11.8844057),.PIECEWISE_BEZIER_KNOTS.);
#4268 = CARTESIAN_POINT('',(0.,-11.3));
#4269 = CARTESIAN_POINT('',(30.,-11.3));
#4270 = ( GEOMETRIC_REPRESENTATION_CONTEXT(2) 
PARAMETRIC_REPRESENTATION_CONTEXT() REPRESENTATION_CONTEXT('2D SPACE',''
  ) );
#4271 = ORIENTED_EDGE('',*,*,#4272,.F.);
#4272 = EDGE_CURVE('36_Sub_region0_1_region1_Edge_184',#4273,#4252,#4275
  ,.T.);
#4273 = VERTEX_POINT('36_Sub_region0_1_region1_Vertex_121',#4274);
#4274 = CARTESIAN_POINT('',(8.88118476,11.96000129,56.28044363));
#4275 = SURFACE_CURVE('',#4276,(#4281,#4288),.PCURVE_S1.);
#4276 = CIRCLE('',#4277,3.);
#4277 = AXIS2_PLACEMENT_3D('',#4278,#4279,#4280);
#4278 = CARTESIAN_POINT('',(5.88118476,11.96000129,56.28044363));
#4279 = DIRECTION('',(-0.,1.,-0.));
#4280 = DIRECTION('',(1.,0.,-0.));
#4281 = PCURVE('',#1118,#4282);
#4282 = DEFINITIONAL_REPRESENTATION('',(#4283),#4287);
#4283 = CIRCLE('',#4284,3.);
#4284 = AXIS2_PLACEMENT_2D('',#4285,#4286);
#4285 = CARTESIAN_POINT('',(36.2311886,-56.28044363));
#4286 = DIRECTION('',(1.,0.));
#4287 = ( GEOMETRIC_REPRESENTATION_CONTEXT(2) 
PARAMETRIC_REPRESENTATION_CONTEXT() REPRESENTATION_CONTEXT('2D SPACE',''
  ) );
#4288 = PCURVE('',#3275,#4289);
#4289 = DEFINITIONAL_REPRESENTATION('',(#4290),#4294);
#4290 = LINE('',#4291,#4292);
#4291 = CARTESIAN_POINT('',(0.,-11.3));
#4292 = VECTOR('',#4293,1.);
#4293 = DIRECTION('',(1.,0.));
#4294 = ( GEOMETRIC_REPRESENTATION_CONTEXT(2) 
PARAMETRIC_REPRESENTATION_CONTEXT() REPRESENTATION_CONTEXT('2D SPACE',''
  ) );
#4295 = ORIENTED_EDGE('',*,*,#4296,.F.);
#4296 = EDGE_CURVE('36_Sub_region0_1_region1_Edge_183',#4297,#4273,#4299
  ,.T.);
#4297 = VERTEX_POINT('36_Sub_region0_1_region1_Vertex_120',#4298);
#4298 = CARTESIAN_POINT('',(8.88118476,11.96000129,86.28044363));
#4299 = SURFACE_CURVE('',#4300,(#4304,#4310),.PCURVE_S1.);
#4300 = LINE('',#4301,#4302);
#4301 = CARTESIAN_POINT('',(8.88118476,11.96000129,43.140221815));
#4302 = VECTOR('',#4303,1.);
#4303 = DIRECTION('',(0.,0.,-1.));
#4304 = PCURVE('',#1118,#4305);
#4305 = DEFINITIONAL_REPRESENTATION('',(#4306),#4309);
#4306 = B_SPLINE_CURVE_WITH_KNOTS('',1,(#4307,#4308),.UNSPECIFIED.,.F.,
  .F.,(2,2),(-43.140221815,-13.140221815),.PIECEWISE_BEZIER_KNOTS.);
#4307 = CARTESIAN_POINT('',(39.2311886,-86.28044363));
#4308 = CARTESIAN_POINT('',(39.2311886,-56.28044363));
#4309 = ( GEOMETRIC_REPRESENTATION_CONTEXT(2) 
PARAMETRIC_REPRESENTATION_CONTEXT() REPRESENTATION_CONTEXT('2D SPACE',''
  ) );
#4310 = PCURVE('',#3243,#4311);
#4311 = DEFINITIONAL_REPRESENTATION('',(#4312),#4315);
#4312 = B_SPLINE_CURVE_WITH_KNOTS('',1,(#4313,#4314),.UNSPECIFIED.,.F.,
  .F.,(2,2),(-43.140221815,-13.140221815),.PIECEWISE_BEZIER_KNOTS.);
#4313 = CARTESIAN_POINT('',(0.,-11.3));
#4314 = CARTESIAN_POINT('',(30.,-11.3));
#4315 = ( GEOMETRIC_REPRESENTATION_CONTEXT(2) 
PARAMETRIC_REPRESENTATION_CONTEXT() REPRESENTATION_CONTEXT('2D SPACE',''
  ) );
#4316 = ORIENTED_EDGE('',*,*,#4317,.F.);
#4317 = EDGE_CURVE('36_Sub_region0_1_region1_Edge_182',#4162,#4297,#4318
  ,.T.);
#4318 = SURFACE_CURVE('',#4319,(#4324,#4331),.PCURVE_S1.);
#4319 = CIRCLE('',#4320,3.);
#4320 = AXIS2_PLACEMENT_3D('',#4321,#4322,#4323);
#4321 = CARTESIAN_POINT('',(5.88118476,11.96000129,86.28044363));
#4322 = DIRECTION('',(-0.,1.,-0.));
#4323 = DIRECTION('',(1.,0.,-0.));
#4324 = PCURVE('',#1118,#4325);
#4325 = DEFINITIONAL_REPRESENTATION('',(#4326),#4330);
#4326 = CIRCLE('',#4327,3.);
#4327 = AXIS2_PLACEMENT_2D('',#4328,#4329);
#4328 = CARTESIAN_POINT('',(36.2311886,-86.28044363));
#4329 = DIRECTION('',(1.,0.));
#4330 = ( GEOMETRIC_REPRESENTATION_CONTEXT(2) 
PARAMETRIC_REPRESENTATION_CONTEXT() REPRESENTATION_CONTEXT('2D SPACE',''
  ) );
#4331 = PCURVE('',#3216,#4332);
#4332 = DEFINITIONAL_REPRESENTATION('',(#4333),#4337);
#4333 = LINE('',#4334,#4335);
#4334 = CARTESIAN_POINT('',(0.,-11.3));
#4335 = VECTOR('',#4336,1.);
#4336 = DIRECTION('',(1.,0.));
#4337 = ( GEOMETRIC_REPRESENTATION_CONTEXT(2) 
PARAMETRIC_REPRESENTATION_CONTEXT() REPRESENTATION_CONTEXT('2D SPACE',''
  ) );
#4338 = FACE_BOUND('',#4339,.F.);
#4339 = EDGE_LOOP('undefined shape id',(#4340,#4363,#4384,#4405));
#4340 = ORIENTED_EDGE('',*,*,#4341,.F.);
#4341 = EDGE_CURVE('42_Sub_6e98ed22591d55fdab83ff2deea1864d_Edge_197',
  #4342,#4344,#4346,.T.);
#4342 = VERTEX_POINT(
  '42_Sub_6e98ed22591d55fdab83ff2deea1864d_Vertex_130',#4343);
#4343 = CARTESIAN_POINT('',(-13.00000795,11.96000129,18.2390747));
#4344 = VERTEX_POINT(
  '42_Sub_6e98ed22591d55fdab83ff2deea1864d_Vertex_131',#4345);
#4345 = CARTESIAN_POINT('',(-13.00000795,11.96000129,10.5390747));
#4346 = SURFACE_CURVE('',#4347,(#4351,#4357),.PCURVE_S1.);
#4347 = LINE('',#4348,#4349);
#4348 = CARTESIAN_POINT('',(-13.00000795,11.96000129,9.11953735));
#4349 = VECTOR('',#4350,1.);
#4350 = DIRECTION('',(0.,0.,-1.));
#4351 = PCURVE('',#1118,#4352);
#4352 = DEFINITIONAL_REPRESENTATION('',(#4353),#4356);
#4353 = B_SPLINE_CURVE_WITH_KNOTS('',1,(#4354,#4355),.UNSPECIFIED.,.F.,
  .F.,(2,2),(-9.11953735,-1.41953735),.PIECEWISE_BEZIER_KNOTS.);
#4354 = CARTESIAN_POINT('',(17.34999589,-18.2390747));
#4355 = CARTESIAN_POINT('',(17.34999589,-10.5390747));
#4356 = ( GEOMETRIC_REPRESENTATION_CONTEXT(2) 
PARAMETRIC_REPRESENTATION_CONTEXT() REPRESENTATION_CONTEXT('2D SPACE',''
  ) );
#4357 = PCURVE('',#3474,#4358);
#4358 = DEFINITIONAL_REPRESENTATION('',(#4359),#4362);
#4359 = B_SPLINE_CURVE_WITH_KNOTS('',1,(#4360,#4361),.UNSPECIFIED.,.F.,
  .F.,(2,2),(-9.11953735,-1.41953735),.PIECEWISE_BEZIER_KNOTS.);
#4360 = CARTESIAN_POINT('',(0.,-11.3));
#4361 = CARTESIAN_POINT('',(7.7,-11.3));
#4362 = ( GEOMETRIC_REPRESENTATION_CONTEXT(2) 
PARAMETRIC_REPRESENTATION_CONTEXT() REPRESENTATION_CONTEXT('2D SPACE',''
  ) );
#4363 = ORIENTED_EDGE('',*,*,#4364,.T.);
#4364 = EDGE_CURVE('42_Sub_6e98ed22591d55fdab83ff2deea1864d_Edge_200',
  #4342,#4365,#4367,.T.);
#4365 = VERTEX_POINT(
  '42_Sub_6e98ed22591d55fdab83ff2deea1864d_Vertex_133',#4366);
#4366 = CARTESIAN_POINT('',(-28.00000795,11.96000129,18.2390747));
#4367 = SURFACE_CURVE('',#4368,(#4372,#4378),.PCURVE_S1.);
#4368 = LINE('',#4369,#4370);
#4369 = CARTESIAN_POINT('',(-21.675005895,11.96000129,18.2390747));
#4370 = VECTOR('',#4371,1.);
#4371 = DIRECTION('',(-1.,0.,-0.));
#4372 = PCURVE('',#1118,#4373);
#4373 = DEFINITIONAL_REPRESENTATION('',(#4374),#4377);
#4374 = B_SPLINE_CURVE_WITH_KNOTS('',1,(#4375,#4376),.UNSPECIFIED.,.F.,
  .F.,(2,2),(-8.674997945,6.325002055),.PIECEWISE_BEZIER_KNOTS.);
#4375 = CARTESIAN_POINT('',(17.34999589,-18.2390747));
#4376 = CARTESIAN_POINT('',(2.34999589,-18.2390747));
#4377 = ( GEOMETRIC_REPRESENTATION_CONTEXT(2) 
PARAMETRIC_REPRESENTATION_CONTEXT() REPRESENTATION_CONTEXT('2D SPACE',''
  ) );
#4378 = PCURVE('',#3448,#4379);
#4379 = DEFINITIONAL_REPRESENTATION('',(#4380),#4383);
#4380 = B_SPLINE_CURVE_WITH_KNOTS('',1,(#4381,#4382),.UNSPECIFIED.,.F.,
  .F.,(2,2),(-8.674997945,6.325002055),.PIECEWISE_BEZIER_KNOTS.);
#4381 = CARTESIAN_POINT('',(0.,-11.3));
#4382 = CARTESIAN_POINT('',(15.,-11.3));
#4383 = ( GEOMETRIC_REPRESENTATION_CONTEXT(2) 
PARAMETRIC_REPRESENTATION_CONTEXT() REPRESENTATION_CONTEXT('2D SPACE',''
  ) );
#4384 = ORIENTED_EDGE('',*,*,#4385,.T.);
#4385 = EDGE_CURVE('42_Sub_6e98ed22591d55fdab83ff2deea1864d_Edge_199',
  #4365,#4386,#4388,.T.);
#4386 = VERTEX_POINT(
  '42_Sub_6e98ed22591d55fdab83ff2deea1864d_Vertex_132',#4387);
#4387 = CARTESIAN_POINT('',(-28.00000795,11.96000129,10.5390747));
#4388 = SURFACE_CURVE('',#4389,(#4393,#4399),.PCURVE_S1.);
#4389 = LINE('',#4390,#4391);
#4390 = CARTESIAN_POINT('',(-28.00000795,11.96000129,9.11953735));
#4391 = VECTOR('',#4392,1.);
#4392 = DIRECTION('',(0.,0.,-1.));
#4393 = PCURVE('',#1118,#4394);
#4394 = DEFINITIONAL_REPRESENTATION('',(#4395),#4398);
#4395 = B_SPLINE_CURVE_WITH_KNOTS('',1,(#4396,#4397),.UNSPECIFIED.,.F.,
  .F.,(2,2),(-9.11953735,-1.41953735),.PIECEWISE_BEZIER_KNOTS.);
#4396 = CARTESIAN_POINT('',(2.34999589,-18.2390747));
#4397 = CARTESIAN_POINT('',(2.34999589,-10.5390747));
#4398 = ( GEOMETRIC_REPRESENTATION_CONTEXT(2) 
PARAMETRIC_REPRESENTATION_CONTEXT() REPRESENTATION_CONTEXT('2D SPACE',''
  ) );
#4399 = PCURVE('',#3422,#4400);
#4400 = DEFINITIONAL_REPRESENTATION('',(#4401),#4404);
#4401 = B_SPLINE_CURVE_WITH_KNOTS('',1,(#4402,#4403),.UNSPECIFIED.,.F.,
  .F.,(2,2),(-9.11953735,-1.41953735),.PIECEWISE_BEZIER_KNOTS.);
#4402 = CARTESIAN_POINT('',(0.,-11.3));
#4403 = CARTESIAN_POINT('',(7.7,-11.3));
#4404 = ( GEOMETRIC_REPRESENTATION_CONTEXT(2) 
PARAMETRIC_REPRESENTATION_CONTEXT() REPRESENTATION_CONTEXT('2D SPACE',''
  ) );
#4405 = ORIENTED_EDGE('',*,*,#4406,.F.);
#4406 = EDGE_CURVE('42_Sub_6e98ed22591d55fdab83ff2deea1864d_Edge_198',
  #4344,#4386,#4407,.T.);
#4407 = SURFACE_CURVE('',#4408,(#4412,#4418),.PCURVE_S1.);
#4408 = LINE('',#4409,#4410);
#4409 = CARTESIAN_POINT('',(-21.675005895,11.96000129,10.5390747));
#4410 = VECTOR('',#4411,1.);
#4411 = DIRECTION('',(-1.,0.,-0.));
#4412 = PCURVE('',#1118,#4413);
#4413 = DEFINITIONAL_REPRESENTATION('',(#4414),#4417);
#4414 = B_SPLINE_CURVE_WITH_KNOTS('',1,(#4415,#4416),.UNSPECIFIED.,.F.,
  .F.,(2,2),(-8.674997945,6.325002055),.PIECEWISE_BEZIER_KNOTS.);
#4415 = CARTESIAN_POINT('',(17.34999589,-10.5390747));
#4416 = CARTESIAN_POINT('',(2.34999589,-10.5390747));
#4417 = ( GEOMETRIC_REPRESENTATION_CONTEXT(2) 
PARAMETRIC_REPRESENTATION_CONTEXT() REPRESENTATION_CONTEXT('2D SPACE',''
  ) );
#4418 = PCURVE('',#3498,#4419);
#4419 = DEFINITIONAL_REPRESENTATION('',(#4420),#4423);
#4420 = B_SPLINE_CURVE_WITH_KNOTS('',1,(#4421,#4422),.UNSPECIFIED.,.F.,
  .F.,(2,2),(-8.674997945,6.325002055),.PIECEWISE_BEZIER_KNOTS.);
#4421 = CARTESIAN_POINT('',(0.,-11.3));
#4422 = CARTESIAN_POINT('',(15.,-11.3));
#4423 = ( GEOMETRIC_REPRESENTATION_CONTEXT(2) 
PARAMETRIC_REPRESENTATION_CONTEXT() REPRESENTATION_CONTEXT('2D SPACE',''
  ) );
#4424 = ADVANCED_FACE('1_region1_Face_261',(#4425),#1146,.F.);
#4425 = FACE_BOUND('',#4426,.F.);
#4426 = EDGE_LOOP('undefined shape id',(#4427,#4428,#4429,#4450));
#4427 = ORIENTED_EDGE('',*,*,#4135,.T.);
#4428 = ORIENTED_EDGE('',*,*,#2464,.T.);
#4429 = ORIENTED_EDGE('',*,*,#4430,.F.);
#4430 = EDGE_CURVE('1_region1_Edge_94',#1131,#2465,#4431,.T.);
#4431 = SURFACE_CURVE('',#4432,(#4436,#4443),.PCURVE_S1.);
#4432 = LINE('',#4433,#4434);
#4433 = CARTESIAN_POINT('',(30.34999615,10.119249,0.));
#4434 = VECTOR('',#4435,1.);
#4435 = DIRECTION('',(0.,0.,1.));
#4436 = PCURVE('',#1146,#4437);
#4437 = DEFINITIONAL_REPRESENTATION('',(#4438),#4442);
#4438 = LINE('',#4439,#4440);
#4439 = CARTESIAN_POINT('',(1.84075229,0.));
#4440 = VECTOR('',#4441,1.);
#4441 = DIRECTION('',(0.,-1.));
#4442 = ( GEOMETRIC_REPRESENTATION_CONTEXT(2) 
PARAMETRIC_REPRESENTATION_CONTEXT() REPRESENTATION_CONTEXT('2D SPACE',''
  ) );
#4443 = PCURVE('',#1175,#4444);
#4444 = DEFINITIONAL_REPRESENTATION('',(#4445),#4449);
#4445 = LINE('',#4446,#4447);
#4446 = CARTESIAN_POINT('',(-3.141592654185,0.));
#4447 = VECTOR('',#4448,1.);
#4448 = DIRECTION('',(-0.,-1.));
#4449 = ( GEOMETRIC_REPRESENTATION_CONTEXT(2) 
PARAMETRIC_REPRESENTATION_CONTEXT() REPRESENTATION_CONTEXT('2D SPACE',''
  ) );
#4450 = ORIENTED_EDGE('',*,*,#1130,.F.);
#4451 = ADVANCED_FACE('1_region1_Face_264',(#4452),#1175,.T.);
#4452 = FACE_BOUND('',#4453,.F.);
#4453 = EDGE_LOOP('undefined shape id',(#4454,#4455,#4456,#4477));
#4454 = ORIENTED_EDGE('',*,*,#4430,.T.);
#4455 = ORIENTED_EDGE('',*,*,#2487,.T.);
#4456 = ORIENTED_EDGE('',*,*,#4457,.F.);
#4457 = EDGE_CURVE('1_region1_Edge_97',#1159,#2488,#4458,.T.);
#4458 = SURFACE_CURVE('',#4459,(#4463,#4470),.PCURVE_S1.);
#4459 = LINE('',#4460,#4461);
#4460 = CARTESIAN_POINT('',(30.58472579,9.92228745,0.));
#4461 = VECTOR('',#4462,1.);
#4462 = DIRECTION('',(0.,0.,1.));
#4463 = PCURVE('',#1175,#4464);
#4464 = DEFINITIONAL_REPRESENTATION('',(#4465),#4469);
#4465 = LINE('',#4466,#4467);
#4466 = CARTESIAN_POINT('',(-4.886921926741,0.));
#4467 = VECTOR('',#4468,1.);
#4468 = DIRECTION('',(-0.,-1.));
#4469 = ( GEOMETRIC_REPRESENTATION_CONTEXT(2) 
PARAMETRIC_REPRESENTATION_CONTEXT() REPRESENTATION_CONTEXT('2D SPACE',''
  ) );
#4470 = PCURVE('',#1203,#4471);
#4471 = DEFINITIONAL_REPRESENTATION('',(#4472),#4476);
#4472 = LINE('',#4473,#4474);
#4473 = CARTESIAN_POINT('',(0.,0.));
#4474 = VECTOR('',#4475,1.);
#4475 = DIRECTION('',(0.,-1.));
#4476 = ( GEOMETRIC_REPRESENTATION_CONTEXT(2) 
PARAMETRIC_REPRESENTATION_CONTEXT() REPRESENTATION_CONTEXT('2D SPACE',''
  ) );
#4477 = ORIENTED_EDGE('',*,*,#1158,.F.);
#4478 = ADVANCED_FACE('1_region1_Face_268',(#4479),#1203,.F.);
#4479 = FACE_BOUND('',#4480,.F.);
#4480 = EDGE_LOOP('undefined shape id',(#4481,#4482,#4483,#4504));
#4481 = ORIENTED_EDGE('',*,*,#4457,.T.);
#4482 = ORIENTED_EDGE('',*,*,#2511,.T.);
#4483 = ORIENTED_EDGE('',*,*,#4484,.F.);
#4484 = EDGE_CURVE('1_region1_Edge_100',#1188,#2512,#4485,.T.);
#4485 = SURFACE_CURVE('',#4486,(#4490,#4497),.PCURVE_S1.);
#4486 = LINE('',#4487,#4488);
#4487 = CARTESIAN_POINT('',(31.284845540274,10.04573744847,0.));
#4488 = VECTOR('',#4489,1.);
#4489 = DIRECTION('',(0.,0.,1.));
#4490 = PCURVE('',#1203,#4491);
#4491 = DEFINITIONAL_REPRESENTATION('',(#4492),#4496);
#4492 = LINE('',#4493,#4494);
#4493 = CARTESIAN_POINT('',(0.710920225374,0.));
#4494 = VECTOR('',#4495,1.);
#4495 = DIRECTION('',(0.,-1.));
#4496 = ( GEOMETRIC_REPRESENTATION_CONTEXT(2) 
PARAMETRIC_REPRESENTATION_CONTEXT() REPRESENTATION_CONTEXT('2D SPACE',''
  ) );
#4497 = PCURVE('',#1232,#4498);
#4498 = DEFINITIONAL_REPRESENTATION('',(#4499),#4503);
#4499 = LINE('',#4500,#4501);
#4500 = CARTESIAN_POINT('',(-4.886921892119,0.));
#4501 = VECTOR('',#4502,1.);
#4502 = DIRECTION('',(-0.,-1.));
#4503 = ( GEOMETRIC_REPRESENTATION_CONTEXT(2) 
PARAMETRIC_REPRESENTATION_CONTEXT() REPRESENTATION_CONTEXT('2D SPACE',''
  ) );
#4504 = ORIENTED_EDGE('',*,*,#1187,.F.);
#4505 = ADVANCED_FACE('1_region1_Face_271',(#4506),#1232,.T.);
#4506 = FACE_BOUND('',#4507,.F.);
#4507 = EDGE_LOOP('undefined shape id',(#4508,#4509,#4510,#4531));
#4508 = ORIENTED_EDGE('',*,*,#4484,.T.);
#4509 = ORIENTED_EDGE('',*,*,#2534,.T.);
#4510 = ORIENTED_EDGE('',*,*,#4511,.F.);
#4511 = EDGE_CURVE('1_region1_Edge_103',#1216,#2535,#4512,.T.);
#4512 = SURFACE_CURVE('',#4513,(#4517,#4524),.PCURVE_S1.);
#4513 = LINE('',#4514,#4515);
#4514 = CARTESIAN_POINT('',(31.450096752832,10.245467370095,0.));
#4515 = VECTOR('',#4516,1.);
#4516 = DIRECTION('',(0.,0.,1.));
#4517 = PCURVE('',#1232,#4518);
#4518 = DEFINITIONAL_REPRESENTATION('',(#4519),#4523);
#4519 = LINE('',#4520,#4521);
#4520 = CARTESIAN_POINT('',(-6.297027566064,0.));
#4521 = VECTOR('',#4522,1.);
#4522 = DIRECTION('',(-0.,-1.));
#4523 = ( GEOMETRIC_REPRESENTATION_CONTEXT(2) 
PARAMETRIC_REPRESENTATION_CONTEXT() REPRESENTATION_CONTEXT('2D SPACE',''
  ) );
#4524 = PCURVE('',#1261,#4525);
#4525 = DEFINITIONAL_REPRESENTATION('',(#4526),#4530);
#4526 = LINE('',#4527,#4528);
#4527 = CARTESIAN_POINT('',(-9.438620235256,0.));
#4528 = VECTOR('',#4529,1.);
#4529 = DIRECTION('',(-0.,-1.));
#4530 = ( GEOMETRIC_REPRESENTATION_CONTEXT(2) 
PARAMETRIC_REPRESENTATION_CONTEXT() REPRESENTATION_CONTEXT('2D SPACE',''
  ) );
#4531 = ORIENTED_EDGE('',*,*,#1215,.F.);
#4532 = ADVANCED_FACE('1_region1_Face_275',(#4533),#1261,.F.);
#4533 = FACE_BOUND('',#4534,.T.);
#4534 = EDGE_LOOP('undefined shape id',(#4535,#4556,#4557,#4558));
#4535 = ORIENTED_EDGE('',*,*,#4536,.T.);
#4536 = EDGE_CURVE('1_region1_Edge_106',#1245,#2559,#4537,.T.);
#4537 = SURFACE_CURVE('',#4538,(#4542,#4549),.PCURVE_S1.);
#4538 = LINE('',#4539,#4540);
#4539 = CARTESIAN_POINT('',(32.30336991977,9.228576008843,0.));
#4540 = VECTOR('',#4541,1.);
#4541 = DIRECTION('',(0.,0.,1.));
#4542 = PCURVE('',#1261,#4543);
#4543 = DEFINITIONAL_REPRESENTATION('',(#4544),#4548);
#4544 = LINE('',#4545,#4546);
#4545 = CARTESIAN_POINT('',(-4.52401378158,0.));
#4546 = VECTOR('',#4547,1.);
#4547 = DIRECTION('',(-0.,-1.));
#4548 = ( GEOMETRIC_REPRESENTATION_CONTEXT(2) 
PARAMETRIC_REPRESENTATION_CONTEXT() REPRESENTATION_CONTEXT('2D SPACE',''
  ) );
#4549 = PCURVE('',#1290,#4550);
#4550 = DEFINITIONAL_REPRESENTATION('',(#4551),#4555);
#4551 = LINE('',#4552,#4553);
#4552 = CARTESIAN_POINT('',(-1.382421123364,0.));
#4553 = VECTOR('',#4554,1.);
#4554 = DIRECTION('',(-0.,-1.));
#4555 = ( GEOMETRIC_REPRESENTATION_CONTEXT(2) 
PARAMETRIC_REPRESENTATION_CONTEXT() REPRESENTATION_CONTEXT('2D SPACE',''
  ) );
#4556 = ORIENTED_EDGE('',*,*,#2558,.T.);
#4557 = ORIENTED_EDGE('',*,*,#4511,.F.);
#4558 = ORIENTED_EDGE('',*,*,#1244,.F.);
#4559 = ADVANCED_FACE('1_region1_Face_279',(#4560),#1290,.T.);
#4560 = FACE_BOUND('',#4561,.F.);
#4561 = EDGE_LOOP('undefined shape id',(#4562,#4563,#4564,#4585));
#4562 = ORIENTED_EDGE('',*,*,#4536,.T.);
#4563 = ORIENTED_EDGE('',*,*,#2582,.T.);
#4564 = ORIENTED_EDGE('',*,*,#4565,.F.);
#4565 = EDGE_CURVE('1_region1_Edge_109',#1274,#2583,#4566,.T.);
#4566 = SURFACE_CURVE('',#4567,(#4571,#4578),.PCURVE_S1.);
#4567 = LINE('',#4568,#4569);
#4568 = CARTESIAN_POINT('',(32.07797877,9.10051807,0.));
#4569 = VECTOR('',#4570,1.);
#4570 = DIRECTION('',(0.,0.,1.));
#4571 = PCURVE('',#1290,#4572);
#4572 = DEFINITIONAL_REPRESENTATION('',(#4573),#4577);
#4573 = LINE('',#4574,#4575);
#4574 = CARTESIAN_POINT('',(-2.792526829302,0.));
#4575 = VECTOR('',#4576,1.);
#4576 = DIRECTION('',(-0.,-1.));
#4577 = ( GEOMETRIC_REPRESENTATION_CONTEXT(2) 
PARAMETRIC_REPRESENTATION_CONTEXT() REPRESENTATION_CONTEXT('2D SPACE',''
  ) );
#4578 = PCURVE('',#1318,#4579);
#4579 = DEFINITIONAL_REPRESENTATION('',(#4580),#4584);
#4580 = LINE('',#4581,#4582);
#4581 = CARTESIAN_POINT('',(0.,0.));
#4582 = VECTOR('',#4583,1.);
#4583 = DIRECTION('',(0.,-1.));
#4584 = ( GEOMETRIC_REPRESENTATION_CONTEXT(2) 
PARAMETRIC_REPRESENTATION_CONTEXT() REPRESENTATION_CONTEXT('2D SPACE',''
  ) );
#4585 = ORIENTED_EDGE('',*,*,#1273,.F.);
#4586 = ADVANCED_FACE('1_region1_Face_283',(#4587),#1318,.F.);
#4587 = FACE_BOUND('',#4588,.F.);
#4588 = EDGE_LOOP('undefined shape id',(#4589,#4590,#4591,#4612));
#4589 = ORIENTED_EDGE('',*,*,#4565,.T.);
#4590 = ORIENTED_EDGE('',*,*,#2606,.T.);
#4591 = ORIENTED_EDGE('',*,*,#4592,.F.);
#4592 = EDGE_CURVE('1_region1_Edge_112',#1303,#2607,#4593,.T.);
#4593 = SURFACE_CURVE('',#4594,(#4598,#4605),.PCURVE_S1.);
#4594 = LINE('',#4595,#4596);
#4595 = CARTESIAN_POINT('',(31.815151226762,8.378405321191,0.));
#4596 = VECTOR('',#4597,1.);
#4597 = DIRECTION('',(0.,0.,1.));
#4598 = PCURVE('',#1318,#4599);
#4599 = DEFINITIONAL_REPRESENTATION('',(#4600),#4604);
#4600 = LINE('',#4601,#4602);
#4601 = CARTESIAN_POINT('',(0.76845633544,0.));
#4602 = VECTOR('',#4603,1.);
#4603 = DIRECTION('',(0.,-1.));
#4604 = ( GEOMETRIC_REPRESENTATION_CONTEXT(2) 
PARAMETRIC_REPRESENTATION_CONTEXT() REPRESENTATION_CONTEXT('2D SPACE',''
  ) );
#4605 = PCURVE('',#1347,#4606);
#4606 = DEFINITIONAL_REPRESENTATION('',(#4607),#4611);
#4607 = LINE('',#4608,#4609);
#4608 = CARTESIAN_POINT('',(-2.792526789752,0.));
#4609 = VECTOR('',#4610,1.);
#4610 = DIRECTION('',(-0.,-1.));
#4611 = ( GEOMETRIC_REPRESENTATION_CONTEXT(2) 
PARAMETRIC_REPRESENTATION_CONTEXT() REPRESENTATION_CONTEXT('2D SPACE',''
  ) );
#4612 = ORIENTED_EDGE('',*,*,#1302,.F.);
#4613 = ADVANCED_FACE('1_region1_Face_286',(#4614),#1347,.T.);
#4614 = FACE_BOUND('',#4615,.F.);
#4615 = EDGE_LOOP('undefined shape id',(#4616,#4617,#4618,#4639));
#4616 = ORIENTED_EDGE('',*,*,#4592,.T.);
#4617 = ORIENTED_EDGE('',*,*,#2629,.T.);
#4618 = ORIENTED_EDGE('',*,*,#4619,.F.);
#4619 = EDGE_CURVE('1_region1_Edge_115',#1331,#2630,#4620,.T.);
#4620 = SURFACE_CURVE('',#4621,(#4625,#4632),.PCURVE_S1.);
#4621 = LINE('',#4622,#4623);
#4622 = CARTESIAN_POINT('',(32.00308975,8.11000129,0.));
#4623 = VECTOR('',#4624,1.);
#4624 = DIRECTION('',(0.,0.,1.));
#4625 = PCURVE('',#1347,#4626);
#4626 = DEFINITIONAL_REPRESENTATION('',(#4627),#4631);
#4627 = LINE('',#4628,#4629);
#4628 = CARTESIAN_POINT('',(-4.712388980385,0.));
#4629 = VECTOR('',#4630,1.);
#4630 = DIRECTION('',(-0.,-1.));
#4631 = ( GEOMETRIC_REPRESENTATION_CONTEXT(2) 
PARAMETRIC_REPRESENTATION_CONTEXT() REPRESENTATION_CONTEXT('2D SPACE',''
  ) );
#4632 = PCURVE('',#1375,#4633);
#4633 = DEFINITIONAL_REPRESENTATION('',(#4634),#4638);
#4634 = LINE('',#4635,#4636);
#4635 = CARTESIAN_POINT('',(0.,0.));
#4636 = VECTOR('',#4637,1.);
#4637 = DIRECTION('',(0.,-1.));
#4638 = ( GEOMETRIC_REPRESENTATION_CONTEXT(2) 
PARAMETRIC_REPRESENTATION_CONTEXT() REPRESENTATION_CONTEXT('2D SPACE',''
  ) );
#4639 = ORIENTED_EDGE('',*,*,#1330,.F.);
#4640 = ADVANCED_FACE('1_region1_Face_290',(#4641),#1375,.F.);
#4641 = FACE_BOUND('',#4642,.F.);
#4642 = EDGE_LOOP('undefined shape id',(#4643,#4644,#4645,#4666));
#4643 = ORIENTED_EDGE('',*,*,#4619,.T.);
#4644 = ORIENTED_EDGE('',*,*,#2653,.T.);
#4645 = ORIENTED_EDGE('',*,*,#4646,.F.);
#4646 = EDGE_CURVE('1_region1_Edge_118',#1360,#2654,#4647,.T.);
#4647 = SURFACE_CURVE('',#4648,(#4652,#4659),.PCURVE_S1.);
#4648 = LINE('',#4649,#4650);
#4649 = CARTESIAN_POINT('',(33.99999616,8.11000129,0.));
#4650 = VECTOR('',#4651,1.);
#4651 = DIRECTION('',(0.,0.,1.));
#4652 = PCURVE('',#1375,#4653);
#4653 = DEFINITIONAL_REPRESENTATION('',(#4654),#4658);
#4654 = LINE('',#4655,#4656);
#4655 = CARTESIAN_POINT('',(1.99690641,0.));
#4656 = VECTOR('',#4657,1.);
#4657 = DIRECTION('',(0.,-1.));
#4658 = ( GEOMETRIC_REPRESENTATION_CONTEXT(2) 
PARAMETRIC_REPRESENTATION_CONTEXT() REPRESENTATION_CONTEXT('2D SPACE',''
  ) );
#4659 = PCURVE('',#1403,#4660);
#4660 = DEFINITIONAL_REPRESENTATION('',(#4661),#4665);
#4661 = LINE('',#4662,#4663);
#4662 = CARTESIAN_POINT('',(0.,0.));
#4663 = VECTOR('',#4664,1.);
#4664 = DIRECTION('',(0.,-1.));
#4665 = ( GEOMETRIC_REPRESENTATION_CONTEXT(2) 
PARAMETRIC_REPRESENTATION_CONTEXT() REPRESENTATION_CONTEXT('2D SPACE',''
  ) );
#4666 = ORIENTED_EDGE('',*,*,#1359,.F.);
#4667 = ADVANCED_FACE('1_region1_Face_293',(#4668),#1403,.F.);
#4668 = FACE_BOUND('',#4669,.F.);
#4669 = EDGE_LOOP('undefined shape id',(#4670,#4671,#4672,#4693));
#4670 = ORIENTED_EDGE('',*,*,#4646,.T.);
#4671 = ORIENTED_EDGE('',*,*,#2676,.T.);
#4672 = ORIENTED_EDGE('',*,*,#4673,.F.);
#4673 = EDGE_CURVE('1_region1_Edge_121',#1388,#2677,#4674,.T.);
#4674 = SURFACE_CURVE('',#4675,(#4679,#4686),.PCURVE_S1.);
#4675 = LINE('',#4676,#4677);
#4676 = CARTESIAN_POINT('',(33.99999616,6.26000129,0.));
#4677 = VECTOR('',#4678,1.);
#4678 = DIRECTION('',(0.,0.,1.));
#4679 = PCURVE('',#1403,#4680);
#4680 = DEFINITIONAL_REPRESENTATION('',(#4681),#4685);
#4681 = LINE('',#4682,#4683);
#4682 = CARTESIAN_POINT('',(1.85,0.));
#4683 = VECTOR('',#4684,1.);
#4684 = DIRECTION('',(0.,-1.));
#4685 = ( GEOMETRIC_REPRESENTATION_CONTEXT(2) 
PARAMETRIC_REPRESENTATION_CONTEXT() REPRESENTATION_CONTEXT('2D SPACE',''
  ) );
#4686 = PCURVE('',#1431,#4687);
#4687 = DEFINITIONAL_REPRESENTATION('',(#4688),#4692);
#4688 = LINE('',#4689,#4690);
#4689 = CARTESIAN_POINT('',(0.,-0.));
#4690 = VECTOR('',#4691,1.);
#4691 = DIRECTION('',(0.,-1.));
#4692 = ( GEOMETRIC_REPRESENTATION_CONTEXT(2) 
PARAMETRIC_REPRESENTATION_CONTEXT() REPRESENTATION_CONTEXT('2D SPACE',''
  ) );
#4693 = ORIENTED_EDGE('',*,*,#1387,.F.);
#4694 = ADVANCED_FACE('1_region1_Face_296',(#4695),#1431,.F.);
#4695 = FACE_BOUND('',#4696,.F.);
#4696 = EDGE_LOOP('undefined shape id',(#4697,#4698,#4699,#4720));
#4697 = ORIENTED_EDGE('',*,*,#4673,.T.);
#4698 = ORIENTED_EDGE('',*,*,#2699,.T.);
#4699 = ORIENTED_EDGE('',*,*,#4700,.F.);
#4700 = EDGE_CURVE('1_region1_Edge_124',#1416,#2700,#4701,.T.);
#4701 = SURFACE_CURVE('',#4702,(#4706,#4713),.PCURVE_S1.);
#4702 = LINE('',#4703,#4704);
#4703 = CARTESIAN_POINT('',(31.999996159992,6.26000129,0.));
#4704 = VECTOR('',#4705,1.);
#4705 = DIRECTION('',(0.,0.,1.));
#4706 = PCURVE('',#1431,#4707);
#4707 = DEFINITIONAL_REPRESENTATION('',(#4708),#4712);
#4708 = LINE('',#4709,#4710);
#4709 = CARTESIAN_POINT('',(2.000000000008,0.));
#4710 = VECTOR('',#4711,1.);
#4711 = DIRECTION('',(0.,-1.));
#4712 = ( GEOMETRIC_REPRESENTATION_CONTEXT(2) 
PARAMETRIC_REPRESENTATION_CONTEXT() REPRESENTATION_CONTEXT('2D SPACE',''
  ) );
#4713 = PCURVE('',#1460,#4714);
#4714 = DEFINITIONAL_REPRESENTATION('',(#4715),#4719);
#4715 = LINE('',#4716,#4717);
#4716 = CARTESIAN_POINT('',(-1.570796276878,0.));
#4717 = VECTOR('',#4718,1.);
#4718 = DIRECTION('',(-0.,-1.));
#4719 = ( GEOMETRIC_REPRESENTATION_CONTEXT(2) 
PARAMETRIC_REPRESENTATION_CONTEXT() REPRESENTATION_CONTEXT('2D SPACE',''
  ) );
#4720 = ORIENTED_EDGE('',*,*,#1415,.F.);
#4721 = ADVANCED_FACE('1_region1_Face_299',(#4722),#1460,.T.);
#4722 = FACE_BOUND('',#4723,.F.);
#4723 = EDGE_LOOP('undefined shape id',(#4724,#4725,#4726,#4747));
#4724 = ORIENTED_EDGE('',*,*,#4700,.T.);
#4725 = ORIENTED_EDGE('',*,*,#2722,.T.);
#4726 = ORIENTED_EDGE('',*,*,#4727,.F.);
#4727 = EDGE_CURVE('1_region1_Edge_127',#1444,#2723,#4728,.T.);
#4728 = SURFACE_CURVE('',#4729,(#4733,#4740),.PCURVE_S1.);
#4729 = LINE('',#4730,#4731);
#4730 = CARTESIAN_POINT('',(31.79999615,6.06000129,0.));
#4731 = VECTOR('',#4732,1.);
#4732 = DIRECTION('',(0.,0.,1.));
#4733 = PCURVE('',#1460,#4734);
#4734 = DEFINITIONAL_REPRESENTATION('',(#4735),#4739);
#4735 = LINE('',#4736,#4737);
#4736 = CARTESIAN_POINT('',(-3.14159265359,0.));
#4737 = VECTOR('',#4738,1.);
#4738 = DIRECTION('',(-0.,-1.));
#4739 = ( GEOMETRIC_REPRESENTATION_CONTEXT(2) 
PARAMETRIC_REPRESENTATION_CONTEXT() REPRESENTATION_CONTEXT('2D SPACE',''
  ) );
#4740 = PCURVE('',#1488,#4741);
#4741 = DEFINITIONAL_REPRESENTATION('',(#4742),#4746);
#4742 = LINE('',#4743,#4744);
#4743 = CARTESIAN_POINT('',(0.,0.));
#4744 = VECTOR('',#4745,1.);
#4745 = DIRECTION('',(0.,-1.));
#4746 = ( GEOMETRIC_REPRESENTATION_CONTEXT(2) 
PARAMETRIC_REPRESENTATION_CONTEXT() REPRESENTATION_CONTEXT('2D SPACE',''
  ) );
#4747 = ORIENTED_EDGE('',*,*,#1443,.F.);
#4748 = ADVANCED_FACE('1_region1_Face_303',(#4749),#1488,.F.);
#4749 = FACE_BOUND('',#4750,.F.);
#4750 = EDGE_LOOP('undefined shape id',(#4751,#4752,#4753,#4774));
#4751 = ORIENTED_EDGE('',*,*,#4727,.T.);
#4752 = ORIENTED_EDGE('',*,*,#2746,.T.);
#4753 = ORIENTED_EDGE('',*,*,#4754,.F.);
#4754 = EDGE_CURVE('1_region1_Edge_130',#1473,#2747,#4755,.T.);
#4755 = SURFACE_CURVE('',#4756,(#4760,#4767),.PCURVE_S1.);
#4756 = LINE('',#4757,#4758);
#4757 = CARTESIAN_POINT('',(31.79999615,5.31000129,0.));
#4758 = VECTOR('',#4759,1.);
#4759 = DIRECTION('',(0.,0.,1.));
#4760 = PCURVE('',#1488,#4761);
#4761 = DEFINITIONAL_REPRESENTATION('',(#4762),#4766);
#4762 = LINE('',#4763,#4764);
#4763 = CARTESIAN_POINT('',(0.75,0.));
#4764 = VECTOR('',#4765,1.);
#4765 = DIRECTION('',(0.,-1.));
#4766 = ( GEOMETRIC_REPRESENTATION_CONTEXT(2) 
PARAMETRIC_REPRESENTATION_CONTEXT() REPRESENTATION_CONTEXT('2D SPACE',''
  ) );
#4767 = PCURVE('',#1517,#4768);
#4768 = DEFINITIONAL_REPRESENTATION('',(#4769),#4773);
#4769 = LINE('',#4770,#4771);
#4770 = CARTESIAN_POINT('',(-3.14159265359,0.));
#4771 = VECTOR('',#4772,1.);
#4772 = DIRECTION('',(-0.,-1.));
#4773 = ( GEOMETRIC_REPRESENTATION_CONTEXT(2) 
PARAMETRIC_REPRESENTATION_CONTEXT() REPRESENTATION_CONTEXT('2D SPACE',''
  ) );
#4774 = ORIENTED_EDGE('',*,*,#1472,.F.);
#4775 = ADVANCED_FACE('1_region1_Face_306',(#4776),#1517,.T.);
#4776 = FACE_BOUND('',#4777,.F.);
#4777 = EDGE_LOOP('undefined shape id',(#4778,#4779,#4780,#4801));
#4778 = ORIENTED_EDGE('',*,*,#4754,.T.);
#4779 = ORIENTED_EDGE('',*,*,#2769,.T.);
#4780 = ORIENTED_EDGE('',*,*,#4781,.F.);
#4781 = EDGE_CURVE('1_region1_Edge_133',#1501,#2770,#4782,.T.);
#4782 = SURFACE_CURVE('',#4783,(#4787,#4794),.PCURVE_S1.);
#4783 = LINE('',#4784,#4785);
#4784 = CARTESIAN_POINT('',(31.999996159992,5.11000129,0.));
#4785 = VECTOR('',#4786,1.);
#4786 = DIRECTION('',(0.,0.,1.));
#4787 = PCURVE('',#1517,#4788);
#4788 = DEFINITIONAL_REPRESENTATION('',(#4789),#4793);
#4789 = LINE('',#4790,#4791);
#4790 = CARTESIAN_POINT('',(-4.712389030301,0.));
#4791 = VECTOR('',#4792,1.);
#4792 = DIRECTION('',(-0.,-1.));
#4793 = ( GEOMETRIC_REPRESENTATION_CONTEXT(2) 
PARAMETRIC_REPRESENTATION_CONTEXT() REPRESENTATION_CONTEXT('2D SPACE',''
  ) );
#4794 = PCURVE('',#1545,#4795);
#4795 = DEFINITIONAL_REPRESENTATION('',(#4796),#4800);
#4796 = LINE('',#4797,#4798);
#4797 = CARTESIAN_POINT('',(-8.359535286218E-12,0.));
#4798 = VECTOR('',#4799,1.);
#4799 = DIRECTION('',(0.,-1.));
#4800 = ( GEOMETRIC_REPRESENTATION_CONTEXT(2) 
PARAMETRIC_REPRESENTATION_CONTEXT() REPRESENTATION_CONTEXT('2D SPACE',''
  ) );
#4801 = ORIENTED_EDGE('',*,*,#1500,.F.);
#4802 = ADVANCED_FACE('1_region1_Face_310',(#4803),#1545,.F.);
#4803 = FACE_BOUND('',#4804,.F.);
#4804 = EDGE_LOOP('undefined shape id',(#4805,#4806,#4807,#4828));
#4805 = ORIENTED_EDGE('',*,*,#4781,.T.);
#4806 = ORIENTED_EDGE('',*,*,#2793,.T.);
#4807 = ORIENTED_EDGE('',*,*,#4808,.F.);
#4808 = EDGE_CURVE('1_region1_Edge_136',#1530,#2794,#4809,.T.);
#4809 = SURFACE_CURVE('',#4810,(#4814,#4821),.PCURVE_S1.);
#4810 = LINE('',#4811,#4812);
#4811 = CARTESIAN_POINT('',(33.799996150008,5.11000129,0.));
#4812 = VECTOR('',#4813,1.);
#4813 = DIRECTION('',(0.,0.,1.));
#4814 = PCURVE('',#1545,#4815);
#4815 = DEFINITIONAL_REPRESENTATION('',(#4816),#4820);
#4816 = LINE('',#4817,#4818);
#4817 = CARTESIAN_POINT('',(1.799999990008,0.));
#4818 = VECTOR('',#4819,1.);
#4819 = DIRECTION('',(0.,-1.));
#4820 = ( GEOMETRIC_REPRESENTATION_CONTEXT(2) 
PARAMETRIC_REPRESENTATION_CONTEXT() REPRESENTATION_CONTEXT('2D SPACE',''
  ) );
#4821 = PCURVE('',#1574,#4822);
#4822 = DEFINITIONAL_REPRESENTATION('',(#4823),#4827);
#4823 = LINE('',#4824,#4825);
#4824 = CARTESIAN_POINT('',(-1.570796376711,0.));
#4825 = VECTOR('',#4826,1.);
#4826 = DIRECTION('',(-0.,-1.));
#4827 = ( GEOMETRIC_REPRESENTATION_CONTEXT(2) 
PARAMETRIC_REPRESENTATION_CONTEXT() REPRESENTATION_CONTEXT('2D SPACE',''
  ) );
#4828 = ORIENTED_EDGE('',*,*,#1529,.F.);
#4829 = ADVANCED_FACE('1_region1_Face_313',(#4830),#1574,.F.);
#4830 = FACE_BOUND('',#4831,.T.);
#4831 = EDGE_LOOP('undefined shape id',(#4832,#4853,#4854,#4855));
#4832 = ORIENTED_EDGE('',*,*,#4833,.T.);
#4833 = EDGE_CURVE('1_region1_Edge_139',#1558,#2817,#4834,.T.);
#4834 = SURFACE_CURVE('',#4835,(#4839,#4846),.PCURVE_S1.);
#4835 = LINE('',#4836,#4837);
#4836 = CARTESIAN_POINT('',(33.99999616,4.91000129,0.));
#4837 = VECTOR('',#4838,1.);
#4838 = DIRECTION('',(0.,0.,1.));
#4839 = PCURVE('',#1574,#4840);
#4840 = DEFINITIONAL_REPRESENTATION('',(#4841),#4845);
#4841 = LINE('',#4842,#4843);
#4842 = CARTESIAN_POINT('',(-0.,0.));
#4843 = VECTOR('',#4844,1.);
#4844 = DIRECTION('',(-0.,-1.));
#4845 = ( GEOMETRIC_REPRESENTATION_CONTEXT(2) 
PARAMETRIC_REPRESENTATION_CONTEXT() REPRESENTATION_CONTEXT('2D SPACE',''
  ) );
#4846 = PCURVE('',#1602,#4847);
#4847 = DEFINITIONAL_REPRESENTATION('',(#4848),#4852);
#4848 = LINE('',#4849,#4850);
#4849 = CARTESIAN_POINT('',(0.,0.));
#4850 = VECTOR('',#4851,1.);
#4851 = DIRECTION('',(0.,-1.));
#4852 = ( GEOMETRIC_REPRESENTATION_CONTEXT(2) 
PARAMETRIC_REPRESENTATION_CONTEXT() REPRESENTATION_CONTEXT('2D SPACE',''
  ) );
#4853 = ORIENTED_EDGE('',*,*,#2816,.T.);
#4854 = ORIENTED_EDGE('',*,*,#4808,.F.);
#4855 = ORIENTED_EDGE('',*,*,#1557,.F.);
#4856 = ADVANCED_FACE('1_region1_Face_317',(#4857),#1602,.F.);
#4857 = FACE_BOUND('',#4858,.F.);
#4858 = EDGE_LOOP('undefined shape id',(#4859,#4860,#4861,#4882));
#4859 = ORIENTED_EDGE('',*,*,#4833,.T.);
#4860 = ORIENTED_EDGE('',*,*,#2840,.T.);
#4861 = ORIENTED_EDGE('',*,*,#4862,.F.);
#4862 = EDGE_CURVE('1_region1_Edge_142',#1587,#2841,#4863,.T.);
#4863 = SURFACE_CURVE('',#4864,(#4868,#4875),.PCURVE_S1.);
#4864 = LINE('',#4865,#4866);
#4865 = CARTESIAN_POINT('',(33.999996159974,1.61000129,0.));
#4866 = VECTOR('',#4867,1.);
#4867 = DIRECTION('',(0.,0.,1.));
#4868 = PCURVE('',#1602,#4869);
#4869 = DEFINITIONAL_REPRESENTATION('',(#4870),#4874);
#4870 = LINE('',#4871,#4872);
#4871 = CARTESIAN_POINT('',(3.3,0.));
#4872 = VECTOR('',#4873,1.);
#4873 = DIRECTION('',(0.,-1.));
#4874 = ( GEOMETRIC_REPRESENTATION_CONTEXT(2) 
PARAMETRIC_REPRESENTATION_CONTEXT() REPRESENTATION_CONTEXT('2D SPACE',''
  ) );
#4875 = PCURVE('',#1631,#4876);
#4876 = DEFINITIONAL_REPRESENTATION('',(#4877),#4881);
#4877 = LINE('',#4878,#4879);
#4878 = CARTESIAN_POINT('',(-1.570796310214,0.));
#4879 = VECTOR('',#4880,1.);
#4880 = DIRECTION('',(-0.,-1.));
#4881 = ( GEOMETRIC_REPRESENTATION_CONTEXT(2) 
PARAMETRIC_REPRESENTATION_CONTEXT() REPRESENTATION_CONTEXT('2D SPACE',''
  ) );
#4882 = ORIENTED_EDGE('',*,*,#1586,.F.);
#4883 = ADVANCED_FACE('1_region1_Face_320',(#4884),#1631,.T.);
#4884 = FACE_BOUND('',#4885,.F.);
#4885 = EDGE_LOOP('undefined shape id',(#4886,#4887,#4888,#4909));
#4886 = ORIENTED_EDGE('',*,*,#4862,.T.);
#4887 = ORIENTED_EDGE('',*,*,#2863,.T.);
#4888 = ORIENTED_EDGE('',*,*,#4889,.F.);
#4889 = EDGE_CURVE('1_region1_Edge_145',#1615,#2864,#4890,.T.);
#4890 = SURFACE_CURVE('',#4891,(#4895,#4902),.PCURVE_S1.);
#4891 = LINE('',#4892,#4893);
#4892 = CARTESIAN_POINT('',(33.39999615,1.01000129,0.));
#4893 = VECTOR('',#4894,1.);
#4894 = DIRECTION('',(0.,0.,1.));
#4895 = PCURVE('',#1631,#4896);
#4896 = DEFINITIONAL_REPRESENTATION('',(#4897),#4901);
#4897 = LINE('',#4898,#4899);
#4898 = CARTESIAN_POINT('',(-3.14159265359,0.));
#4899 = VECTOR('',#4900,1.);
#4900 = DIRECTION('',(-0.,-1.));
#4901 = ( GEOMETRIC_REPRESENTATION_CONTEXT(2) 
PARAMETRIC_REPRESENTATION_CONTEXT() REPRESENTATION_CONTEXT('2D SPACE',''
  ) );
#4902 = PCURVE('',#1659,#4903);
#4903 = DEFINITIONAL_REPRESENTATION('',(#4904),#4908);
#4904 = LINE('',#4905,#4906);
#4905 = CARTESIAN_POINT('',(0.,0.));
#4906 = VECTOR('',#4907,1.);
#4907 = DIRECTION('',(0.,-1.));
#4908 = ( GEOMETRIC_REPRESENTATION_CONTEXT(2) 
PARAMETRIC_REPRESENTATION_CONTEXT() REPRESENTATION_CONTEXT('2D SPACE',''
  ) );
#4909 = ORIENTED_EDGE('',*,*,#1614,.F.);
#4910 = ADVANCED_FACE('1_region1_Face_324',(#4911),#1659,.F.);
#4911 = FACE_BOUND('',#4912,.F.);
#4912 = EDGE_LOOP('undefined shape id',(#4913,#4914,#4915,#4936));
#4913 = ORIENTED_EDGE('',*,*,#4889,.T.);
#4914 = ORIENTED_EDGE('',*,*,#2887,.T.);
#4915 = ORIENTED_EDGE('',*,*,#4916,.F.);
#4916 = EDGE_CURVE('1_region1_Edge_148',#1644,#2888,#4917,.T.);
#4917 = SURFACE_CURVE('',#4918,(#4922,#4929),.PCURVE_S1.);
#4918 = LINE('',#4919,#4920);
#4919 = CARTESIAN_POINT('',(33.39999616,0.11000129,0.));
#4920 = VECTOR('',#4921,1.);
#4921 = DIRECTION('',(0.,0.,1.));
#4922 = PCURVE('',#1659,#4923);
#4923 = DEFINITIONAL_REPRESENTATION('',(#4924),#4928);
#4924 = LINE('',#4925,#4926);
#4925 = CARTESIAN_POINT('',(0.9,0.));
#4926 = VECTOR('',#4927,1.);
#4927 = DIRECTION('',(0.,-1.));
#4928 = ( GEOMETRIC_REPRESENTATION_CONTEXT(2) 
PARAMETRIC_REPRESENTATION_CONTEXT() REPRESENTATION_CONTEXT('2D SPACE',''
  ) );
#4929 = PCURVE('',#1688,#4930);
#4930 = DEFINITIONAL_REPRESENTATION('',(#4931),#4935);
#4931 = LINE('',#4932,#4933);
#4932 = CARTESIAN_POINT('',(-3.14159265359,0.));
#4933 = VECTOR('',#4934,1.);
#4934 = DIRECTION('',(-0.,-1.));
#4935 = ( GEOMETRIC_REPRESENTATION_CONTEXT(2) 
PARAMETRIC_REPRESENTATION_CONTEXT() REPRESENTATION_CONTEXT('2D SPACE',''
  ) );
#4936 = ORIENTED_EDGE('',*,*,#1643,.F.);
#4937 = ADVANCED_FACE('1_region1_Face_327',(#4938),#1688,.T.);
#4938 = FACE_BOUND('',#4939,.F.);
#4939 = EDGE_LOOP('undefined shape id',(#4940,#4941,#4942,#4963));
#4940 = ORIENTED_EDGE('',*,*,#4916,.T.);
#4941 = ORIENTED_EDGE('',*,*,#2910,.T.);
#4942 = ORIENTED_EDGE('',*,*,#4943,.F.);
#4943 = EDGE_CURVE('1_region1_Edge_151',#1672,#2911,#4944,.T.);
#4944 = SURFACE_CURVE('',#4945,(#4949,#4956),.PCURVE_S1.);
#4945 = LINE('',#4946,#4947);
#4946 = CARTESIAN_POINT('',(33.49999616,1.000129E-02,0.));
#4947 = VECTOR('',#4948,1.);
#4948 = DIRECTION('',(0.,0.,1.));
#4949 = PCURVE('',#1688,#4950);
#4950 = DEFINITIONAL_REPRESENTATION('',(#4951),#4955);
#4951 = LINE('',#4952,#4953);
#4952 = CARTESIAN_POINT('',(-4.712388980385,0.));
#4953 = VECTOR('',#4954,1.);
#4954 = DIRECTION('',(-0.,-1.));
#4955 = ( GEOMETRIC_REPRESENTATION_CONTEXT(2) 
PARAMETRIC_REPRESENTATION_CONTEXT() REPRESENTATION_CONTEXT('2D SPACE',''
  ) );
#4956 = PCURVE('',#1716,#4957);
#4957 = DEFINITIONAL_REPRESENTATION('',(#4958),#4962);
#4958 = LINE('',#4959,#4960);
#4959 = CARTESIAN_POINT('',(0.,0.));
#4960 = VECTOR('',#4961,1.);
#4961 = DIRECTION('',(0.,-1.));
#4962 = ( GEOMETRIC_REPRESENTATION_CONTEXT(2) 
PARAMETRIC_REPRESENTATION_CONTEXT() REPRESENTATION_CONTEXT('2D SPACE',''
  ) );
#4963 = ORIENTED_EDGE('',*,*,#1671,.F.);
#4964 = ADVANCED_FACE('1_region1_Face_331',(#4965),#1716,.F.);
#4965 = FACE_BOUND('',#4966,.F.);
#4966 = EDGE_LOOP('undefined shape id',(#4967,#4968,#4969,#4990));
#4967 = ORIENTED_EDGE('',*,*,#4943,.T.);
#4968 = ORIENTED_EDGE('',*,*,#2934,.T.);
#4969 = ORIENTED_EDGE('',*,*,#4970,.F.);
#4970 = EDGE_CURVE('1_region1_Edge_154',#1701,#2935,#4971,.T.);
#4971 = SURFACE_CURVE('',#4972,(#4976,#4983),.PCURVE_S1.);
#4972 = LINE('',#4973,#4974);
#4973 = CARTESIAN_POINT('',(33.79999615,1.000129E-02,0.));
#4974 = VECTOR('',#4975,1.);
#4975 = DIRECTION('',(0.,0.,1.));
#4976 = PCURVE('',#1716,#4977);
#4977 = DEFINITIONAL_REPRESENTATION('',(#4978),#4982);
#4978 = LINE('',#4979,#4980);
#4979 = CARTESIAN_POINT('',(0.29999999,0.));
#4980 = VECTOR('',#4981,1.);
#4981 = DIRECTION('',(0.,-1.));
#4982 = ( GEOMETRIC_REPRESENTATION_CONTEXT(2) 
PARAMETRIC_REPRESENTATION_CONTEXT() REPRESENTATION_CONTEXT('2D SPACE',''
  ) );
#4983 = PCURVE('',#1745,#4984);
#4984 = DEFINITIONAL_REPRESENTATION('',(#4985),#4989);
#4985 = LINE('',#4986,#4987);
#4986 = CARTESIAN_POINT('',(-4.712388980385,0.));
#4987 = VECTOR('',#4988,1.);
#4988 = DIRECTION('',(-0.,-1.));
#4989 = ( GEOMETRIC_REPRESENTATION_CONTEXT(2) 
PARAMETRIC_REPRESENTATION_CONTEXT() REPRESENTATION_CONTEXT('2D SPACE',''
  ) );
#4990 = ORIENTED_EDGE('',*,*,#1700,.F.);
#4991 = ADVANCED_FACE('1_region1_Face_334',(#4992),#1745,.T.);
#4992 = FACE_BOUND('',#4993,.F.);
#4993 = EDGE_LOOP('undefined shape id',(#4994,#4995,#4996,#4997));
#4994 = ORIENTED_EDGE('',*,*,#4970,.T.);
#4995 = ORIENTED_EDGE('',*,*,#2957,.T.);
#4996 = ORIENTED_EDGE('',*,*,#3006,.F.);
#4997 = ORIENTED_EDGE('',*,*,#1728,.F.);
#4998 = ADVANCED_FACE('36_region0_Face_1',(#4999),#3184,.F.);
#4999 = FACE_BOUND('',#5000,.F.);
#5000 = EDGE_LOOP('undefined shape id',(#5001,#5002,#5023,#5024));
#5001 = ORIENTED_EDGE('',*,*,#3167,.T.);
#5002 = ORIENTED_EDGE('',*,*,#5003,.T.);
#5003 = EDGE_CURVE('36_region0_Edge_0',#3170,#4160,#5004,.T.);
#5004 = SURFACE_CURVE('',#5005,(#5009,#5016),.PCURVE_S1.);
#5005 = LINE('',#5006,#5007);
#5006 = CARTESIAN_POINT('',(-24.11881524,23.26000129,89.28044363));
#5007 = VECTOR('',#5008,1.);
#5008 = DIRECTION('',(0.,-1.,0.));
#5009 = PCURVE('',#3184,#5010);
#5010 = DEFINITIONAL_REPRESENTATION('',(#5011),#5015);
#5011 = LINE('',#5012,#5013);
#5012 = CARTESIAN_POINT('',(0.,0.));
#5013 = VECTOR('',#5014,1.);
#5014 = DIRECTION('',(0.,-1.));
#5015 = ( GEOMETRIC_REPRESENTATION_CONTEXT(2) 
PARAMETRIC_REPRESENTATION_CONTEXT() REPRESENTATION_CONTEXT('2D SPACE',''
  ) );
#5016 = PCURVE('',#3391,#5017);
#5017 = DEFINITIONAL_REPRESENTATION('',(#5018),#5022);
#5018 = LINE('',#5019,#5020);
#5019 = CARTESIAN_POINT('',(4.712388980385,0.));
#5020 = VECTOR('',#5021,1.);
#5021 = DIRECTION('',(0.,-1.));
#5022 = ( GEOMETRIC_REPRESENTATION_CONTEXT(2) 
PARAMETRIC_REPRESENTATION_CONTEXT() REPRESENTATION_CONTEXT('2D SPACE',''
  ) );
#5023 = ORIENTED_EDGE('',*,*,#4159,.T.);
#5024 = ORIENTED_EDGE('',*,*,#5025,.F.);
#5025 = EDGE_CURVE('36_region0_Edge_1',#3168,#4162,#5026,.T.);
#5026 = SURFACE_CURVE('',#5027,(#5031,#5038),.PCURVE_S1.);
#5027 = LINE('',#5028,#5029);
#5028 = CARTESIAN_POINT('',(5.88118476,23.26000129,89.28044363));
#5029 = VECTOR('',#5030,1.);
#5030 = DIRECTION('',(0.,-1.,0.));
#5031 = PCURVE('',#3184,#5032);
#5032 = DEFINITIONAL_REPRESENTATION('',(#5033),#5037);
#5033 = LINE('',#5034,#5035);
#5034 = CARTESIAN_POINT('',(30.,0.));
#5035 = VECTOR('',#5036,1.);
#5036 = DIRECTION('',(0.,-1.));
#5037 = ( GEOMETRIC_REPRESENTATION_CONTEXT(2) 
PARAMETRIC_REPRESENTATION_CONTEXT() REPRESENTATION_CONTEXT('2D SPACE',''
  ) );
#5038 = PCURVE('',#3216,#5039);
#5039 = DEFINITIONAL_REPRESENTATION('',(#5040),#5044);
#5040 = LINE('',#5041,#5042);
#5041 = CARTESIAN_POINT('',(4.712388980385,0.));
#5042 = VECTOR('',#5043,1.);
#5043 = DIRECTION('',(0.,-1.));
#5044 = ( GEOMETRIC_REPRESENTATION_CONTEXT(2) 
PARAMETRIC_REPRESENTATION_CONTEXT() REPRESENTATION_CONTEXT('2D SPACE',''
  ) );
#5045 = ADVANCED_FACE('36_Sub_region0_1_region1_Face_64',(#5046),#3216,
  .F.);
#5046 = FACE_BOUND('',#5047,.F.);
#5047 = EDGE_LOOP('undefined shape id',(#5048,#5049,#5050,#5051));
#5048 = ORIENTED_EDGE('',*,*,#3195,.F.);
#5049 = ORIENTED_EDGE('',*,*,#5025,.T.);
#5050 = ORIENTED_EDGE('',*,*,#4317,.T.);
#5051 = ORIENTED_EDGE('',*,*,#5052,.F.);
#5052 = EDGE_CURVE('36_region0_Edge_4',#3196,#4297,#5053,.T.);
#5053 = SURFACE_CURVE('',#5054,(#5058,#5065),.PCURVE_S1.);
#5054 = LINE('',#5055,#5056);
#5055 = CARTESIAN_POINT('',(8.88118476,23.26000129,86.28044363));
#5056 = VECTOR('',#5057,1.);
#5057 = DIRECTION('',(0.,-1.,0.));
#5058 = PCURVE('',#3216,#5059);
#5059 = DEFINITIONAL_REPRESENTATION('',(#5060),#5064);
#5060 = LINE('',#5061,#5062);
#5061 = CARTESIAN_POINT('',(6.28318530718,0.));
#5062 = VECTOR('',#5063,1.);
#5063 = DIRECTION('',(0.,-1.));
#5064 = ( GEOMETRIC_REPRESENTATION_CONTEXT(2) 
PARAMETRIC_REPRESENTATION_CONTEXT() REPRESENTATION_CONTEXT('2D SPACE',''
  ) );
#5065 = PCURVE('',#3243,#5066);
#5066 = DEFINITIONAL_REPRESENTATION('',(#5067),#5071);
#5067 = LINE('',#5068,#5069);
#5068 = CARTESIAN_POINT('',(0.,0.));
#5069 = VECTOR('',#5070,1.);
#5070 = DIRECTION('',(0.,-1.));
#5071 = ( GEOMETRIC_REPRESENTATION_CONTEXT(2) 
PARAMETRIC_REPRESENTATION_CONTEXT() REPRESENTATION_CONTEXT('2D SPACE',''
  ) );
#5072 = ADVANCED_FACE('36_Sub_region0_1_region1_Face_61',(#5073),#3391,
  .F.);
#5073 = FACE_BOUND('',#5074,.F.);
#5074 = EDGE_LOOP('undefined shape id',(#5075,#5076,#5097,#5098));
#5075 = ORIENTED_EDGE('',*,*,#3372,.F.);
#5076 = ORIENTED_EDGE('',*,*,#5077,.T.);
#5077 = EDGE_CURVE('36_region0_Edge_19',#3347,#4183,#5078,.T.);
#5078 = SURFACE_CURVE('',#5079,(#5083,#5090),.PCURVE_S1.);
#5079 = LINE('',#5080,#5081);
#5080 = CARTESIAN_POINT('',(-27.11881524,23.26000129,86.28044363));
#5081 = VECTOR('',#5082,1.);
#5082 = DIRECTION('',(0.,-1.,0.));
#5083 = PCURVE('',#3391,#5084);
#5084 = DEFINITIONAL_REPRESENTATION('',(#5085),#5089);
#5085 = LINE('',#5086,#5087);
#5086 = CARTESIAN_POINT('',(3.14159265359,0.));
#5087 = VECTOR('',#5088,1.);
#5088 = DIRECTION('',(0.,-1.));
#5089 = ( GEOMETRIC_REPRESENTATION_CONTEXT(2) 
PARAMETRIC_REPRESENTATION_CONTEXT() REPRESENTATION_CONTEXT('2D SPACE',''
  ) );
#5090 = PCURVE('',#3361,#5091);
#5091 = DEFINITIONAL_REPRESENTATION('',(#5092),#5096);
#5092 = LINE('',#5093,#5094);
#5093 = CARTESIAN_POINT('',(30.,0.));
#5094 = VECTOR('',#5095,1.);
#5095 = DIRECTION('',(0.,-1.));
#5096 = ( GEOMETRIC_REPRESENTATION_CONTEXT(2) 
PARAMETRIC_REPRESENTATION_CONTEXT() REPRESENTATION_CONTEXT('2D SPACE',''
  ) );
#5097 = ORIENTED_EDGE('',*,*,#4182,.T.);
#5098 = ORIENTED_EDGE('',*,*,#5003,.F.);
#5099 = ADVANCED_FACE('36_region0_Face_4',(#5100),#3243,.F.);
#5100 = FACE_BOUND('',#5101,.F.);
#5101 = EDGE_LOOP('undefined shape id',(#5102,#5103,#5104,#5105));
#5102 = ORIENTED_EDGE('',*,*,#3228,.T.);
#5103 = ORIENTED_EDGE('',*,*,#5052,.T.);
#5104 = ORIENTED_EDGE('',*,*,#4296,.T.);
#5105 = ORIENTED_EDGE('',*,*,#5106,.F.);
#5106 = EDGE_CURVE('36_region0_Edge_7',#3229,#4273,#5107,.T.);
#5107 = SURFACE_CURVE('',#5108,(#5112,#5119),.PCURVE_S1.);
#5108 = LINE('',#5109,#5110);
#5109 = CARTESIAN_POINT('',(8.88118476,23.26000129,56.28044363));
#5110 = VECTOR('',#5111,1.);
#5111 = DIRECTION('',(0.,-1.,0.));
#5112 = PCURVE('',#3243,#5113);
#5113 = DEFINITIONAL_REPRESENTATION('',(#5114),#5118);
#5114 = LINE('',#5115,#5116);
#5115 = CARTESIAN_POINT('',(30.,0.));
#5116 = VECTOR('',#5117,1.);
#5117 = DIRECTION('',(0.,-1.));
#5118 = ( GEOMETRIC_REPRESENTATION_CONTEXT(2) 
PARAMETRIC_REPRESENTATION_CONTEXT() REPRESENTATION_CONTEXT('2D SPACE',''
  ) );
#5119 = PCURVE('',#3275,#5120);
#5120 = DEFINITIONAL_REPRESENTATION('',(#5121),#5125);
#5121 = LINE('',#5122,#5123);
#5122 = CARTESIAN_POINT('',(0.,0.));
#5123 = VECTOR('',#5124,1.);
#5124 = DIRECTION('',(0.,-1.));
#5125 = ( GEOMETRIC_REPRESENTATION_CONTEXT(2) 
PARAMETRIC_REPRESENTATION_CONTEXT() REPRESENTATION_CONTEXT('2D SPACE',''
  ) );
#5126 = ADVANCED_FACE('36_region0_Face_10',(#5127),#3361,.F.);
#5127 = FACE_BOUND('',#5128,.F.);
#5128 = EDGE_LOOP('undefined shape id',(#5129,#5130,#5151,#5152));
#5129 = ORIENTED_EDGE('',*,*,#3346,.T.);
#5130 = ORIENTED_EDGE('',*,*,#5131,.T.);
#5131 = EDGE_CURVE('36_region0_Edge_16',#3314,#4207,#5132,.T.);
#5132 = SURFACE_CURVE('',#5133,(#5137,#5144),.PCURVE_S1.);
#5133 = LINE('',#5134,#5135);
#5134 = CARTESIAN_POINT('',(-27.11881524,23.26000129,56.28044363));
#5135 = VECTOR('',#5136,1.);
#5136 = DIRECTION('',(0.,-1.,0.));
#5137 = PCURVE('',#3361,#5138);
#5138 = DEFINITIONAL_REPRESENTATION('',(#5139),#5143);
#5139 = LINE('',#5140,#5141);
#5140 = CARTESIAN_POINT('',(0.,0.));
#5141 = VECTOR('',#5142,1.);
#5142 = DIRECTION('',(0.,-1.));
#5143 = ( GEOMETRIC_REPRESENTATION_CONTEXT(2) 
PARAMETRIC_REPRESENTATION_CONTEXT() REPRESENTATION_CONTEXT('2D SPACE',''
  ) );
#5144 = PCURVE('',#3334,#5145);
#5145 = DEFINITIONAL_REPRESENTATION('',(#5146),#5150);
#5146 = LINE('',#5147,#5148);
#5147 = CARTESIAN_POINT('',(3.14159265359,0.));
#5148 = VECTOR('',#5149,1.);
#5149 = DIRECTION('',(0.,-1.));
#5150 = ( GEOMETRIC_REPRESENTATION_CONTEXT(2) 
PARAMETRIC_REPRESENTATION_CONTEXT() REPRESENTATION_CONTEXT('2D SPACE',''
  ) );
#5151 = ORIENTED_EDGE('',*,*,#4206,.T.);
#5152 = ORIENTED_EDGE('',*,*,#5077,.F.);
#5153 = ADVANCED_FACE('36_Sub_region0_1_region1_Face_63',(#5154),#3275,
  .F.);
#5154 = FACE_BOUND('',#5155,.F.);
#5155 = EDGE_LOOP('undefined shape id',(#5156,#5157,#5158,#5159));
#5156 = ORIENTED_EDGE('',*,*,#3254,.F.);
#5157 = ORIENTED_EDGE('',*,*,#5106,.T.);
#5158 = ORIENTED_EDGE('',*,*,#4272,.T.);
#5159 = ORIENTED_EDGE('',*,*,#5160,.F.);
#5160 = EDGE_CURVE('36_region0_Edge_10',#3255,#4252,#5161,.T.);
#5161 = SURFACE_CURVE('',#5162,(#5166,#5173),.PCURVE_S1.);
#5162 = LINE('',#5163,#5164);
#5163 = CARTESIAN_POINT('',(5.88118476,23.26000129,53.28044363));
#5164 = VECTOR('',#5165,1.);
#5165 = DIRECTION('',(0.,-1.,0.));
#5166 = PCURVE('',#3275,#5167);
#5167 = DEFINITIONAL_REPRESENTATION('',(#5168),#5172);
#5168 = LINE('',#5169,#5170);
#5169 = CARTESIAN_POINT('',(1.570796326795,0.));
#5170 = VECTOR('',#5171,1.);
#5171 = DIRECTION('',(0.,-1.));
#5172 = ( GEOMETRIC_REPRESENTATION_CONTEXT(2) 
PARAMETRIC_REPRESENTATION_CONTEXT() REPRESENTATION_CONTEXT('2D SPACE',''
  ) );
#5173 = PCURVE('',#3302,#5174);
#5174 = DEFINITIONAL_REPRESENTATION('',(#5175),#5179);
#5175 = LINE('',#5176,#5177);
#5176 = CARTESIAN_POINT('',(0.,0.));
#5177 = VECTOR('',#5178,1.);
#5178 = DIRECTION('',(0.,-1.));
#5179 = ( GEOMETRIC_REPRESENTATION_CONTEXT(2) 
PARAMETRIC_REPRESENTATION_CONTEXT() REPRESENTATION_CONTEXT('2D SPACE',''
  ) );
#5180 = ADVANCED_FACE('36_Sub_region0_1_region1_Face_62',(#5181),#3334,
  .F.);
#5181 = FACE_BOUND('',#5182,.F.);
#5182 = EDGE_LOOP('undefined shape id',(#5183,#5184,#5205,#5206));
#5183 = ORIENTED_EDGE('',*,*,#3313,.F.);
#5184 = ORIENTED_EDGE('',*,*,#5185,.T.);
#5185 = EDGE_CURVE('36_region0_Edge_13',#3288,#4228,#5186,.T.);
#5186 = SURFACE_CURVE('',#5187,(#5191,#5198),.PCURVE_S1.);
#5187 = LINE('',#5188,#5189);
#5188 = CARTESIAN_POINT('',(-24.11881524,23.26000129,53.28044363));
#5189 = VECTOR('',#5190,1.);
#5190 = DIRECTION('',(0.,-1.,0.));
#5191 = PCURVE('',#3334,#5192);
#5192 = DEFINITIONAL_REPRESENTATION('',(#5193),#5197);
#5193 = LINE('',#5194,#5195);
#5194 = CARTESIAN_POINT('',(1.570796326795,0.));
#5195 = VECTOR('',#5196,1.);
#5196 = DIRECTION('',(0.,-1.));
#5197 = ( GEOMETRIC_REPRESENTATION_CONTEXT(2) 
PARAMETRIC_REPRESENTATION_CONTEXT() REPRESENTATION_CONTEXT('2D SPACE',''
  ) );
#5198 = PCURVE('',#3302,#5199);
#5199 = DEFINITIONAL_REPRESENTATION('',(#5200),#5204);
#5200 = LINE('',#5201,#5202);
#5201 = CARTESIAN_POINT('',(30.,0.));
#5202 = VECTOR('',#5203,1.);
#5203 = DIRECTION('',(0.,-1.));
#5204 = ( GEOMETRIC_REPRESENTATION_CONTEXT(2) 
PARAMETRIC_REPRESENTATION_CONTEXT() REPRESENTATION_CONTEXT('2D SPACE',''
  ) );
#5205 = ORIENTED_EDGE('',*,*,#4227,.T.);
#5206 = ORIENTED_EDGE('',*,*,#5131,.F.);
#5207 = ADVANCED_FACE('36_region0_Face_7',(#5208),#3302,.F.);
#5208 = FACE_BOUND('',#5209,.F.);
#5209 = EDGE_LOOP('undefined shape id',(#5210,#5211,#5212,#5213));
#5210 = ORIENTED_EDGE('',*,*,#3287,.T.);
#5211 = ORIENTED_EDGE('',*,*,#5160,.T.);
#5212 = ORIENTED_EDGE('',*,*,#4251,.T.);
#5213 = ORIENTED_EDGE('',*,*,#5185,.F.);
#5214 = ADVANCED_FACE('42_region0_Face_4',(#5215),#3422,.T.);
#5215 = FACE_BOUND('',#5216,.T.);
#5216 = EDGE_LOOP('undefined shape id',(#5217,#5218,#5239,#5240));
#5217 = ORIENTED_EDGE('',*,*,#3405,.T.);
#5218 = ORIENTED_EDGE('',*,*,#5219,.T.);
#5219 = EDGE_CURVE('42_region0_Edge_1',#3408,#4365,#5220,.T.);
#5220 = SURFACE_CURVE('',#5221,(#5225,#5232),.PCURVE_S1.);
#5221 = LINE('',#5222,#5223);
#5222 = CARTESIAN_POINT('',(-28.00000795,23.26000129,18.2390747));
#5223 = VECTOR('',#5224,1.);
#5224 = DIRECTION('',(0.,-1.,0.));
#5225 = PCURVE('',#3422,#5226);
#5226 = DEFINITIONAL_REPRESENTATION('',(#5227),#5231);
#5227 = LINE('',#5228,#5229);
#5228 = CARTESIAN_POINT('',(0.,0.));
#5229 = VECTOR('',#5230,1.);
#5230 = DIRECTION('',(0.,-1.));
#5231 = ( GEOMETRIC_REPRESENTATION_CONTEXT(2) 
PARAMETRIC_REPRESENTATION_CONTEXT() REPRESENTATION_CONTEXT('2D SPACE',''
  ) );
#5232 = PCURVE('',#3448,#5233);
#5233 = DEFINITIONAL_REPRESENTATION('',(#5234),#5238);
#5234 = LINE('',#5235,#5236);
#5235 = CARTESIAN_POINT('',(15.,0.));
#5236 = VECTOR('',#5237,1.);
#5237 = DIRECTION('',(0.,-1.));
#5238 = ( GEOMETRIC_REPRESENTATION_CONTEXT(2) 
PARAMETRIC_REPRESENTATION_CONTEXT() REPRESENTATION_CONTEXT('2D SPACE',''
  ) );
#5239 = ORIENTED_EDGE('',*,*,#4385,.T.);
#5240 = ORIENTED_EDGE('',*,*,#5241,.F.);
#5241 = EDGE_CURVE('42_region0_Edge_4',#3406,#4386,#5242,.T.);
#5242 = SURFACE_CURVE('',#5243,(#5247,#5254),.PCURVE_S1.);
#5243 = LINE('',#5244,#5245);
#5244 = CARTESIAN_POINT('',(-28.00000795,23.26000129,10.5390747));
#5245 = VECTOR('',#5246,1.);
#5246 = DIRECTION('',(0.,-1.,0.));
#5247 = PCURVE('',#3422,#5248);
#5248 = DEFINITIONAL_REPRESENTATION('',(#5249),#5253);
#5249 = LINE('',#5250,#5251);
#5250 = CARTESIAN_POINT('',(7.7,0.));
#5251 = VECTOR('',#5252,1.);
#5252 = DIRECTION('',(0.,-1.));
#5253 = ( GEOMETRIC_REPRESENTATION_CONTEXT(2) 
PARAMETRIC_REPRESENTATION_CONTEXT() REPRESENTATION_CONTEXT('2D SPACE',''
  ) );
#5254 = PCURVE('',#3498,#5255);
#5255 = DEFINITIONAL_REPRESENTATION('',(#5256),#5260);
#5256 = LINE('',#5257,#5258);
#5257 = CARTESIAN_POINT('',(15.,0.));
#5258 = VECTOR('',#5259,1.);
#5259 = DIRECTION('',(0.,-1.));
#5260 = ( GEOMETRIC_REPRESENTATION_CONTEXT(2) 
PARAMETRIC_REPRESENTATION_CONTEXT() REPRESENTATION_CONTEXT('2D SPACE',''
  ) );
#5261 = ADVANCED_FACE('42_region0_Face_7',(#5262),#3498,.F.);
#5262 = FACE_BOUND('',#5263,.F.);
#5263 = EDGE_LOOP('undefined shape id',(#5264,#5265,#5286,#5287));
#5264 = ORIENTED_EDGE('',*,*,#3485,.T.);
#5265 = ORIENTED_EDGE('',*,*,#5266,.T.);
#5266 = EDGE_CURVE('42_region0_Edge_7',#3460,#4344,#5267,.T.);
#5267 = SURFACE_CURVE('',#5268,(#5272,#5279),.PCURVE_S1.);
#5268 = LINE('',#5269,#5270);
#5269 = CARTESIAN_POINT('',(-13.00000795,23.26000129,10.5390747));
#5270 = VECTOR('',#5271,1.);
#5271 = DIRECTION('',(0.,-1.,0.));
#5272 = PCURVE('',#3498,#5273);
#5273 = DEFINITIONAL_REPRESENTATION('',(#5274),#5278);
#5274 = LINE('',#5275,#5276);
#5275 = CARTESIAN_POINT('',(0.,0.));
#5276 = VECTOR('',#5277,1.);
#5277 = DIRECTION('',(0.,-1.));
#5278 = ( GEOMETRIC_REPRESENTATION_CONTEXT(2) 
PARAMETRIC_REPRESENTATION_CONTEXT() REPRESENTATION_CONTEXT('2D SPACE',''
  ) );
#5279 = PCURVE('',#3474,#5280);
#5280 = DEFINITIONAL_REPRESENTATION('',(#5281),#5285);
#5281 = LINE('',#5282,#5283);
#5282 = CARTESIAN_POINT('',(7.7,0.));
#5283 = VECTOR('',#5284,1.);
#5284 = DIRECTION('',(0.,-1.));
#5285 = ( GEOMETRIC_REPRESENTATION_CONTEXT(2) 
PARAMETRIC_REPRESENTATION_CONTEXT() REPRESENTATION_CONTEXT('2D SPACE',''
  ) );
#5286 = ORIENTED_EDGE('',*,*,#4406,.T.);
#5287 = ORIENTED_EDGE('',*,*,#5241,.F.);
#5288 = ADVANCED_FACE('42_region0_Face_10',(#5289),#3474,.F.);
#5289 = FACE_BOUND('',#5290,.F.);
#5290 = EDGE_LOOP('undefined shape id',(#5291,#5292,#5313,#5314));
#5291 = ORIENTED_EDGE('',*,*,#3459,.T.);
#5292 = ORIENTED_EDGE('',*,*,#5293,.T.);
#5293 = EDGE_CURVE('42_region0_Edge_0',#3434,#4342,#5294,.T.);
#5294 = SURFACE_CURVE('',#5295,(#5299,#5306),.PCURVE_S1.);
#5295 = LINE('',#5296,#5297);
#5296 = CARTESIAN_POINT('',(-13.00000795,23.26000129,18.2390747));
#5297 = VECTOR('',#5298,1.);
#5298 = DIRECTION('',(0.,-1.,0.));
#5299 = PCURVE('',#3474,#5300);
#5300 = DEFINITIONAL_REPRESENTATION('',(#5301),#5305);
#5301 = LINE('',#5302,#5303);
#5302 = CARTESIAN_POINT('',(0.,0.));
#5303 = VECTOR('',#5304,1.);
#5304 = DIRECTION('',(0.,-1.));
#5305 = ( GEOMETRIC_REPRESENTATION_CONTEXT(2) 
PARAMETRIC_REPRESENTATION_CONTEXT() REPRESENTATION_CONTEXT('2D SPACE',''
  ) );
#5306 = PCURVE('',#3448,#5307);
#5307 = DEFINITIONAL_REPRESENTATION('',(#5308),#5312);
#5308 = LINE('',#5309,#5310);
#5309 = CARTESIAN_POINT('',(0.,0.));
#5310 = VECTOR('',#5311,1.);
#5311 = DIRECTION('',(0.,-1.));
#5312 = ( GEOMETRIC_REPRESENTATION_CONTEXT(2) 
PARAMETRIC_REPRESENTATION_CONTEXT() REPRESENTATION_CONTEXT('2D SPACE',''
  ) );
#5313 = ORIENTED_EDGE('',*,*,#4341,.T.);
#5314 = ORIENTED_EDGE('',*,*,#5266,.F.);
#5315 = ADVANCED_FACE('42_region0_Face_1',(#5316),#3448,.T.);
#5316 = FACE_BOUND('',#5317,.T.);
#5317 = EDGE_LOOP('undefined shape id',(#5318,#5319,#5320,#5321));
#5318 = ORIENTED_EDGE('',*,*,#3433,.T.);
#5319 = ORIENTED_EDGE('',*,*,#5293,.T.);
#5320 = ORIENTED_EDGE('',*,*,#4364,.T.);
#5321 = ORIENTED_EDGE('',*,*,#5219,.F.);
#5322 = ( GEOMETRIC_REPRESENTATION_CONTEXT(3) 
GLOBAL_UNCERTAINTY_ASSIGNED_CONTEXT((#5326)) 
GLOBAL_UNIT_ASSIGNED_CONTEXT((#5323,#5324,#5325)) REPRESENTATION_CONTEXT
('Context #1','3D Context with UNIT and UNCERTAINTY') );
#5323 = ( LENGTH_UNIT() NAMED_UNIT(*) SI_UNIT(.MILLI.,.METRE.) );
#5324 = ( NAMED_UNIT(*) PLANE_ANGLE_UNIT() SI_UNIT($,.RADIAN.) );
#5325 = ( NAMED_UNIT(*) SI_UNIT($,.STERADIAN.) SOLID_ANGLE_UNIT() );
#5326 = UNCERTAINTY_MEASURE_WITH_UNIT(LENGTH_MEASURE(2.E-07),#5323,
  'distance_accuracy_value','confusion accuracy');
#5327 = SHAPE_DEFINITION_REPRESENTATION(#5328,#25);
#5328 = PRODUCT_DEFINITION_SHAPE('','',#5329);
#5329 = PRODUCT_DEFINITION('design','',#5330,#5333);
#5330 = PRODUCT_DEFINITION_FORMATION('','',#5331);
#5331 = PRODUCT('SOLID','SOLID','',(#5332));
#5332 = PRODUCT_CONTEXT('',#2,'mechanical');
#5333 = PRODUCT_DEFINITION_CONTEXT('part definition',#2,'design');
#5334 = CONTEXT_DEPENDENT_SHAPE_REPRESENTATION(#5335,#5337);
#5335 = ( REPRESENTATION_RELATIONSHIP('','',#25,#10) 
REPRESENTATION_RELATIONSHIP_WITH_TRANSFORMATION(#5336) 
SHAPE_REPRESENTATION_RELATIONSHIP() );
#5336 = ITEM_DEFINED_TRANSFORMATION('','',#11,#15);
#5337 = PRODUCT_DEFINITION_SHAPE('Placement','Placement of an item',
  #5338);
#5338 = NEXT_ASSEMBLY_USAGE_OCCURRENCE('1','=>[0:1:1:2]','',#5,#5329,$);
#5339 = PRODUCT_RELATED_PRODUCT_CATEGORY('part',$,(#5331));
#5340 = SHAPE_DEFINITION_REPRESENTATION(#5341,#5347);
#5341 = PRODUCT_DEFINITION_SHAPE('','',#5342);
#5342 = PRODUCT_DEFINITION('design','',#5343,#5346);
#5343 = PRODUCT_DEFINITION_FORMATION('','',#5344);
#5344 = PRODUCT('ASSEMBLY','ASSEMBLY','',(#5345));
#5345 = PRODUCT_CONTEXT('',#2,'mechanical');
#5346 = PRODUCT_DEFINITION_CONTEXT('part definition',#2,'design');
#5347 = SHAPE_REPRESENTATION('',(#11,#5348),#5352);
#5348 = AXIS2_PLACEMENT_3D('',#5349,#5350,#5351);
#5349 = CARTESIAN_POINT('',(0.,0.,0.));
#5350 = DIRECTION('',(0.,0.,1.));
#5351 = DIRECTION('',(1.,0.,-0.));
#5352 = ( GEOMETRIC_REPRESENTATION_CONTEXT(3) 
GLOBAL_UNCERTAINTY_ASSIGNED_CONTEXT((#5356)) 
GLOBAL_UNIT_ASSIGNED_CONTEXT((#5353,#5354,#5355)) REPRESENTATION_CONTEXT
('Context #1','3D Context with UNIT and UNCERTAINTY') );
#5353 = ( LENGTH_UNIT() NAMED_UNIT(*) SI_UNIT(.MILLI.,.METRE.) );
#5354 = ( NAMED_UNIT(*) PLANE_ANGLE_UNIT() SI_UNIT($,.RADIAN.) );
#5355 = ( NAMED_UNIT(*) SI_UNIT($,.STERADIAN.) SOLID_ANGLE_UNIT() );
#5356 = UNCERTAINTY_MEASURE_WITH_UNIT(LENGTH_MEASURE(2.E-07),#5353,
  'distance_accuracy_value','confusion accuracy');
#5357 = PRODUCT_RELATED_PRODUCT_CATEGORY('part',$,(#5344));
#5358 = ADVANCED_BREP_SHAPE_REPRESENTATION('',(#11,#5359),#7205);
#5359 = MANIFOLD_SOLID_BREP('undefined shape id',#5360);
#5360 = CLOSED_SHELL('',(#5361,#5481,#5559,#5637,#6121,#6570,#6597,#6624
    ,#6651,#6678,#6685,#6735,#6785,#6832,#6859,#6886,#6913,#6940,#6965,
    #6990,#6997,#7047,#7097,#7124,#7151,#7178));
#5361 = ADVANCED_FACE('6_region1_Face_9',(#5362),#5376,.F.);
#5362 = FACE_BOUND('',#5363,.F.);
#5363 = EDGE_LOOP('undefined shape id',(#5364,#5399,#5427,#5455));
#5364 = ORIENTED_EDGE('',*,*,#5365,.T.);
#5365 = EDGE_CURVE('6_region1_Edge_0',#5366,#5368,#5370,.T.);
#5366 = VERTEX_POINT('6_region1_Vertex_0',#5367);
#5367 = CARTESIAN_POINT('',(32.50000742,-13.26001283,0.));
#5368 = VERTEX_POINT('6_region1_Vertex_1',#5369);
#5369 = CARTESIAN_POINT('',(32.50000742,-13.26001283,-1.5));
#5370 = SURFACE_CURVE('',#5371,(#5375,#5387),.PCURVE_S1.);
#5371 = LINE('',#5372,#5373);
#5372 = CARTESIAN_POINT('',(32.50000742,-13.26001283,0.));
#5373 = VECTOR('',#5374,1.);
#5374 = DIRECTION('',(-0.,-0.,-1.));
#5375 = PCURVE('',#5376,#5381);
#5376 = PLANE('',#5377);
#5377 = AXIS2_PLACEMENT_3D('',#5378,#5379,#5380);
#5378 = CARTESIAN_POINT('',(32.50000742,-13.26001283,0.));
#5379 = DIRECTION('',(0.,1.,-0.));
#5380 = DIRECTION('',(-1.,0.,0.));
#5381 = DEFINITIONAL_REPRESENTATION('',(#5382),#5386);
#5382 = LINE('',#5383,#5384);
#5383 = CARTESIAN_POINT('',(0.,0.));
#5384 = VECTOR('',#5385,1.);
#5385 = DIRECTION('',(0.,-1.));
#5386 = ( GEOMETRIC_REPRESENTATION_CONTEXT(2) 
PARAMETRIC_REPRESENTATION_CONTEXT() REPRESENTATION_CONTEXT('2D SPACE',''
  ) );
#5387 = PCURVE('',#5388,#5393);
#5388 = CYLINDRICAL_SURFACE('',#5389,3.);
#5389 = AXIS2_PLACEMENT_3D('',#5390,#5391,#5392);
#5390 = CARTESIAN_POINT('',(32.50000742,-10.26001283,0.));
#5391 = DIRECTION('',(-0.,-0.,1.));
#5392 = DIRECTION('',(-1.,0.,0.));
#5393 = DEFINITIONAL_REPRESENTATION('',(#5394),#5398);
#5394 = LINE('',#5395,#5396);
#5395 = CARTESIAN_POINT('',(-4.712388980385,0.));
#5396 = VECTOR('',#5397,1.);
#5397 = DIRECTION('',(-0.,-1.));
#5398 = ( GEOMETRIC_REPRESENTATION_CONTEXT(2) 
PARAMETRIC_REPRESENTATION_CONTEXT() REPRESENTATION_CONTEXT('2D SPACE',''
  ) );
#5399 = ORIENTED_EDGE('',*,*,#5400,.T.);
#5400 = EDGE_CURVE('6_region1_Edge_3',#5368,#5401,#5403,.T.);
#5401 = VERTEX_POINT('6_region1_Vertex_3',#5402);
#5402 = CARTESIAN_POINT('',(-32.49999258,-13.26001283,-1.5));
#5403 = SURFACE_CURVE('',#5404,(#5408,#5415),.PCURVE_S1.);
#5404 = LINE('',#5405,#5406);
#5405 = CARTESIAN_POINT('',(32.50000742,-13.26001283,-1.5));
#5406 = VECTOR('',#5407,1.);
#5407 = DIRECTION('',(-1.,0.,0.));
#5408 = PCURVE('',#5376,#5409);
#5409 = DEFINITIONAL_REPRESENTATION('',(#5410),#5414);
#5410 = LINE('',#5411,#5412);
#5411 = CARTESIAN_POINT('',(0.,-1.5));
#5412 = VECTOR('',#5413,1.);
#5413 = DIRECTION('',(1.,0.));
#5414 = ( GEOMETRIC_REPRESENTATION_CONTEXT(2) 
PARAMETRIC_REPRESENTATION_CONTEXT() REPRESENTATION_CONTEXT('2D SPACE',''
  ) );
#5415 = PCURVE('',#5416,#5421);
#5416 = PLANE('',#5417);
#5417 = AXIS2_PLACEMENT_3D('',#5418,#5419,#5420);
#5418 = CARTESIAN_POINT('',(0.,0.,-1.5));
#5419 = DIRECTION('',(-0.,-0.,-1.));
#5420 = DIRECTION('',(-1.,0.,0.));
#5421 = DEFINITIONAL_REPRESENTATION('',(#5422),#5426);
#5422 = LINE('',#5423,#5424);
#5423 = CARTESIAN_POINT('',(-32.50000742,-13.26001283));
#5424 = VECTOR('',#5425,1.);
#5425 = DIRECTION('',(1.,0.));
#5426 = ( GEOMETRIC_REPRESENTATION_CONTEXT(2) 
PARAMETRIC_REPRESENTATION_CONTEXT() REPRESENTATION_CONTEXT('2D SPACE',''
  ) );
#5427 = ORIENTED_EDGE('',*,*,#5428,.F.);
#5428 = EDGE_CURVE('6_region1_Edge_1',#5429,#5401,#5431,.T.);
#5429 = VERTEX_POINT('6_region1_Vertex_2',#5430);
#5430 = CARTESIAN_POINT('',(-32.49999258,-13.26001283,0.));
#5431 = SURFACE_CURVE('',#5432,(#5436,#5443),.PCURVE_S1.);
#5432 = LINE('',#5433,#5434);
#5433 = CARTESIAN_POINT('',(-32.49999258,-13.26001283,0.));
#5434 = VECTOR('',#5435,1.);
#5435 = DIRECTION('',(-0.,-0.,-1.));
#5436 = PCURVE('',#5376,#5437);
#5437 = DEFINITIONAL_REPRESENTATION('',(#5438),#5442);
#5438 = LINE('',#5439,#5440);
#5439 = CARTESIAN_POINT('',(65.,0.));
#5440 = VECTOR('',#5441,1.);
#5441 = DIRECTION('',(0.,-1.));
#5442 = ( GEOMETRIC_REPRESENTATION_CONTEXT(2) 
PARAMETRIC_REPRESENTATION_CONTEXT() REPRESENTATION_CONTEXT('2D SPACE',''
  ) );
#5443 = PCURVE('',#5444,#5449);
#5444 = CYLINDRICAL_SURFACE('',#5445,3.);
#5445 = AXIS2_PLACEMENT_3D('',#5446,#5447,#5448);
#5446 = CARTESIAN_POINT('',(-32.49999258,-10.26001283,0.));
#5447 = DIRECTION('',(-0.,-0.,1.));
#5448 = DIRECTION('',(-1.,0.,0.));
#5449 = DEFINITIONAL_REPRESENTATION('',(#5450),#5454);
#5450 = LINE('',#5451,#5452);
#5451 = CARTESIAN_POINT('',(-4.712388980385,0.));
#5452 = VECTOR('',#5453,1.);
#5453 = DIRECTION('',(-0.,-1.));
#5454 = ( GEOMETRIC_REPRESENTATION_CONTEXT(2) 
PARAMETRIC_REPRESENTATION_CONTEXT() REPRESENTATION_CONTEXT('2D SPACE',''
  ) );
#5455 = ORIENTED_EDGE('',*,*,#5456,.F.);
#5456 = EDGE_CURVE('6_region1_Edge_2',#5366,#5429,#5457,.T.);
#5457 = SURFACE_CURVE('',#5458,(#5462,#5469),.PCURVE_S1.);
#5458 = LINE('',#5459,#5460);
#5459 = CARTESIAN_POINT('',(32.50000742,-13.26001283,0.));
#5460 = VECTOR('',#5461,1.);
#5461 = DIRECTION('',(-1.,0.,0.));
#5462 = PCURVE('',#5376,#5463);
#5463 = DEFINITIONAL_REPRESENTATION('',(#5464),#5468);
#5464 = LINE('',#5465,#5466);
#5465 = CARTESIAN_POINT('',(0.,0.));
#5466 = VECTOR('',#5467,1.);
#5467 = DIRECTION('',(1.,0.));
#5468 = ( GEOMETRIC_REPRESENTATION_CONTEXT(2) 
PARAMETRIC_REPRESENTATION_CONTEXT() REPRESENTATION_CONTEXT('2D SPACE',''
  ) );
#5469 = PCURVE('',#5470,#5475);
#5470 = PLANE('',#5471);
#5471 = AXIS2_PLACEMENT_3D('',#5472,#5473,#5474);
#5472 = CARTESIAN_POINT('',(0.,0.,0.));
#5473 = DIRECTION('',(-0.,-0.,-1.));
#5474 = DIRECTION('',(-1.,0.,0.));
#5475 = DEFINITIONAL_REPRESENTATION('',(#5476),#5480);
#5476 = LINE('',#5477,#5478);
#5477 = CARTESIAN_POINT('',(-32.50000742,-13.26001283));
#5478 = VECTOR('',#5479,1.);
#5479 = DIRECTION('',(1.,0.));
#5480 = ( GEOMETRIC_REPRESENTATION_CONTEXT(2) 
PARAMETRIC_REPRESENTATION_CONTEXT() REPRESENTATION_CONTEXT('2D SPACE',''
  ) );
#5481 = ADVANCED_FACE('6_region1_Face_33',(#5482),#5388,.T.);
#5482 = FACE_BOUND('',#5483,.F.);
#5483 = EDGE_LOOP('undefined shape id',(#5484,#5514,#5536,#5537));
#5484 = ORIENTED_EDGE('',*,*,#5485,.T.);
#5485 = EDGE_CURVE('6_region1_Edge_19',#5486,#5488,#5490,.T.);
#5486 = VERTEX_POINT('6_region1_Vertex_14',#5487);
#5487 = CARTESIAN_POINT('',(35.50000742,-10.26001283,0.));
#5488 = VERTEX_POINT('6_region1_Vertex_15',#5489);
#5489 = CARTESIAN_POINT('',(35.50000742,-10.26001283,-1.5));
#5490 = SURFACE_CURVE('',#5491,(#5495,#5502),.PCURVE_S1.);
#5491 = LINE('',#5492,#5493);
#5492 = CARTESIAN_POINT('',(35.50000742,-10.26001283,0.));
#5493 = VECTOR('',#5494,1.);
#5494 = DIRECTION('',(-0.,-0.,-1.));
#5495 = PCURVE('',#5388,#5496);
#5496 = DEFINITIONAL_REPRESENTATION('',(#5497),#5501);
#5497 = LINE('',#5498,#5499);
#5498 = CARTESIAN_POINT('',(-3.14159265359,0.));
#5499 = VECTOR('',#5500,1.);
#5500 = DIRECTION('',(-0.,-1.));
#5501 = ( GEOMETRIC_REPRESENTATION_CONTEXT(2) 
PARAMETRIC_REPRESENTATION_CONTEXT() REPRESENTATION_CONTEXT('2D SPACE',''
  ) );
#5502 = PCURVE('',#5503,#5508);
#5503 = PLANE('',#5504);
#5504 = AXIS2_PLACEMENT_3D('',#5505,#5506,#5507);
#5505 = CARTESIAN_POINT('',(35.50000742,10.25998717,0.));
#5506 = DIRECTION('',(-1.,0.,0.));
#5507 = DIRECTION('',(-0.,-1.,0.));
#5508 = DEFINITIONAL_REPRESENTATION('',(#5509),#5513);
#5509 = LINE('',#5510,#5511);
#5510 = CARTESIAN_POINT('',(20.52,0.));
#5511 = VECTOR('',#5512,1.);
#5512 = DIRECTION('',(0.,-1.));
#5513 = ( GEOMETRIC_REPRESENTATION_CONTEXT(2) 
PARAMETRIC_REPRESENTATION_CONTEXT() REPRESENTATION_CONTEXT('2D SPACE',''
  ) );
#5514 = ORIENTED_EDGE('',*,*,#5515,.T.);
#5515 = EDGE_CURVE('6_region1_Edge_23',#5488,#5368,#5516,.T.);
#5516 = SURFACE_CURVE('',#5517,(#5522,#5529),.PCURVE_S1.);
#5517 = CIRCLE('',#5518,3.);
#5518 = AXIS2_PLACEMENT_3D('',#5519,#5520,#5521);
#5519 = CARTESIAN_POINT('',(32.50000742,-10.26001283,-1.5));
#5520 = DIRECTION('',(0.,0.,-1.));
#5521 = DIRECTION('',(-1.,0.,0.));
#5522 = PCURVE('',#5388,#5523);
#5523 = DEFINITIONAL_REPRESENTATION('',(#5524),#5528);
#5524 = LINE('',#5525,#5526);
#5525 = CARTESIAN_POINT('',(-0.,-1.5));
#5526 = VECTOR('',#5527,1.);
#5527 = DIRECTION('',(-1.,0.));
#5528 = ( GEOMETRIC_REPRESENTATION_CONTEXT(2) 
PARAMETRIC_REPRESENTATION_CONTEXT() REPRESENTATION_CONTEXT('2D SPACE',''
  ) );
#5529 = PCURVE('',#5416,#5530);
#5530 = DEFINITIONAL_REPRESENTATION('',(#5531),#5535);
#5531 = CIRCLE('',#5532,3.);
#5532 = AXIS2_PLACEMENT_2D('',#5533,#5534);
#5533 = CARTESIAN_POINT('',(-32.50000742,-10.26001283));
#5534 = DIRECTION('',(1.,0.));
#5535 = ( GEOMETRIC_REPRESENTATION_CONTEXT(2) 
PARAMETRIC_REPRESENTATION_CONTEXT() REPRESENTATION_CONTEXT('2D SPACE',''
  ) );
#5536 = ORIENTED_EDGE('',*,*,#5365,.F.);
#5537 = ORIENTED_EDGE('',*,*,#5538,.F.);
#5538 = EDGE_CURVE('6_region1_Edge_22',#5486,#5366,#5539,.T.);
#5539 = SURFACE_CURVE('',#5540,(#5545,#5552),.PCURVE_S1.);
#5540 = CIRCLE('',#5541,3.);
#5541 = AXIS2_PLACEMENT_3D('',#5542,#5543,#5544);
#5542 = CARTESIAN_POINT('',(32.50000742,-10.26001283,0.));
#5543 = DIRECTION('',(0.,0.,-1.));
#5544 = DIRECTION('',(-1.,0.,0.));
#5545 = PCURVE('',#5388,#5546);
#5546 = DEFINITIONAL_REPRESENTATION('',(#5547),#5551);
#5547 = LINE('',#5548,#5549);
#5548 = CARTESIAN_POINT('',(-0.,0.));
#5549 = VECTOR('',#5550,1.);
#5550 = DIRECTION('',(-1.,0.));
#5551 = ( GEOMETRIC_REPRESENTATION_CONTEXT(2) 
PARAMETRIC_REPRESENTATION_CONTEXT() REPRESENTATION_CONTEXT('2D SPACE',''
  ) );
#5552 = PCURVE('',#5470,#5553);
#5553 = DEFINITIONAL_REPRESENTATION('',(#5554),#5558);
#5554 = CIRCLE('',#5555,3.);
#5555 = AXIS2_PLACEMENT_2D('',#5556,#5557);
#5556 = CARTESIAN_POINT('',(-32.50000742,-10.26001283));
#5557 = DIRECTION('',(1.,0.));
#5558 = ( GEOMETRIC_REPRESENTATION_CONTEXT(2) 
PARAMETRIC_REPRESENTATION_CONTEXT() REPRESENTATION_CONTEXT('2D SPACE',''
  ) );
#5559 = ADVANCED_FACE('6_region1_Face_12',(#5560),#5444,.T.);
#5560 = FACE_BOUND('',#5561,.F.);
#5561 = EDGE_LOOP('undefined shape id',(#5562,#5563,#5587,#5615));
#5562 = ORIENTED_EDGE('',*,*,#5428,.T.);
#5563 = ORIENTED_EDGE('',*,*,#5564,.T.);
#5564 = EDGE_CURVE('6_region1_Edge_6',#5401,#5565,#5567,.T.);
#5565 = VERTEX_POINT('6_region1_Vertex_5',#5566);
#5566 = CARTESIAN_POINT('',(-35.49999258,-10.26001283,-1.5));
#5567 = SURFACE_CURVE('',#5568,(#5573,#5580),.PCURVE_S1.);
#5568 = CIRCLE('',#5569,3.);
#5569 = AXIS2_PLACEMENT_3D('',#5570,#5571,#5572);
#5570 = CARTESIAN_POINT('',(-32.49999258,-10.26001283,-1.5));
#5571 = DIRECTION('',(0.,0.,-1.));
#5572 = DIRECTION('',(-1.,0.,0.));
#5573 = PCURVE('',#5444,#5574);
#5574 = DEFINITIONAL_REPRESENTATION('',(#5575),#5579);
#5575 = LINE('',#5576,#5577);
#5576 = CARTESIAN_POINT('',(-0.,-1.5));
#5577 = VECTOR('',#5578,1.);
#5578 = DIRECTION('',(-1.,0.));
#5579 = ( GEOMETRIC_REPRESENTATION_CONTEXT(2) 
PARAMETRIC_REPRESENTATION_CONTEXT() REPRESENTATION_CONTEXT('2D SPACE',''
  ) );
#5580 = PCURVE('',#5416,#5581);
#5581 = DEFINITIONAL_REPRESENTATION('',(#5582),#5586);
#5582 = CIRCLE('',#5583,3.);
#5583 = AXIS2_PLACEMENT_2D('',#5584,#5585);
#5584 = CARTESIAN_POINT('',(32.49999258,-10.26001283));
#5585 = DIRECTION('',(1.,0.));
#5586 = ( GEOMETRIC_REPRESENTATION_CONTEXT(2) 
PARAMETRIC_REPRESENTATION_CONTEXT() REPRESENTATION_CONTEXT('2D SPACE',''
  ) );
#5587 = ORIENTED_EDGE('',*,*,#5588,.F.);
#5588 = EDGE_CURVE('6_region1_Edge_4',#5589,#5565,#5591,.T.);
#5589 = VERTEX_POINT('6_region1_Vertex_4',#5590);
#5590 = CARTESIAN_POINT('',(-35.49999258,-10.26001283,0.));
#5591 = SURFACE_CURVE('',#5592,(#5596,#5603),.PCURVE_S1.);
#5592 = LINE('',#5593,#5594);
#5593 = CARTESIAN_POINT('',(-35.49999258,-10.26001283,0.));
#5594 = VECTOR('',#5595,1.);
#5595 = DIRECTION('',(-0.,-0.,-1.));
#5596 = PCURVE('',#5444,#5597);
#5597 = DEFINITIONAL_REPRESENTATION('',(#5598),#5602);
#5598 = LINE('',#5599,#5600);
#5599 = CARTESIAN_POINT('',(-6.28318530718,0.));
#5600 = VECTOR('',#5601,1.);
#5601 = DIRECTION('',(-0.,-1.));
#5602 = ( GEOMETRIC_REPRESENTATION_CONTEXT(2) 
PARAMETRIC_REPRESENTATION_CONTEXT() REPRESENTATION_CONTEXT('2D SPACE',''
  ) );
#5603 = PCURVE('',#5604,#5609);
#5604 = PLANE('',#5605);
#5605 = AXIS2_PLACEMENT_3D('',#5606,#5607,#5608);
#5606 = CARTESIAN_POINT('',(-35.49999258,-10.26001283,0.));
#5607 = DIRECTION('',(1.,0.,0.));
#5608 = DIRECTION('',(-0.,1.,0.));
#5609 = DEFINITIONAL_REPRESENTATION('',(#5610),#5614);
#5610 = LINE('',#5611,#5612);
#5611 = CARTESIAN_POINT('',(0.,0.));
#5612 = VECTOR('',#5613,1.);
#5613 = DIRECTION('',(0.,-1.));
#5614 = ( GEOMETRIC_REPRESENTATION_CONTEXT(2) 
PARAMETRIC_REPRESENTATION_CONTEXT() REPRESENTATION_CONTEXT('2D SPACE',''
  ) );
#5615 = ORIENTED_EDGE('',*,*,#5616,.F.);
#5616 = EDGE_CURVE('6_region1_Edge_5',#5429,#5589,#5617,.T.);
#5617 = SURFACE_CURVE('',#5618,(#5623,#5630),.PCURVE_S1.);
#5618 = CIRCLE('',#5619,3.);
#5619 = AXIS2_PLACEMENT_3D('',#5620,#5621,#5622);
#5620 = CARTESIAN_POINT('',(-32.49999258,-10.26001283,0.));
#5621 = DIRECTION('',(0.,0.,-1.));
#5622 = DIRECTION('',(-1.,0.,0.));
#5623 = PCURVE('',#5444,#5624);
#5624 = DEFINITIONAL_REPRESENTATION('',(#5625),#5629);
#5625 = LINE('',#5626,#5627);
#5626 = CARTESIAN_POINT('',(-0.,0.));
#5627 = VECTOR('',#5628,1.);
#5628 = DIRECTION('',(-1.,0.));
#5629 = ( GEOMETRIC_REPRESENTATION_CONTEXT(2) 
PARAMETRIC_REPRESENTATION_CONTEXT() REPRESENTATION_CONTEXT('2D SPACE',''
  ) );
#5630 = PCURVE('',#5470,#5631);
#5631 = DEFINITIONAL_REPRESENTATION('',(#5632),#5636);
#5632 = CIRCLE('',#5633,3.);
#5633 = AXIS2_PLACEMENT_2D('',#5634,#5635);
#5634 = CARTESIAN_POINT('',(32.49999258,-10.26001283));
#5635 = DIRECTION('',(1.,0.));
#5636 = ( GEOMETRIC_REPRESENTATION_CONTEXT(2) 
PARAMETRIC_REPRESENTATION_CONTEXT() REPRESENTATION_CONTEXT('2D SPACE',''
  ) );
#5637 = ADVANCED_FACE('6_region1_Face_start',(#5638,#5773,#5804,#5835,
    #6059,#6090),#5470,.F.);
#5638 = FACE_BOUND('',#5639,.F.);
#5639 = EDGE_LOOP('undefined shape id',(#5640,#5641,#5642,#5665,#5694,
    #5722,#5751,#5772));
#5640 = ORIENTED_EDGE('',*,*,#5456,.T.);
#5641 = ORIENTED_EDGE('',*,*,#5616,.T.);
#5642 = ORIENTED_EDGE('',*,*,#5643,.T.);
#5643 = EDGE_CURVE('6_region1_Edge_8',#5589,#5644,#5646,.T.);
#5644 = VERTEX_POINT('6_region1_Vertex_6',#5645);
#5645 = CARTESIAN_POINT('',(-35.49999258,10.25998717,0.));
#5646 = SURFACE_CURVE('',#5647,(#5651,#5658),.PCURVE_S1.);
#5647 = LINE('',#5648,#5649);
#5648 = CARTESIAN_POINT('',(-35.49999258,-10.26001283,0.));
#5649 = VECTOR('',#5650,1.);
#5650 = DIRECTION('',(0.,1.,0.));
#5651 = PCURVE('',#5470,#5652);
#5652 = DEFINITIONAL_REPRESENTATION('',(#5653),#5657);
#5653 = LINE('',#5654,#5655);
#5654 = CARTESIAN_POINT('',(35.49999258,-10.26001283));
#5655 = VECTOR('',#5656,1.);
#5656 = DIRECTION('',(0.,1.));
#5657 = ( GEOMETRIC_REPRESENTATION_CONTEXT(2) 
PARAMETRIC_REPRESENTATION_CONTEXT() REPRESENTATION_CONTEXT('2D SPACE',''
  ) );
#5658 = PCURVE('',#5604,#5659);
#5659 = DEFINITIONAL_REPRESENTATION('',(#5660),#5664);
#5660 = LINE('',#5661,#5662);
#5661 = CARTESIAN_POINT('',(0.,0.));
#5662 = VECTOR('',#5663,1.);
#5663 = DIRECTION('',(1.,0.));
#5664 = ( GEOMETRIC_REPRESENTATION_CONTEXT(2) 
PARAMETRIC_REPRESENTATION_CONTEXT() REPRESENTATION_CONTEXT('2D SPACE',''
  ) );
#5665 = ORIENTED_EDGE('',*,*,#5666,.T.);
#5666 = EDGE_CURVE('6_region1_Edge_11',#5644,#5667,#5669,.T.);
#5667 = VERTEX_POINT('6_region1_Vertex_8',#5668);
#5668 = CARTESIAN_POINT('',(-32.49999258,13.25998717,0.));
#5669 = SURFACE_CURVE('',#5670,(#5675,#5682),.PCURVE_S1.);
#5670 = CIRCLE('',#5671,3.);
#5671 = AXIS2_PLACEMENT_3D('',#5672,#5673,#5674);
#5672 = CARTESIAN_POINT('',(-32.49999258,10.25998717,0.));
#5673 = DIRECTION('',(0.,0.,-1.));
#5674 = DIRECTION('',(-1.,0.,0.));
#5675 = PCURVE('',#5470,#5676);
#5676 = DEFINITIONAL_REPRESENTATION('',(#5677),#5681);
#5677 = CIRCLE('',#5678,3.);
#5678 = AXIS2_PLACEMENT_2D('',#5679,#5680);
#5679 = CARTESIAN_POINT('',(32.49999258,10.25998717));
#5680 = DIRECTION('',(1.,0.));
#5681 = ( GEOMETRIC_REPRESENTATION_CONTEXT(2) 
PARAMETRIC_REPRESENTATION_CONTEXT() REPRESENTATION_CONTEXT('2D SPACE',''
  ) );
#5682 = PCURVE('',#5683,#5688);
#5683 = CYLINDRICAL_SURFACE('',#5684,3.);
#5684 = AXIS2_PLACEMENT_3D('',#5685,#5686,#5687);
#5685 = CARTESIAN_POINT('',(-32.49999258,10.25998717,0.));
#5686 = DIRECTION('',(-0.,-0.,1.));
#5687 = DIRECTION('',(-1.,0.,0.));
#5688 = DEFINITIONAL_REPRESENTATION('',(#5689),#5693);
#5689 = LINE('',#5690,#5691);
#5690 = CARTESIAN_POINT('',(-0.,0.));
#5691 = VECTOR('',#5692,1.);
#5692 = DIRECTION('',(-1.,0.));
#5693 = ( GEOMETRIC_REPRESENTATION_CONTEXT(2) 
PARAMETRIC_REPRESENTATION_CONTEXT() REPRESENTATION_CONTEXT('2D SPACE',''
  ) );
#5694 = ORIENTED_EDGE('',*,*,#5695,.T.);
#5695 = EDGE_CURVE('6_region1_Edge_14',#5667,#5696,#5698,.T.);
#5696 = VERTEX_POINT('6_region1_Vertex_10',#5697);
#5697 = CARTESIAN_POINT('',(32.50000742,13.25998717,0.));
#5698 = SURFACE_CURVE('',#5699,(#5703,#5710),.PCURVE_S1.);
#5699 = LINE('',#5700,#5701);
#5700 = CARTESIAN_POINT('',(-32.49999258,13.25998717,0.));
#5701 = VECTOR('',#5702,1.);
#5702 = DIRECTION('',(1.,0.,-0.));
#5703 = PCURVE('',#5470,#5704);
#5704 = DEFINITIONAL_REPRESENTATION('',(#5705),#5709);
#5705 = LINE('',#5706,#5707);
#5706 = CARTESIAN_POINT('',(32.49999258,13.25998717));
#5707 = VECTOR('',#5708,1.);
#5708 = DIRECTION('',(-1.,0.));
#5709 = ( GEOMETRIC_REPRESENTATION_CONTEXT(2) 
PARAMETRIC_REPRESENTATION_CONTEXT() REPRESENTATION_CONTEXT('2D SPACE',''
  ) );
#5710 = PCURVE('',#5711,#5716);
#5711 = PLANE('',#5712);
#5712 = AXIS2_PLACEMENT_3D('',#5713,#5714,#5715);
#5713 = CARTESIAN_POINT('',(-32.49999258,13.25998717,0.));
#5714 = DIRECTION('',(0.,-1.,0.));
#5715 = DIRECTION('',(1.,0.,0.));
#5716 = DEFINITIONAL_REPRESENTATION('',(#5717),#5721);
#5717 = LINE('',#5718,#5719);
#5718 = CARTESIAN_POINT('',(0.,0.));
#5719 = VECTOR('',#5720,1.);
#5720 = DIRECTION('',(1.,0.));
#5721 = ( GEOMETRIC_REPRESENTATION_CONTEXT(2) 
PARAMETRIC_REPRESENTATION_CONTEXT() REPRESENTATION_CONTEXT('2D SPACE',''
  ) );
#5722 = ORIENTED_EDGE('',*,*,#5723,.T.);
#5723 = EDGE_CURVE('6_region1_Edge_17',#5696,#5724,#5726,.T.);
#5724 = VERTEX_POINT('6_region1_Vertex_12',#5725);
#5725 = CARTESIAN_POINT('',(35.50000742,10.25998717,0.));
#5726 = SURFACE_CURVE('',#5727,(#5732,#5739),.PCURVE_S1.);
#5727 = CIRCLE('',#5728,3.);
#5728 = AXIS2_PLACEMENT_3D('',#5729,#5730,#5731);
#5729 = CARTESIAN_POINT('',(32.50000742,10.25998717,0.));
#5730 = DIRECTION('',(0.,0.,-1.));
#5731 = DIRECTION('',(-1.,0.,0.));
#5732 = PCURVE('',#5470,#5733);
#5733 = DEFINITIONAL_REPRESENTATION('',(#5734),#5738);
#5734 = CIRCLE('',#5735,3.);
#5735 = AXIS2_PLACEMENT_2D('',#5736,#5737);
#5736 = CARTESIAN_POINT('',(-32.50000742,10.25998717));
#5737 = DIRECTION('',(1.,0.));
#5738 = ( GEOMETRIC_REPRESENTATION_CONTEXT(2) 
PARAMETRIC_REPRESENTATION_CONTEXT() REPRESENTATION_CONTEXT('2D SPACE',''
  ) );
#5739 = PCURVE('',#5740,#5745);
#5740 = CYLINDRICAL_SURFACE('',#5741,3.);
#5741 = AXIS2_PLACEMENT_3D('',#5742,#5743,#5744);
#5742 = CARTESIAN_POINT('',(32.50000742,10.25998717,0.));
#5743 = DIRECTION('',(-0.,-0.,1.));
#5744 = DIRECTION('',(-1.,0.,0.));
#5745 = DEFINITIONAL_REPRESENTATION('',(#5746),#5750);
#5746 = LINE('',#5747,#5748);
#5747 = CARTESIAN_POINT('',(-0.,0.));
#5748 = VECTOR('',#5749,1.);
#5749 = DIRECTION('',(-1.,0.));
#5750 = ( GEOMETRIC_REPRESENTATION_CONTEXT(2) 
PARAMETRIC_REPRESENTATION_CONTEXT() REPRESENTATION_CONTEXT('2D SPACE',''
  ) );
#5751 = ORIENTED_EDGE('',*,*,#5752,.T.);
#5752 = EDGE_CURVE('6_region1_Edge_20',#5724,#5486,#5753,.T.);
#5753 = SURFACE_CURVE('',#5754,(#5758,#5765),.PCURVE_S1.);
#5754 = LINE('',#5755,#5756);
#5755 = CARTESIAN_POINT('',(35.50000742,10.25998717,0.));
#5756 = VECTOR('',#5757,1.);
#5757 = DIRECTION('',(-0.,-1.,0.));
#5758 = PCURVE('',#5470,#5759);
#5759 = DEFINITIONAL_REPRESENTATION('',(#5760),#5764);
#5760 = LINE('',#5761,#5762);
#5761 = CARTESIAN_POINT('',(-35.50000742,10.25998717));
#5762 = VECTOR('',#5763,1.);
#5763 = DIRECTION('',(0.,-1.));
#5764 = ( GEOMETRIC_REPRESENTATION_CONTEXT(2) 
PARAMETRIC_REPRESENTATION_CONTEXT() REPRESENTATION_CONTEXT('2D SPACE',''
  ) );
#5765 = PCURVE('',#5503,#5766);
#5766 = DEFINITIONAL_REPRESENTATION('',(#5767),#5771);
#5767 = LINE('',#5768,#5769);
#5768 = CARTESIAN_POINT('',(0.,0.));
#5769 = VECTOR('',#5770,1.);
#5770 = DIRECTION('',(1.,0.));
#5771 = ( GEOMETRIC_REPRESENTATION_CONTEXT(2) 
PARAMETRIC_REPRESENTATION_CONTEXT() REPRESENTATION_CONTEXT('2D SPACE',''
  ) );
#5772 = ORIENTED_EDGE('',*,*,#5538,.T.);
#5773 = FACE_BOUND('',#5774,.F.);
#5774 = EDGE_LOOP('undefined shape id',(#5775));
#5775 = ORIENTED_EDGE('',*,*,#5776,.F.);
#5776 = EDGE_CURVE('14_Sub_be49b292ed5b3f5ba8a28b195d7adafc_Edge_40',
  #5777,#5777,#5779,.T.);
#5777 = VERTEX_POINT('14_Sub_be49b292ed5b3f5ba8a28b195d7adafc_Vertex_24'
  ,#5778);
#5778 = CARTESIAN_POINT('',(32.50000742,-11.71001283,0.));
#5779 = SURFACE_CURVE('',#5780,(#5785,#5792),.PCURVE_S1.);
#5780 = CIRCLE('',#5781,1.45);
#5781 = AXIS2_PLACEMENT_3D('',#5782,#5783,#5784);
#5782 = CARTESIAN_POINT('',(32.50000742,-10.26001283,0.));
#5783 = DIRECTION('',(0.,0.,-1.));
#5784 = DIRECTION('',(0.,-1.,0.));
#5785 = PCURVE('',#5470,#5786);
#5786 = DEFINITIONAL_REPRESENTATION('',(#5787),#5791);
#5787 = CIRCLE('',#5788,1.45);
#5788 = AXIS2_PLACEMENT_2D('',#5789,#5790);
#5789 = CARTESIAN_POINT('',(-32.50000742,-10.26001283));
#5790 = DIRECTION('',(0.,-1.));
#5791 = ( GEOMETRIC_REPRESENTATION_CONTEXT(2) 
PARAMETRIC_REPRESENTATION_CONTEXT() REPRESENTATION_CONTEXT('2D SPACE',''
  ) );
#5792 = PCURVE('',#5793,#5798);
#5793 = CYLINDRICAL_SURFACE('',#5794,1.45);
#5794 = AXIS2_PLACEMENT_3D('',#5795,#5796,#5797);
#5795 = CARTESIAN_POINT('',(32.50000742,-10.26001283,8.5));
#5796 = DIRECTION('',(0.,0.,-1.));
#5797 = DIRECTION('',(0.,-1.,0.));
#5798 = DEFINITIONAL_REPRESENTATION('',(#5799),#5803);
#5799 = LINE('',#5800,#5801);
#5800 = CARTESIAN_POINT('',(-6.28318530718,8.5));
#5801 = VECTOR('',#5802,1.);
#5802 = DIRECTION('',(1.,-0.));
#5803 = ( GEOMETRIC_REPRESENTATION_CONTEXT(2) 
PARAMETRIC_REPRESENTATION_CONTEXT() REPRESENTATION_CONTEXT('2D SPACE',''
  ) );
#5804 = FACE_BOUND('',#5805,.F.);
#5805 = EDGE_LOOP('undefined shape id',(#5806));
#5806 = ORIENTED_EDGE('',*,*,#5807,.F.);
#5807 = EDGE_CURVE('14_Sub_be49b292ed5b3f5ba8a28b195d7adafc_Edge_41',
  #5808,#5808,#5810,.T.);
#5808 = VERTEX_POINT('14_Sub_be49b292ed5b3f5ba8a28b195d7adafc_Vertex_25'
  ,#5809);
#5809 = CARTESIAN_POINT('',(-32.49999258,-11.71001283,0.));
#5810 = SURFACE_CURVE('',#5811,(#5816,#5823),.PCURVE_S1.);
#5811 = CIRCLE('',#5812,1.45);
#5812 = AXIS2_PLACEMENT_3D('',#5813,#5814,#5815);
#5813 = CARTESIAN_POINT('',(-32.49999258,-10.26001283,0.));
#5814 = DIRECTION('',(0.,0.,-1.));
#5815 = DIRECTION('',(0.,-1.,0.));
#5816 = PCURVE('',#5470,#5817);
#5817 = DEFINITIONAL_REPRESENTATION('',(#5818),#5822);
#5818 = CIRCLE('',#5819,1.45);
#5819 = AXIS2_PLACEMENT_2D('',#5820,#5821);
#5820 = CARTESIAN_POINT('',(32.49999258,-10.26001283));
#5821 = DIRECTION('',(0.,-1.));
#5822 = ( GEOMETRIC_REPRESENTATION_CONTEXT(2) 
PARAMETRIC_REPRESENTATION_CONTEXT() REPRESENTATION_CONTEXT('2D SPACE',''
  ) );
#5823 = PCURVE('',#5824,#5829);
#5824 = CYLINDRICAL_SURFACE('',#5825,1.45);
#5825 = AXIS2_PLACEMENT_3D('',#5826,#5827,#5828);
#5826 = CARTESIAN_POINT('',(-32.49999258,-10.26001283,8.5));
#5827 = DIRECTION('',(0.,0.,-1.));
#5828 = DIRECTION('',(0.,-1.,0.));
#5829 = DEFINITIONAL_REPRESENTATION('',(#5830),#5834);
#5830 = LINE('',#5831,#5832);
#5831 = CARTESIAN_POINT('',(-6.28318530718,8.5));
#5832 = VECTOR('',#5833,1.);
#5833 = DIRECTION('',(1.,-0.));
#5834 = ( GEOMETRIC_REPRESENTATION_CONTEXT(2) 
PARAMETRIC_REPRESENTATION_CONTEXT() REPRESENTATION_CONTEXT('2D SPACE',''
  ) );
#5835 = FACE_BOUND('',#5836,.F.);
#5836 = EDGE_LOOP('undefined shape id',(#5837,#5865,#5894,#5922,#5951,
    #5977,#6006,#6032));
#5837 = ORIENTED_EDGE('',*,*,#5838,.F.);
#5838 = EDGE_CURVE('38_Sub_c30b5fb00c98d405a09252fed7f978ad_Edge_52',
  #5839,#5841,#5843,.T.);
#5839 = VERTEX_POINT('38_Sub_c30b5fb00c98d405a09252fed7f978ad_Vertex_28'
  ,#5840);
#5840 = CARTESIAN_POINT('',(9.853474,-6.71001307,0.));
#5841 = VERTEX_POINT('38_Sub_c30b5fb00c98d405a09252fed7f978ad_Vertex_29'
  ,#5842);
#5842 = CARTESIAN_POINT('',(-9.146526,-6.71001307,0.));
#5843 = SURFACE_CURVE('',#5844,(#5848,#5854),.PCURVE_S1.);
#5844 = LINE('',#5845,#5846);
#5845 = CARTESIAN_POINT('',(4.926737,-6.71001307,0.));
#5846 = VECTOR('',#5847,1.);
#5847 = DIRECTION('',(-1.,0.,0.));
#5848 = PCURVE('',#5470,#5849);
#5849 = DEFINITIONAL_REPRESENTATION('',(#5850),#5853);
#5850 = B_SPLINE_CURVE_WITH_KNOTS('',1,(#5851,#5852),.UNSPECIFIED.,.F.,
  .F.,(2,2),(-4.926737,14.073263),.PIECEWISE_BEZIER_KNOTS.);
#5851 = CARTESIAN_POINT('',(-9.853474,-6.71001307));
#5852 = CARTESIAN_POINT('',(9.146526,-6.71001307));
#5853 = ( GEOMETRIC_REPRESENTATION_CONTEXT(2) 
PARAMETRIC_REPRESENTATION_CONTEXT() REPRESENTATION_CONTEXT('2D SPACE',''
  ) );
#5854 = PCURVE('',#5855,#5860);
#5855 = PLANE('',#5856);
#5856 = AXIS2_PLACEMENT_3D('',#5857,#5858,#5859);
#5857 = CARTESIAN_POINT('',(9.853474,-6.71001307,-11.5));
#5858 = DIRECTION('',(0.,-1.,0.));
#5859 = DIRECTION('',(-1.,0.,0.));
#5860 = DEFINITIONAL_REPRESENTATION('',(#5861),#5864);
#5861 = B_SPLINE_CURVE_WITH_KNOTS('',1,(#5862,#5863),.UNSPECIFIED.,.F.,
  .F.,(2,2),(-4.926737,14.073263),.PIECEWISE_BEZIER_KNOTS.);
#5862 = CARTESIAN_POINT('',(0.,-11.5));
#5863 = CARTESIAN_POINT('',(19.,-11.5));
#5864 = ( GEOMETRIC_REPRESENTATION_CONTEXT(2) 
PARAMETRIC_REPRESENTATION_CONTEXT() REPRESENTATION_CONTEXT('2D SPACE',''
  ) );
#5865 = ORIENTED_EDGE('',*,*,#5866,.F.);
#5866 = EDGE_CURVE('38_Sub_c30b5fb00c98d405a09252fed7f978ad_Edge_59',
  #5867,#5839,#5869,.T.);
#5867 = VERTEX_POINT('46_Sub_98be471455009d092ac814ed11dfd0e6_Vertex_40'
  ,#5868);
#5868 = CARTESIAN_POINT('',(12.813365016445,-4.198935528852,0.));
#5869 = SURFACE_CURVE('',#5870,(#5875,#5882),.PCURVE_S1.);
#5870 = CIRCLE('',#5871,3.);
#5871 = AXIS2_PLACEMENT_3D('',#5872,#5873,#5874);
#5872 = CARTESIAN_POINT('',(9.853474,-3.71001307,0.));
#5873 = DIRECTION('',(0.,0.,-1.));
#5874 = DIRECTION('',(-1.,0.,0.));
#5875 = PCURVE('',#5470,#5876);
#5876 = DEFINITIONAL_REPRESENTATION('',(#5877),#5881);
#5877 = CIRCLE('',#5878,3.);
#5878 = AXIS2_PLACEMENT_2D('',#5879,#5880);
#5879 = CARTESIAN_POINT('',(-9.853474,-3.71001307));
#5880 = DIRECTION('',(1.,0.));
#5881 = ( GEOMETRIC_REPRESENTATION_CONTEXT(2) 
PARAMETRIC_REPRESENTATION_CONTEXT() REPRESENTATION_CONTEXT('2D SPACE',''
  ) );
#5882 = PCURVE('',#5883,#5888);
#5883 = CYLINDRICAL_SURFACE('',#5884,3.);
#5884 = AXIS2_PLACEMENT_3D('',#5885,#5886,#5887);
#5885 = CARTESIAN_POINT('',(9.853474,-3.71001307,-11.5));
#5886 = DIRECTION('',(0.,0.,-1.));
#5887 = DIRECTION('',(-1.,0.,0.));
#5888 = DEFINITIONAL_REPRESENTATION('',(#5889),#5893);
#5889 = LINE('',#5890,#5891);
#5890 = CARTESIAN_POINT('',(0.,-11.5));
#5891 = VECTOR('',#5892,1.);
#5892 = DIRECTION('',(1.,0.));
#5893 = ( GEOMETRIC_REPRESENTATION_CONTEXT(2) 
PARAMETRIC_REPRESENTATION_CONTEXT() REPRESENTATION_CONTEXT('2D SPACE',''
  ) );
#5894 = ORIENTED_EDGE('',*,*,#5895,.F.);
#5895 = EDGE_CURVE('46_Sub_98be471455009d092ac814ed11dfd0e6_Edge_64',
  #5896,#5867,#5898,.T.);
#5896 = VERTEX_POINT('46_Sub_98be471455009d092ac814ed11dfd0e6_Vertex_41'
  ,#5897);
#5897 = CARTESIAN_POINT('',(10.075536435623,1.281757020546,0.));
#5898 = SURFACE_CURVE('',#5899,(#5904,#5911),.PCURVE_S1.);
#5899 = CIRCLE('',#5900,8.);
#5900 = AXIS2_PLACEMENT_3D('',#5901,#5902,#5903);
#5901 = CARTESIAN_POINT('',(18.05575291,1.84402477,0.));
#5902 = DIRECTION('',(0.,0.,-1.));
#5903 = DIRECTION('',(-1.,1.52655665886E-16,-0.));
#5904 = PCURVE('',#5470,#5905);
#5905 = DEFINITIONAL_REPRESENTATION('',(#5906),#5910);
#5906 = CIRCLE('',#5907,8.);
#5907 = AXIS2_PLACEMENT_2D('',#5908,#5909);
#5908 = CARTESIAN_POINT('',(-18.05575291,1.84402477));
#5909 = DIRECTION('',(1.,1.52655665886E-16));
#5910 = ( GEOMETRIC_REPRESENTATION_CONTEXT(2) 
PARAMETRIC_REPRESENTATION_CONTEXT() REPRESENTATION_CONTEXT('2D SPACE',''
  ) );
#5911 = PCURVE('',#5912,#5917);
#5912 = CYLINDRICAL_SURFACE('',#5913,8.);
#5913 = AXIS2_PLACEMENT_3D('',#5914,#5915,#5916);
#5914 = CARTESIAN_POINT('',(18.05575291,1.84402477,-11.5));
#5915 = DIRECTION('',(0.,0.,-1.));
#5916 = DIRECTION('',(-1.,0.,0.));
#5917 = DEFINITIONAL_REPRESENTATION('',(#5918),#5921);
#5918 = B_SPLINE_CURVE_WITH_KNOTS('',1,(#5919,#5920),.UNSPECIFIED.,.F.,
  .F.,(2,2),(6.212843845512,6.28318530718),.PIECEWISE_BEZIER_KNOTS.);
#5919 = CARTESIAN_POINT('',(6.212843845512,-11.5));
#5920 = CARTESIAN_POINT('',(6.28318530718,-11.5));
#5921 = ( GEOMETRIC_REPRESENTATION_CONTEXT(2) 
PARAMETRIC_REPRESENTATION_CONTEXT() REPRESENTATION_CONTEXT('2D SPACE',''
  ) );
#5922 = ORIENTED_EDGE('',*,*,#5923,.F.);
#5923 = EDGE_CURVE('38_Sub_c30b5fb00c98d405a09252fed7f978ad_Edge_57',
  #5924,#5896,#5926,.T.);
#5924 = VERTEX_POINT('38_Sub_c30b5fb00c98d405a09252fed7f978ad_Vertex_33'
  ,#5925);
#5925 = CARTESIAN_POINT('',(9.853474,1.28998693,0.));
#5926 = SURFACE_CURVE('',#5927,(#5932,#5939),.PCURVE_S1.);
#5927 = CIRCLE('',#5928,3.);
#5928 = AXIS2_PLACEMENT_3D('',#5929,#5930,#5931);
#5929 = CARTESIAN_POINT('',(9.853474,-1.71001307,0.));
#5930 = DIRECTION('',(0.,0.,-1.));
#5931 = DIRECTION('',(-1.,0.,0.));
#5932 = PCURVE('',#5470,#5933);
#5933 = DEFINITIONAL_REPRESENTATION('',(#5934),#5938);
#5934 = CIRCLE('',#5935,3.);
#5935 = AXIS2_PLACEMENT_2D('',#5936,#5937);
#5936 = CARTESIAN_POINT('',(-9.853474,-1.71001307));
#5937 = DIRECTION('',(1.,0.));
#5938 = ( GEOMETRIC_REPRESENTATION_CONTEXT(2) 
PARAMETRIC_REPRESENTATION_CONTEXT() REPRESENTATION_CONTEXT('2D SPACE',''
  ) );
#5939 = PCURVE('',#5940,#5945);
#5940 = CYLINDRICAL_SURFACE('',#5941,3.);
#5941 = AXIS2_PLACEMENT_3D('',#5942,#5943,#5944);
#5942 = CARTESIAN_POINT('',(9.853474,-1.71001307,-11.5));
#5943 = DIRECTION('',(0.,0.,-1.));
#5944 = DIRECTION('',(-1.,0.,0.));
#5945 = DEFINITIONAL_REPRESENTATION('',(#5946),#5950);
#5946 = LINE('',#5947,#5948);
#5947 = CARTESIAN_POINT('',(0.,-11.5));
#5948 = VECTOR('',#5949,1.);
#5949 = DIRECTION('',(1.,0.));
#5950 = ( GEOMETRIC_REPRESENTATION_CONTEXT(2) 
PARAMETRIC_REPRESENTATION_CONTEXT() REPRESENTATION_CONTEXT('2D SPACE',''
  ) );
#5951 = ORIENTED_EDGE('',*,*,#5952,.F.);
#5952 = EDGE_CURVE('38_Sub_c30b5fb00c98d405a09252fed7f978ad_Edge_56',
  #5953,#5924,#5955,.T.);
#5953 = VERTEX_POINT('38_Sub_c30b5fb00c98d405a09252fed7f978ad_Vertex_32'
  ,#5954);
#5954 = CARTESIAN_POINT('',(-9.146526,1.28998693,0.));
#5955 = SURFACE_CURVE('',#5956,(#5960,#5966),.PCURVE_S1.);
#5956 = LINE('',#5957,#5958);
#5957 = CARTESIAN_POINT('',(-4.573263,1.28998693,0.));
#5958 = VECTOR('',#5959,1.);
#5959 = DIRECTION('',(1.,0.,-0.));
#5960 = PCURVE('',#5470,#5961);
#5961 = DEFINITIONAL_REPRESENTATION('',(#5962),#5965);
#5962 = B_SPLINE_CURVE_WITH_KNOTS('',1,(#5963,#5964),.UNSPECIFIED.,.F.,
  .F.,(2,2),(-4.573263,14.426737),.PIECEWISE_BEZIER_KNOTS.);
#5963 = CARTESIAN_POINT('',(9.146526,1.28998693));
#5964 = CARTESIAN_POINT('',(-9.853474,1.28998693));
#5965 = ( GEOMETRIC_REPRESENTATION_CONTEXT(2) 
PARAMETRIC_REPRESENTATION_CONTEXT() REPRESENTATION_CONTEXT('2D SPACE',''
  ) );
#5966 = PCURVE('',#5967,#5972);
#5967 = PLANE('',#5968);
#5968 = AXIS2_PLACEMENT_3D('',#5969,#5970,#5971);
#5969 = CARTESIAN_POINT('',(-9.146526,1.28998693,-11.5));
#5970 = DIRECTION('',(-0.,1.,0.));
#5971 = DIRECTION('',(1.,0.,-0.));
#5972 = DEFINITIONAL_REPRESENTATION('',(#5973),#5976);
#5973 = B_SPLINE_CURVE_WITH_KNOTS('',1,(#5974,#5975),.UNSPECIFIED.,.F.,
  .F.,(2,2),(-4.573263,14.426737),.PIECEWISE_BEZIER_KNOTS.);
#5974 = CARTESIAN_POINT('',(0.,-11.5));
#5975 = CARTESIAN_POINT('',(19.,-11.5));
#5976 = ( GEOMETRIC_REPRESENTATION_CONTEXT(2) 
PARAMETRIC_REPRESENTATION_CONTEXT() REPRESENTATION_CONTEXT('2D SPACE',''
  ) );
#5977 = ORIENTED_EDGE('',*,*,#5978,.F.);
#5978 = EDGE_CURVE('38_Sub_c30b5fb00c98d405a09252fed7f978ad_Edge_55',
  #5979,#5953,#5981,.T.);
#5979 = VERTEX_POINT('38_Sub_c30b5fb00c98d405a09252fed7f978ad_Vertex_31'
  ,#5980);
#5980 = CARTESIAN_POINT('',(-12.146526,-1.71001307,0.));
#5981 = SURFACE_CURVE('',#5982,(#5987,#5994),.PCURVE_S1.);
#5982 = CIRCLE('',#5983,3.);
#5983 = AXIS2_PLACEMENT_3D('',#5984,#5985,#5986);
#5984 = CARTESIAN_POINT('',(-9.146526,-1.71001307,0.));
#5985 = DIRECTION('',(0.,0.,-1.));
#5986 = DIRECTION('',(-1.,0.,0.));
#5987 = PCURVE('',#5470,#5988);
#5988 = DEFINITIONAL_REPRESENTATION('',(#5989),#5993);
#5989 = CIRCLE('',#5990,3.);
#5990 = AXIS2_PLACEMENT_2D('',#5991,#5992);
#5991 = CARTESIAN_POINT('',(9.146526,-1.71001307));
#5992 = DIRECTION('',(1.,0.));
#5993 = ( GEOMETRIC_REPRESENTATION_CONTEXT(2) 
PARAMETRIC_REPRESENTATION_CONTEXT() REPRESENTATION_CONTEXT('2D SPACE',''
  ) );
#5994 = PCURVE('',#5995,#6000);
#5995 = CYLINDRICAL_SURFACE('',#5996,3.);
#5996 = AXIS2_PLACEMENT_3D('',#5997,#5998,#5999);
#5997 = CARTESIAN_POINT('',(-9.146526,-1.71001307,-11.5));
#5998 = DIRECTION('',(0.,0.,-1.));
#5999 = DIRECTION('',(-1.,0.,0.));
#6000 = DEFINITIONAL_REPRESENTATION('',(#6001),#6005);
#6001 = LINE('',#6002,#6003);
#6002 = CARTESIAN_POINT('',(0.,-11.5));
#6003 = VECTOR('',#6004,1.);
#6004 = DIRECTION('',(1.,0.));
#6005 = ( GEOMETRIC_REPRESENTATION_CONTEXT(2) 
PARAMETRIC_REPRESENTATION_CONTEXT() REPRESENTATION_CONTEXT('2D SPACE',''
  ) );
#6006 = ORIENTED_EDGE('',*,*,#6007,.F.);
#6007 = EDGE_CURVE('38_Sub_c30b5fb00c98d405a09252fed7f978ad_Edge_54',
  #6008,#5979,#6010,.T.);
#6008 = VERTEX_POINT('38_Sub_c30b5fb00c98d405a09252fed7f978ad_Vertex_30'
  ,#6009);
#6009 = CARTESIAN_POINT('',(-12.146526,-3.71001307,0.));
#6010 = SURFACE_CURVE('',#6011,(#6015,#6021),.PCURVE_S1.);
#6011 = LINE('',#6012,#6013);
#6012 = CARTESIAN_POINT('',(-12.146526,-1.855006535,0.));
#6013 = VECTOR('',#6014,1.);
#6014 = DIRECTION('',(0.,1.,-0.));
#6015 = PCURVE('',#5470,#6016);
#6016 = DEFINITIONAL_REPRESENTATION('',(#6017),#6020);
#6017 = B_SPLINE_CURVE_WITH_KNOTS('',1,(#6018,#6019),.UNSPECIFIED.,.F.,
  .F.,(2,2),(-1.855006535,0.144993465),.PIECEWISE_BEZIER_KNOTS.);
#6018 = CARTESIAN_POINT('',(12.146526,-3.71001307));
#6019 = CARTESIAN_POINT('',(12.146526,-1.71001307));
#6020 = ( GEOMETRIC_REPRESENTATION_CONTEXT(2) 
PARAMETRIC_REPRESENTATION_CONTEXT() REPRESENTATION_CONTEXT('2D SPACE',''
  ) );
#6021 = PCURVE('',#6022,#6027);
#6022 = PLANE('',#6023);
#6023 = AXIS2_PLACEMENT_3D('',#6024,#6025,#6026);
#6024 = CARTESIAN_POINT('',(-12.146526,-3.71001307,-11.5));
#6025 = DIRECTION('',(-1.,0.,0.));
#6026 = DIRECTION('',(0.,1.,0.));
#6027 = DEFINITIONAL_REPRESENTATION('',(#6028),#6031);
#6028 = B_SPLINE_CURVE_WITH_KNOTS('',1,(#6029,#6030),.UNSPECIFIED.,.F.,
  .F.,(2,2),(-1.855006535,0.144993465),.PIECEWISE_BEZIER_KNOTS.);
#6029 = CARTESIAN_POINT('',(-4.440892098501E-16,-11.5));
#6030 = CARTESIAN_POINT('',(2.,-11.5));
#6031 = ( GEOMETRIC_REPRESENTATION_CONTEXT(2) 
PARAMETRIC_REPRESENTATION_CONTEXT() REPRESENTATION_CONTEXT('2D SPACE',''
  ) );
#6032 = ORIENTED_EDGE('',*,*,#6033,.F.);
#6033 = EDGE_CURVE('38_Sub_c30b5fb00c98d405a09252fed7f978ad_Edge_53',
  #5841,#6008,#6034,.T.);
#6034 = SURFACE_CURVE('',#6035,(#6040,#6047),.PCURVE_S1.);
#6035 = CIRCLE('',#6036,3.);
#6036 = AXIS2_PLACEMENT_3D('',#6037,#6038,#6039);
#6037 = CARTESIAN_POINT('',(-9.146526,-3.71001307,0.));
#6038 = DIRECTION('',(0.,0.,-1.));
#6039 = DIRECTION('',(-1.,0.,0.));
#6040 = PCURVE('',#5470,#6041);
#6041 = DEFINITIONAL_REPRESENTATION('',(#6042),#6046);
#6042 = CIRCLE('',#6043,3.);
#6043 = AXIS2_PLACEMENT_2D('',#6044,#6045);
#6044 = CARTESIAN_POINT('',(9.146526,-3.71001307));
#6045 = DIRECTION('',(1.,0.));
#6046 = ( GEOMETRIC_REPRESENTATION_CONTEXT(2) 
PARAMETRIC_REPRESENTATION_CONTEXT() REPRESENTATION_CONTEXT('2D SPACE',''
  ) );
#6047 = PCURVE('',#6048,#6053);
#6048 = CYLINDRICAL_SURFACE('',#6049,3.);
#6049 = AXIS2_PLACEMENT_3D('',#6050,#6051,#6052);
#6050 = CARTESIAN_POINT('',(-9.146526,-3.71001307,-11.5));
#6051 = DIRECTION('',(0.,0.,-1.));
#6052 = DIRECTION('',(-1.,0.,0.));
#6053 = DEFINITIONAL_REPRESENTATION('',(#6054),#6058);
#6054 = LINE('',#6055,#6056);
#6055 = CARTESIAN_POINT('',(0.,-11.5));
#6056 = VECTOR('',#6057,1.);
#6057 = DIRECTION('',(1.,0.));
#6058 = ( GEOMETRIC_REPRESENTATION_CONTEXT(2) 
PARAMETRIC_REPRESENTATION_CONTEXT() REPRESENTATION_CONTEXT('2D SPACE',''
  ) );
#6059 = FACE_BOUND('',#6060,.F.);
#6060 = EDGE_LOOP('undefined shape id',(#6061));
#6061 = ORIENTED_EDGE('',*,*,#6062,.F.);
#6062 = EDGE_CURVE('14_Sub_be49b292ed5b3f5ba8a28b195d7adafc_Edge_42',
  #6063,#6063,#6065,.T.);
#6063 = VERTEX_POINT('14_Sub_be49b292ed5b3f5ba8a28b195d7adafc_Vertex_26'
  ,#6064);
#6064 = CARTESIAN_POINT('',(32.50000742,8.80998717,0.));
#6065 = SURFACE_CURVE('',#6066,(#6071,#6078),.PCURVE_S1.);
#6066 = CIRCLE('',#6067,1.45);
#6067 = AXIS2_PLACEMENT_3D('',#6068,#6069,#6070);
#6068 = CARTESIAN_POINT('',(32.50000742,10.25998717,0.));
#6069 = DIRECTION('',(0.,0.,-1.));
#6070 = DIRECTION('',(0.,-1.,0.));
#6071 = PCURVE('',#5470,#6072);
#6072 = DEFINITIONAL_REPRESENTATION('',(#6073),#6077);
#6073 = CIRCLE('',#6074,1.45);
#6074 = AXIS2_PLACEMENT_2D('',#6075,#6076);
#6075 = CARTESIAN_POINT('',(-32.50000742,10.25998717));
#6076 = DIRECTION('',(0.,-1.));
#6077 = ( GEOMETRIC_REPRESENTATION_CONTEXT(2) 
PARAMETRIC_REPRESENTATION_CONTEXT() REPRESENTATION_CONTEXT('2D SPACE',''
  ) );
#6078 = PCURVE('',#6079,#6084);
#6079 = CYLINDRICAL_SURFACE('',#6080,1.45);
#6080 = AXIS2_PLACEMENT_3D('',#6081,#6082,#6083);
#6081 = CARTESIAN_POINT('',(32.50000742,10.25998717,8.5));
#6082 = DIRECTION('',(0.,0.,-1.));
#6083 = DIRECTION('',(0.,-1.,0.));
#6084 = DEFINITIONAL_REPRESENTATION('',(#6085),#6089);
#6085 = LINE('',#6086,#6087);
#6086 = CARTESIAN_POINT('',(-6.28318530718,8.5));
#6087 = VECTOR('',#6088,1.);
#6088 = DIRECTION('',(1.,-0.));
#6089 = ( GEOMETRIC_REPRESENTATION_CONTEXT(2) 
PARAMETRIC_REPRESENTATION_CONTEXT() REPRESENTATION_CONTEXT('2D SPACE',''
  ) );
#6090 = FACE_BOUND('',#6091,.F.);
#6091 = EDGE_LOOP('undefined shape id',(#6092));
#6092 = ORIENTED_EDGE('',*,*,#6093,.F.);
#6093 = EDGE_CURVE('14_Sub_be49b292ed5b3f5ba8a28b195d7adafc_Edge_43',
  #6094,#6094,#6096,.T.);
#6094 = VERTEX_POINT('14_Sub_be49b292ed5b3f5ba8a28b195d7adafc_Vertex_27'
  ,#6095);
#6095 = CARTESIAN_POINT('',(-32.49999258,8.80998717,0.));
#6096 = SURFACE_CURVE('',#6097,(#6102,#6109),.PCURVE_S1.);
#6097 = CIRCLE('',#6098,1.45);
#6098 = AXIS2_PLACEMENT_3D('',#6099,#6100,#6101);
#6099 = CARTESIAN_POINT('',(-32.49999258,10.25998717,0.));
#6100 = DIRECTION('',(0.,0.,-1.));
#6101 = DIRECTION('',(0.,-1.,0.));
#6102 = PCURVE('',#5470,#6103);
#6103 = DEFINITIONAL_REPRESENTATION('',(#6104),#6108);
#6104 = CIRCLE('',#6105,1.45);
#6105 = AXIS2_PLACEMENT_2D('',#6106,#6107);
#6106 = CARTESIAN_POINT('',(32.49999258,10.25998717));
#6107 = DIRECTION('',(0.,-1.));
#6108 = ( GEOMETRIC_REPRESENTATION_CONTEXT(2) 
PARAMETRIC_REPRESENTATION_CONTEXT() REPRESENTATION_CONTEXT('2D SPACE',''
  ) );
#6109 = PCURVE('',#6110,#6115);
#6110 = CYLINDRICAL_SURFACE('',#6111,1.45);
#6111 = AXIS2_PLACEMENT_3D('',#6112,#6113,#6114);
#6112 = CARTESIAN_POINT('',(-32.49999258,10.25998717,8.5));
#6113 = DIRECTION('',(0.,0.,-1.));
#6114 = DIRECTION('',(0.,-1.,0.));
#6115 = DEFINITIONAL_REPRESENTATION('',(#6116),#6120);
#6116 = LINE('',#6117,#6118);
#6117 = CARTESIAN_POINT('',(-6.28318530718,8.5));
#6118 = VECTOR('',#6119,1.);
#6119 = DIRECTION('',(1.,-0.));
#6120 = ( GEOMETRIC_REPRESENTATION_CONTEXT(2) 
PARAMETRIC_REPRESENTATION_CONTEXT() REPRESENTATION_CONTEXT('2D SPACE',''
  ) );
#6121 = ADVANCED_FACE('6_region1_Face_end',(#6122,#6242,#6277,#6312,
    #6500,#6535),#5416,.T.);
#6122 = FACE_BOUND('',#6123,.T.);
#6123 = EDGE_LOOP('undefined shape id',(#6124,#6125,#6126,#6149,#6173,
    #6196,#6220,#6241));
#6124 = ORIENTED_EDGE('',*,*,#5400,.T.);
#6125 = ORIENTED_EDGE('',*,*,#5564,.T.);
#6126 = ORIENTED_EDGE('',*,*,#6127,.T.);
#6127 = EDGE_CURVE('6_region1_Edge_9',#5565,#6128,#6130,.T.);
#6128 = VERTEX_POINT('6_region1_Vertex_7',#6129);
#6129 = CARTESIAN_POINT('',(-35.49999258,10.25998717,-1.5));
#6130 = SURFACE_CURVE('',#6131,(#6135,#6142),.PCURVE_S1.);
#6131 = LINE('',#6132,#6133);
#6132 = CARTESIAN_POINT('',(-35.49999258,-10.26001283,-1.5));
#6133 = VECTOR('',#6134,1.);
#6134 = DIRECTION('',(0.,1.,0.));
#6135 = PCURVE('',#5416,#6136);
#6136 = DEFINITIONAL_REPRESENTATION('',(#6137),#6141);
#6137 = LINE('',#6138,#6139);
#6138 = CARTESIAN_POINT('',(35.49999258,-10.26001283));
#6139 = VECTOR('',#6140,1.);
#6140 = DIRECTION('',(0.,1.));
#6141 = ( GEOMETRIC_REPRESENTATION_CONTEXT(2) 
PARAMETRIC_REPRESENTATION_CONTEXT() REPRESENTATION_CONTEXT('2D SPACE',''
  ) );
#6142 = PCURVE('',#5604,#6143);
#6143 = DEFINITIONAL_REPRESENTATION('',(#6144),#6148);
#6144 = LINE('',#6145,#6146);
#6145 = CARTESIAN_POINT('',(0.,-1.5));
#6146 = VECTOR('',#6147,1.);
#6147 = DIRECTION('',(1.,0.));
#6148 = ( GEOMETRIC_REPRESENTATION_CONTEXT(2) 
PARAMETRIC_REPRESENTATION_CONTEXT() REPRESENTATION_CONTEXT('2D SPACE',''
  ) );
#6149 = ORIENTED_EDGE('',*,*,#6150,.T.);
#6150 = EDGE_CURVE('6_region1_Edge_12',#6128,#6151,#6153,.T.);
#6151 = VERTEX_POINT('6_region1_Vertex_9',#6152);
#6152 = CARTESIAN_POINT('',(-32.49999258,13.25998717,-1.5));
#6153 = SURFACE_CURVE('',#6154,(#6159,#6166),.PCURVE_S1.);
#6154 = CIRCLE('',#6155,3.);
#6155 = AXIS2_PLACEMENT_3D('',#6156,#6157,#6158);
#6156 = CARTESIAN_POINT('',(-32.49999258,10.25998717,-1.5));
#6157 = DIRECTION('',(0.,0.,-1.));
#6158 = DIRECTION('',(-1.,0.,0.));
#6159 = PCURVE('',#5416,#6160);
#6160 = DEFINITIONAL_REPRESENTATION('',(#6161),#6165);
#6161 = CIRCLE('',#6162,3.);
#6162 = AXIS2_PLACEMENT_2D('',#6163,#6164);
#6163 = CARTESIAN_POINT('',(32.49999258,10.25998717));
#6164 = DIRECTION('',(1.,0.));
#6165 = ( GEOMETRIC_REPRESENTATION_CONTEXT(2) 
PARAMETRIC_REPRESENTATION_CONTEXT() REPRESENTATION_CONTEXT('2D SPACE',''
  ) );
#6166 = PCURVE('',#5683,#6167);
#6167 = DEFINITIONAL_REPRESENTATION('',(#6168),#6172);
#6168 = LINE('',#6169,#6170);
#6169 = CARTESIAN_POINT('',(-0.,-1.5));
#6170 = VECTOR('',#6171,1.);
#6171 = DIRECTION('',(-1.,0.));
#6172 = ( GEOMETRIC_REPRESENTATION_CONTEXT(2) 
PARAMETRIC_REPRESENTATION_CONTEXT() REPRESENTATION_CONTEXT('2D SPACE',''
  ) );
#6173 = ORIENTED_EDGE('',*,*,#6174,.T.);
#6174 = EDGE_CURVE('6_region1_Edge_15',#6151,#6175,#6177,.T.);
#6175 = VERTEX_POINT('6_region1_Vertex_11',#6176);
#6176 = CARTESIAN_POINT('',(32.50000742,13.25998717,-1.5));
#6177 = SURFACE_CURVE('',#6178,(#6182,#6189),.PCURVE_S1.);
#6178 = LINE('',#6179,#6180);
#6179 = CARTESIAN_POINT('',(-32.49999258,13.25998717,-1.5));
#6180 = VECTOR('',#6181,1.);
#6181 = DIRECTION('',(1.,0.,-0.));
#6182 = PCURVE('',#5416,#6183);
#6183 = DEFINITIONAL_REPRESENTATION('',(#6184),#6188);
#6184 = LINE('',#6185,#6186);
#6185 = CARTESIAN_POINT('',(32.49999258,13.25998717));
#6186 = VECTOR('',#6187,1.);
#6187 = DIRECTION('',(-1.,0.));
#6188 = ( GEOMETRIC_REPRESENTATION_CONTEXT(2) 
PARAMETRIC_REPRESENTATION_CONTEXT() REPRESENTATION_CONTEXT('2D SPACE',''
  ) );
#6189 = PCURVE('',#5711,#6190);
#6190 = DEFINITIONAL_REPRESENTATION('',(#6191),#6195);
#6191 = LINE('',#6192,#6193);
#6192 = CARTESIAN_POINT('',(0.,-1.5));
#6193 = VECTOR('',#6194,1.);
#6194 = DIRECTION('',(1.,0.));
#6195 = ( GEOMETRIC_REPRESENTATION_CONTEXT(2) 
PARAMETRIC_REPRESENTATION_CONTEXT() REPRESENTATION_CONTEXT('2D SPACE',''
  ) );
#6196 = ORIENTED_EDGE('',*,*,#6197,.T.);
#6197 = EDGE_CURVE('6_region1_Edge_18',#6175,#6198,#6200,.T.);
#6198 = VERTEX_POINT('6_region1_Vertex_13',#6199);
#6199 = CARTESIAN_POINT('',(35.50000742,10.25998717,-1.5));
#6200 = SURFACE_CURVE('',#6201,(#6206,#6213),.PCURVE_S1.);
#6201 = CIRCLE('',#6202,3.);
#6202 = AXIS2_PLACEMENT_3D('',#6203,#6204,#6205);
#6203 = CARTESIAN_POINT('',(32.50000742,10.25998717,-1.5));
#6204 = DIRECTION('',(0.,0.,-1.));
#6205 = DIRECTION('',(-1.,0.,0.));
#6206 = PCURVE('',#5416,#6207);
#6207 = DEFINITIONAL_REPRESENTATION('',(#6208),#6212);
#6208 = CIRCLE('',#6209,3.);
#6209 = AXIS2_PLACEMENT_2D('',#6210,#6211);
#6210 = CARTESIAN_POINT('',(-32.50000742,10.25998717));
#6211 = DIRECTION('',(1.,0.));
#6212 = ( GEOMETRIC_REPRESENTATION_CONTEXT(2) 
PARAMETRIC_REPRESENTATION_CONTEXT() REPRESENTATION_CONTEXT('2D SPACE',''
  ) );
#6213 = PCURVE('',#5740,#6214);
#6214 = DEFINITIONAL_REPRESENTATION('',(#6215),#6219);
#6215 = LINE('',#6216,#6217);
#6216 = CARTESIAN_POINT('',(-0.,-1.5));
#6217 = VECTOR('',#6218,1.);
#6218 = DIRECTION('',(-1.,0.));
#6219 = ( GEOMETRIC_REPRESENTATION_CONTEXT(2) 
PARAMETRIC_REPRESENTATION_CONTEXT() REPRESENTATION_CONTEXT('2D SPACE',''
  ) );
#6220 = ORIENTED_EDGE('',*,*,#6221,.T.);
#6221 = EDGE_CURVE('6_region1_Edge_21',#6198,#5488,#6222,.T.);
#6222 = SURFACE_CURVE('',#6223,(#6227,#6234),.PCURVE_S1.);
#6223 = LINE('',#6224,#6225);
#6224 = CARTESIAN_POINT('',(35.50000742,10.25998717,-1.5));
#6225 = VECTOR('',#6226,1.);
#6226 = DIRECTION('',(-0.,-1.,0.));
#6227 = PCURVE('',#5416,#6228);
#6228 = DEFINITIONAL_REPRESENTATION('',(#6229),#6233);
#6229 = LINE('',#6230,#6231);
#6230 = CARTESIAN_POINT('',(-35.50000742,10.25998717));
#6231 = VECTOR('',#6232,1.);
#6232 = DIRECTION('',(0.,-1.));
#6233 = ( GEOMETRIC_REPRESENTATION_CONTEXT(2) 
PARAMETRIC_REPRESENTATION_CONTEXT() REPRESENTATION_CONTEXT('2D SPACE',''
  ) );
#6234 = PCURVE('',#5503,#6235);
#6235 = DEFINITIONAL_REPRESENTATION('',(#6236),#6240);
#6236 = LINE('',#6237,#6238);
#6237 = CARTESIAN_POINT('',(-0.,-1.5));
#6238 = VECTOR('',#6239,1.);
#6239 = DIRECTION('',(1.,0.));
#6240 = ( GEOMETRIC_REPRESENTATION_CONTEXT(2) 
PARAMETRIC_REPRESENTATION_CONTEXT() REPRESENTATION_CONTEXT('2D SPACE',''
  ) );
#6241 = ORIENTED_EDGE('',*,*,#5515,.T.);
#6242 = FACE_BOUND('',#6243,.T.);
#6243 = EDGE_LOOP('undefined shape id',(#6244));
#6244 = ORIENTED_EDGE('',*,*,#6245,.T.);
#6245 = EDGE_CURVE('14_region1_11_Edge_0',#6246,#6246,#6248,.T.);
#6246 = VERTEX_POINT('14_region1_11_Vertex_0',#6247);
#6247 = CARTESIAN_POINT('',(32.50000742,-12.81001283,-1.5));
#6248 = SURFACE_CURVE('',#6249,(#6254,#6265),.PCURVE_S1.);
#6249 = CIRCLE('',#6250,2.55);
#6250 = AXIS2_PLACEMENT_3D('',#6251,#6252,#6253);
#6251 = CARTESIAN_POINT('',(32.50000742,-10.26001283,-1.5));
#6252 = DIRECTION('',(-0.,0.,1.));
#6253 = DIRECTION('',(0.,-1.,0.));
#6254 = PCURVE('',#5416,#6255);
#6255 = DEFINITIONAL_REPRESENTATION('',(#6256),#6264);
#6256 = ( BOUNDED_CURVE() B_SPLINE_CURVE(2,(#6257,#6258,#6259,#6260,
#6261,#6262,#6263),.UNSPECIFIED.,.T.,.F.) B_SPLINE_CURVE_WITH_KNOTS((1,2
    ,2,2,2,1),(-2.094395102393,0.,2.094395102393,4.188790204786,
6.28318530718,8.377580409573),.UNSPECIFIED.) CURVE() 
GEOMETRIC_REPRESENTATION_ITEM() RATIONAL_B_SPLINE_CURVE((1.,0.5,1.,0.5,
1.,0.5,1.)) REPRESENTATION_ITEM('') );
#6257 = CARTESIAN_POINT('',(-32.50000742,-12.81001283));
#6258 = CARTESIAN_POINT('',(-36.9167369793,-12.81001283));
#6259 = CARTESIAN_POINT('',(-34.70837219965,-8.98501283));
#6260 = CARTESIAN_POINT('',(-32.50000742,-5.16001283));
#6261 = CARTESIAN_POINT('',(-30.29164264035,-8.98501283));
#6262 = CARTESIAN_POINT('',(-28.08327786069,-12.81001283));
#6263 = CARTESIAN_POINT('',(-32.50000742,-12.81001283));
#6264 = ( GEOMETRIC_REPRESENTATION_CONTEXT(2) 
PARAMETRIC_REPRESENTATION_CONTEXT() REPRESENTATION_CONTEXT('2D SPACE',''
  ) );
#6265 = PCURVE('',#6266,#6271);
#6266 = CONICAL_SURFACE('',#6267,1.45,0.785398163397);
#6267 = AXIS2_PLACEMENT_3D('',#6268,#6269,#6270);
#6268 = CARTESIAN_POINT('',(32.50000742,-10.26001283,-0.4));
#6269 = DIRECTION('',(0.,0.,-1.));
#6270 = DIRECTION('',(0.,-1.,0.));
#6271 = DEFINITIONAL_REPRESENTATION('',(#6272),#6276);
#6272 = LINE('',#6273,#6274);
#6273 = CARTESIAN_POINT('',(-0.,1.1));
#6274 = VECTOR('',#6275,1.);
#6275 = DIRECTION('',(-1.,0.));
#6276 = ( GEOMETRIC_REPRESENTATION_CONTEXT(2) 
PARAMETRIC_REPRESENTATION_CONTEXT() REPRESENTATION_CONTEXT('2D SPACE',''
  ) );
#6277 = FACE_BOUND('',#6278,.T.);
#6278 = EDGE_LOOP('undefined shape id',(#6279));
#6279 = ORIENTED_EDGE('',*,*,#6280,.T.);
#6280 = EDGE_CURVE('14_region1_15_Edge_0',#6281,#6281,#6283,.T.);
#6281 = VERTEX_POINT('14_region1_15_Vertex_0',#6282);
#6282 = CARTESIAN_POINT('',(-32.49999258,-12.81001283,-1.5));
#6283 = SURFACE_CURVE('',#6284,(#6289,#6300),.PCURVE_S1.);
#6284 = CIRCLE('',#6285,2.55);
#6285 = AXIS2_PLACEMENT_3D('',#6286,#6287,#6288);
#6286 = CARTESIAN_POINT('',(-32.49999258,-10.26001283,-1.5));
#6287 = DIRECTION('',(-0.,0.,1.));
#6288 = DIRECTION('',(0.,-1.,0.));
#6289 = PCURVE('',#5416,#6290);
#6290 = DEFINITIONAL_REPRESENTATION('',(#6291),#6299);
#6291 = ( BOUNDED_CURVE() B_SPLINE_CURVE(2,(#6292,#6293,#6294,#6295,
#6296,#6297,#6298),.UNSPECIFIED.,.T.,.F.) B_SPLINE_CURVE_WITH_KNOTS((1,2
    ,2,2,2,1),(-2.094395102393,0.,2.094395102393,4.188790204786,
6.28318530718,8.377580409573),.UNSPECIFIED.) CURVE() 
GEOMETRIC_REPRESENTATION_ITEM() RATIONAL_B_SPLINE_CURVE((1.,0.5,1.,0.5,
1.,0.5,1.)) REPRESENTATION_ITEM('') );
#6292 = CARTESIAN_POINT('',(32.49999258,-12.81001283));
#6293 = CARTESIAN_POINT('',(28.083263020699,-12.81001283));
#6294 = CARTESIAN_POINT('',(30.29162780035,-8.98501283));
#6295 = CARTESIAN_POINT('',(32.49999258,-5.16001283));
#6296 = CARTESIAN_POINT('',(34.70835735965,-8.98501283));
#6297 = CARTESIAN_POINT('',(36.916722139301,-12.81001283));
#6298 = CARTESIAN_POINT('',(32.49999258,-12.81001283));
#6299 = ( GEOMETRIC_REPRESENTATION_CONTEXT(2) 
PARAMETRIC_REPRESENTATION_CONTEXT() REPRESENTATION_CONTEXT('2D SPACE',''
  ) );
#6300 = PCURVE('',#6301,#6306);
#6301 = CONICAL_SURFACE('',#6302,1.45,0.785398163397);
#6302 = AXIS2_PLACEMENT_3D('',#6303,#6304,#6305);
#6303 = CARTESIAN_POINT('',(-32.49999258,-10.26001283,-0.4));
#6304 = DIRECTION('',(0.,0.,-1.));
#6305 = DIRECTION('',(0.,-1.,0.));
#6306 = DEFINITIONAL_REPRESENTATION('',(#6307),#6311);
#6307 = LINE('',#6308,#6309);
#6308 = CARTESIAN_POINT('',(-0.,1.1));
#6309 = VECTOR('',#6310,1.);
#6310 = DIRECTION('',(-1.,0.));
#6311 = ( GEOMETRIC_REPRESENTATION_CONTEXT(2) 
PARAMETRIC_REPRESENTATION_CONTEXT() REPRESENTATION_CONTEXT('2D SPACE',''
  ) );
#6312 = FACE_BOUND('',#6313,.T.);
#6313 = EDGE_LOOP('undefined shape id',(#6314,#6337,#6361,#6388,#6412,
    #6433,#6457,#6478));
#6314 = ORIENTED_EDGE('',*,*,#6315,.F.);
#6315 = EDGE_CURVE('38_Sub_c30b5fb00c98d405a09252fed7f978ad_Edge_60',
  #6316,#6318,#6320,.T.);
#6316 = VERTEX_POINT('38_Sub_c30b5fb00c98d405a09252fed7f978ad_Vertex_36'
  ,#6317);
#6317 = CARTESIAN_POINT('',(9.853474,-6.71001307,-1.5));
#6318 = VERTEX_POINT('38_Sub_c30b5fb00c98d405a09252fed7f978ad_Vertex_37'
  ,#6319);
#6319 = CARTESIAN_POINT('',(-9.146526,-6.71001307,-1.5));
#6320 = SURFACE_CURVE('',#6321,(#6325,#6331),.PCURVE_S1.);
#6321 = LINE('',#6322,#6323);
#6322 = CARTESIAN_POINT('',(4.926737,-6.71001307,-1.5));
#6323 = VECTOR('',#6324,1.);
#6324 = DIRECTION('',(-1.,0.,0.));
#6325 = PCURVE('',#5416,#6326);
#6326 = DEFINITIONAL_REPRESENTATION('',(#6327),#6330);
#6327 = B_SPLINE_CURVE_WITH_KNOTS('',1,(#6328,#6329),.UNSPECIFIED.,.F.,
  .F.,(2,2),(-4.926737,14.073263),.PIECEWISE_BEZIER_KNOTS.);
#6328 = CARTESIAN_POINT('',(-9.853474,-6.71001307));
#6329 = CARTESIAN_POINT('',(9.146526,-6.71001307));
#6330 = ( GEOMETRIC_REPRESENTATION_CONTEXT(2) 
PARAMETRIC_REPRESENTATION_CONTEXT() REPRESENTATION_CONTEXT('2D SPACE',''
  ) );
#6331 = PCURVE('',#5855,#6332);
#6332 = DEFINITIONAL_REPRESENTATION('',(#6333),#6336);
#6333 = B_SPLINE_CURVE_WITH_KNOTS('',1,(#6334,#6335),.UNSPECIFIED.,.F.,
  .F.,(2,2),(-4.926737,14.073263),.PIECEWISE_BEZIER_KNOTS.);
#6334 = CARTESIAN_POINT('',(0.,-10.));
#6335 = CARTESIAN_POINT('',(19.,-10.));
#6336 = ( GEOMETRIC_REPRESENTATION_CONTEXT(2) 
PARAMETRIC_REPRESENTATION_CONTEXT() REPRESENTATION_CONTEXT('2D SPACE',''
  ) );
#6337 = ORIENTED_EDGE('',*,*,#6338,.F.);
#6338 = EDGE_CURVE('38_Sub_c30b5fb00c98d405a09252fed7f978ad_Edge_67',
  #6339,#6316,#6341,.T.);
#6339 = VERTEX_POINT('46_Sub_98be471455009d092ac814ed11dfd0e6_Vertex_42'
  ,#6340);
#6340 = CARTESIAN_POINT('',(12.813365016445,-4.198935528852,-1.5));
#6341 = SURFACE_CURVE('',#6342,(#6347,#6354),.PCURVE_S1.);
#6342 = CIRCLE('',#6343,3.);
#6343 = AXIS2_PLACEMENT_3D('',#6344,#6345,#6346);
#6344 = CARTESIAN_POINT('',(9.853474,-3.71001307,-1.5));
#6345 = DIRECTION('',(0.,0.,-1.));
#6346 = DIRECTION('',(-1.,0.,0.));
#6347 = PCURVE('',#5416,#6348);
#6348 = DEFINITIONAL_REPRESENTATION('',(#6349),#6353);
#6349 = CIRCLE('',#6350,3.);
#6350 = AXIS2_PLACEMENT_2D('',#6351,#6352);
#6351 = CARTESIAN_POINT('',(-9.853474,-3.71001307));
#6352 = DIRECTION('',(1.,0.));
#6353 = ( GEOMETRIC_REPRESENTATION_CONTEXT(2) 
PARAMETRIC_REPRESENTATION_CONTEXT() REPRESENTATION_CONTEXT('2D SPACE',''
  ) );
#6354 = PCURVE('',#5883,#6355);
#6355 = DEFINITIONAL_REPRESENTATION('',(#6356),#6360);
#6356 = LINE('',#6357,#6358);
#6357 = CARTESIAN_POINT('',(0.,-10.));
#6358 = VECTOR('',#6359,1.);
#6359 = DIRECTION('',(1.,0.));
#6360 = ( GEOMETRIC_REPRESENTATION_CONTEXT(2) 
PARAMETRIC_REPRESENTATION_CONTEXT() REPRESENTATION_CONTEXT('2D SPACE',''
  ) );
#6361 = ORIENTED_EDGE('',*,*,#6362,.T.);
#6362 = EDGE_CURVE('46_Sub_98be471455009d092ac814ed11dfd0e6_Edge_65',
  #6339,#6363,#6365,.T.);
#6363 = VERTEX_POINT('46_Sub_98be471455009d092ac814ed11dfd0e6_Vertex_43'
  ,#6364);
#6364 = CARTESIAN_POINT('',(10.075536435623,1.281757020546,-1.5));
#6365 = SURFACE_CURVE('',#6366,(#6371,#6382),.PCURVE_S1.);
#6366 = CIRCLE('',#6367,8.);
#6367 = AXIS2_PLACEMENT_3D('',#6368,#6369,#6370);
#6368 = CARTESIAN_POINT('',(18.05575291,1.84402477,-1.5));
#6369 = DIRECTION('',(0.,0.,1.));
#6370 = DIRECTION('',(-1.,-2.22044604925E-16,0.));
#6371 = PCURVE('',#5416,#6372);
#6372 = DEFINITIONAL_REPRESENTATION('',(#6373),#6381);
#6373 = ( BOUNDED_CURVE() B_SPLINE_CURVE(2,(#6374,#6375,#6376,#6377,
#6378,#6379,#6380),.UNSPECIFIED.,.T.,.F.) B_SPLINE_CURVE_WITH_KNOTS((1,2
    ,2,2,2,1),(-2.094395102393,0.,2.094395102393,4.188790204786,
6.28318530718,8.377580409573),.UNSPECIFIED.) CURVE() 
GEOMETRIC_REPRESENTATION_ITEM() RATIONAL_B_SPLINE_CURVE((1.,0.5,1.,0.5,
1.,0.5,1.)) REPRESENTATION_ITEM('') );
#6374 = CARTESIAN_POINT('',(-10.05575291,1.84402477));
#6375 = CARTESIAN_POINT('',(-10.05575291,-12.01238169055));
#6376 = CARTESIAN_POINT('',(-22.05575291,-5.084178460276));
#6377 = CARTESIAN_POINT('',(-34.05575291,1.84402477));
#6378 = CARTESIAN_POINT('',(-22.05575291,8.772228000276));
#6379 = CARTESIAN_POINT('',(-10.05575291,15.700431230551));
#6380 = CARTESIAN_POINT('',(-10.05575291,1.84402477));
#6381 = ( GEOMETRIC_REPRESENTATION_CONTEXT(2) 
PARAMETRIC_REPRESENTATION_CONTEXT() REPRESENTATION_CONTEXT('2D SPACE',''
  ) );
#6382 = PCURVE('',#5912,#6383);
#6383 = DEFINITIONAL_REPRESENTATION('',(#6384),#6387);
#6384 = B_SPLINE_CURVE_WITH_KNOTS('',1,(#6385,#6386),.UNSPECIFIED.,.F.,
  .F.,(2,2),(-5.426966686109,-0.),.PIECEWISE_BEZIER_KNOTS.);
#6385 = CARTESIAN_POINT('',(11.710151993289,-10.));
#6386 = CARTESIAN_POINT('',(6.28318530718,-10.));
#6387 = ( GEOMETRIC_REPRESENTATION_CONTEXT(2) 
PARAMETRIC_REPRESENTATION_CONTEXT() REPRESENTATION_CONTEXT('2D SPACE',''
  ) );
#6388 = ORIENTED_EDGE('',*,*,#6389,.F.);
#6389 = EDGE_CURVE('38_Sub_c30b5fb00c98d405a09252fed7f978ad_Edge_65',
  #6390,#6363,#6392,.T.);
#6390 = VERTEX_POINT('38_Sub_c30b5fb00c98d405a09252fed7f978ad_Vertex_41'
  ,#6391);
#6391 = CARTESIAN_POINT('',(9.853474,1.28998693,-1.5));
#6392 = SURFACE_CURVE('',#6393,(#6398,#6405),.PCURVE_S1.);
#6393 = CIRCLE('',#6394,3.);
#6394 = AXIS2_PLACEMENT_3D('',#6395,#6396,#6397);
#6395 = CARTESIAN_POINT('',(9.853474,-1.71001307,-1.5));
#6396 = DIRECTION('',(0.,0.,-1.));
#6397 = DIRECTION('',(-1.,0.,0.));
#6398 = PCURVE('',#5416,#6399);
#6399 = DEFINITIONAL_REPRESENTATION('',(#6400),#6404);
#6400 = CIRCLE('',#6401,3.);
#6401 = AXIS2_PLACEMENT_2D('',#6402,#6403);
#6402 = CARTESIAN_POINT('',(-9.853474,-1.71001307));
#6403 = DIRECTION('',(1.,0.));
#6404 = ( GEOMETRIC_REPRESENTATION_CONTEXT(2) 
PARAMETRIC_REPRESENTATION_CONTEXT() REPRESENTATION_CONTEXT('2D SPACE',''
  ) );
#6405 = PCURVE('',#5940,#6406);
#6406 = DEFINITIONAL_REPRESENTATION('',(#6407),#6411);
#6407 = LINE('',#6408,#6409);
#6408 = CARTESIAN_POINT('',(0.,-10.));
#6409 = VECTOR('',#6410,1.);
#6410 = DIRECTION('',(1.,0.));
#6411 = ( GEOMETRIC_REPRESENTATION_CONTEXT(2) 
PARAMETRIC_REPRESENTATION_CONTEXT() REPRESENTATION_CONTEXT('2D SPACE',''
  ) );
#6412 = ORIENTED_EDGE('',*,*,#6413,.F.);
#6413 = EDGE_CURVE('38_Sub_c30b5fb00c98d405a09252fed7f978ad_Edge_64',
  #6414,#6390,#6416,.T.);
#6414 = VERTEX_POINT('38_Sub_c30b5fb00c98d405a09252fed7f978ad_Vertex_40'
  ,#6415);
#6415 = CARTESIAN_POINT('',(-9.146526,1.28998693,-1.5));
#6416 = SURFACE_CURVE('',#6417,(#6421,#6427),.PCURVE_S1.);
#6417 = LINE('',#6418,#6419);
#6418 = CARTESIAN_POINT('',(-4.573263,1.28998693,-1.5));
#6419 = VECTOR('',#6420,1.);
#6420 = DIRECTION('',(1.,0.,-0.));
#6421 = PCURVE('',#5416,#6422);
#6422 = DEFINITIONAL_REPRESENTATION('',(#6423),#6426);
#6423 = B_SPLINE_CURVE_WITH_KNOTS('',1,(#6424,#6425),.UNSPECIFIED.,.F.,
  .F.,(2,2),(-4.573263,14.426737),.PIECEWISE_BEZIER_KNOTS.);
#6424 = CARTESIAN_POINT('',(9.146526,1.28998693));
#6425 = CARTESIAN_POINT('',(-9.853474,1.28998693));
#6426 = ( GEOMETRIC_REPRESENTATION_CONTEXT(2) 
PARAMETRIC_REPRESENTATION_CONTEXT() REPRESENTATION_CONTEXT('2D SPACE',''
  ) );
#6427 = PCURVE('',#5967,#6428);
#6428 = DEFINITIONAL_REPRESENTATION('',(#6429),#6432);
#6429 = B_SPLINE_CURVE_WITH_KNOTS('',1,(#6430,#6431),.UNSPECIFIED.,.F.,
  .F.,(2,2),(-4.573263,14.426737),.PIECEWISE_BEZIER_KNOTS.);
#6430 = CARTESIAN_POINT('',(0.,-10.));
#6431 = CARTESIAN_POINT('',(19.,-10.));
#6432 = ( GEOMETRIC_REPRESENTATION_CONTEXT(2) 
PARAMETRIC_REPRESENTATION_CONTEXT() REPRESENTATION_CONTEXT('2D SPACE',''
  ) );
#6433 = ORIENTED_EDGE('',*,*,#6434,.F.);
#6434 = EDGE_CURVE('38_Sub_c30b5fb00c98d405a09252fed7f978ad_Edge_63',
  #6435,#6414,#6437,.T.);
#6435 = VERTEX_POINT('38_Sub_c30b5fb00c98d405a09252fed7f978ad_Vertex_39'
  ,#6436);
#6436 = CARTESIAN_POINT('',(-12.146526,-1.71001307,-1.5));
#6437 = SURFACE_CURVE('',#6438,(#6443,#6450),.PCURVE_S1.);
#6438 = CIRCLE('',#6439,3.);
#6439 = AXIS2_PLACEMENT_3D('',#6440,#6441,#6442);
#6440 = CARTESIAN_POINT('',(-9.146526,-1.71001307,-1.5));
#6441 = DIRECTION('',(0.,0.,-1.));
#6442 = DIRECTION('',(-1.,0.,0.));
#6443 = PCURVE('',#5416,#6444);
#6444 = DEFINITIONAL_REPRESENTATION('',(#6445),#6449);
#6445 = CIRCLE('',#6446,3.);
#6446 = AXIS2_PLACEMENT_2D('',#6447,#6448);
#6447 = CARTESIAN_POINT('',(9.146526,-1.71001307));
#6448 = DIRECTION('',(1.,0.));
#6449 = ( GEOMETRIC_REPRESENTATION_CONTEXT(2) 
PARAMETRIC_REPRESENTATION_CONTEXT() REPRESENTATION_CONTEXT('2D SPACE',''
  ) );
#6450 = PCURVE('',#5995,#6451);
#6451 = DEFINITIONAL_REPRESENTATION('',(#6452),#6456);
#6452 = LINE('',#6453,#6454);
#6453 = CARTESIAN_POINT('',(0.,-10.));
#6454 = VECTOR('',#6455,1.);
#6455 = DIRECTION('',(1.,0.));
#6456 = ( GEOMETRIC_REPRESENTATION_CONTEXT(2) 
PARAMETRIC_REPRESENTATION_CONTEXT() REPRESENTATION_CONTEXT('2D SPACE',''
  ) );
#6457 = ORIENTED_EDGE('',*,*,#6458,.F.);
#6458 = EDGE_CURVE('38_Sub_c30b5fb00c98d405a09252fed7f978ad_Edge_62',
  #6459,#6435,#6461,.T.);
#6459 = VERTEX_POINT('38_Sub_c30b5fb00c98d405a09252fed7f978ad_Vertex_38'
  ,#6460);
#6460 = CARTESIAN_POINT('',(-12.146526,-3.71001307,-1.5));
#6461 = SURFACE_CURVE('',#6462,(#6466,#6472),.PCURVE_S1.);
#6462 = LINE('',#6463,#6464);
#6463 = CARTESIAN_POINT('',(-12.146526,-1.855006535,-1.5));
#6464 = VECTOR('',#6465,1.);
#6465 = DIRECTION('',(0.,1.,-0.));
#6466 = PCURVE('',#5416,#6467);
#6467 = DEFINITIONAL_REPRESENTATION('',(#6468),#6471);
#6468 = B_SPLINE_CURVE_WITH_KNOTS('',1,(#6469,#6470),.UNSPECIFIED.,.F.,
  .F.,(2,2),(-1.855006535,0.144993465),.PIECEWISE_BEZIER_KNOTS.);
#6469 = CARTESIAN_POINT('',(12.146526,-3.71001307));
#6470 = CARTESIAN_POINT('',(12.146526,-1.71001307));
#6471 = ( GEOMETRIC_REPRESENTATION_CONTEXT(2) 
PARAMETRIC_REPRESENTATION_CONTEXT() REPRESENTATION_CONTEXT('2D SPACE',''
  ) );
#6472 = PCURVE('',#6022,#6473);
#6473 = DEFINITIONAL_REPRESENTATION('',(#6474),#6477);
#6474 = B_SPLINE_CURVE_WITH_KNOTS('',1,(#6475,#6476),.UNSPECIFIED.,.F.,
  .F.,(2,2),(-1.855006535,0.144993465),.PIECEWISE_BEZIER_KNOTS.);
#6475 = CARTESIAN_POINT('',(-4.440892098501E-16,-10.));
#6476 = CARTESIAN_POINT('',(2.,-10.));
#6477 = ( GEOMETRIC_REPRESENTATION_CONTEXT(2) 
PARAMETRIC_REPRESENTATION_CONTEXT() REPRESENTATION_CONTEXT('2D SPACE',''
  ) );
#6478 = ORIENTED_EDGE('',*,*,#6479,.F.);
#6479 = EDGE_CURVE('38_Sub_c30b5fb00c98d405a09252fed7f978ad_Edge_61',
  #6318,#6459,#6480,.T.);
#6480 = SURFACE_CURVE('',#6481,(#6486,#6493),.PCURVE_S1.);
#6481 = CIRCLE('',#6482,3.);
#6482 = AXIS2_PLACEMENT_3D('',#6483,#6484,#6485);
#6483 = CARTESIAN_POINT('',(-9.146526,-3.71001307,-1.5));
#6484 = DIRECTION('',(0.,0.,-1.));
#6485 = DIRECTION('',(-1.,0.,0.));
#6486 = PCURVE('',#5416,#6487);
#6487 = DEFINITIONAL_REPRESENTATION('',(#6488),#6492);
#6488 = CIRCLE('',#6489,3.);
#6489 = AXIS2_PLACEMENT_2D('',#6490,#6491);
#6490 = CARTESIAN_POINT('',(9.146526,-3.71001307));
#6491 = DIRECTION('',(1.,0.));
#6492 = ( GEOMETRIC_REPRESENTATION_CONTEXT(2) 
PARAMETRIC_REPRESENTATION_CONTEXT() REPRESENTATION_CONTEXT('2D SPACE',''
  ) );
#6493 = PCURVE('',#6048,#6494);
#6494 = DEFINITIONAL_REPRESENTATION('',(#6495),#6499);
#6495 = LINE('',#6496,#6497);
#6496 = CARTESIAN_POINT('',(0.,-10.));
#6497 = VECTOR('',#6498,1.);
#6498 = DIRECTION('',(1.,0.));
#6499 = ( GEOMETRIC_REPRESENTATION_CONTEXT(2) 
PARAMETRIC_REPRESENTATION_CONTEXT() REPRESENTATION_CONTEXT('2D SPACE',''
  ) );
#6500 = FACE_BOUND('',#6501,.T.);
#6501 = EDGE_LOOP('undefined shape id',(#6502));
#6502 = ORIENTED_EDGE('',*,*,#6503,.T.);
#6503 = EDGE_CURVE('14_region1_5_Edge_0',#6504,#6504,#6506,.T.);
#6504 = VERTEX_POINT('14_region1_5_Vertex_0',#6505);
#6505 = CARTESIAN_POINT('',(32.50000742,7.70998717,-1.5));
#6506 = SURFACE_CURVE('',#6507,(#6512,#6523),.PCURVE_S1.);
#6507 = CIRCLE('',#6508,2.55);
#6508 = AXIS2_PLACEMENT_3D('',#6509,#6510,#6511);
#6509 = CARTESIAN_POINT('',(32.50000742,10.25998717,-1.5));
#6510 = DIRECTION('',(-0.,0.,1.));
#6511 = DIRECTION('',(0.,-1.,0.));
#6512 = PCURVE('',#5416,#6513);
#6513 = DEFINITIONAL_REPRESENTATION('',(#6514),#6522);
#6514 = ( BOUNDED_CURVE() B_SPLINE_CURVE(2,(#6515,#6516,#6517,#6518,
#6519,#6520,#6521),.UNSPECIFIED.,.T.,.F.) B_SPLINE_CURVE_WITH_KNOTS((1,2
    ,2,2,2,1),(-2.094395102393,0.,2.094395102393,4.188790204786,
6.28318530718,8.377580409573),.UNSPECIFIED.) CURVE() 
GEOMETRIC_REPRESENTATION_ITEM() RATIONAL_B_SPLINE_CURVE((1.,0.5,1.,0.5,
1.,0.5,1.)) REPRESENTATION_ITEM('') );
#6515 = CARTESIAN_POINT('',(-32.50000742,7.70998717));
#6516 = CARTESIAN_POINT('',(-36.9167369793,7.70998717));
#6517 = CARTESIAN_POINT('',(-34.70837219965,11.53498717));
#6518 = CARTESIAN_POINT('',(-32.50000742,15.35998717));
#6519 = CARTESIAN_POINT('',(-30.29164264035,11.53498717));
#6520 = CARTESIAN_POINT('',(-28.08327786069,7.70998717));
#6521 = CARTESIAN_POINT('',(-32.50000742,7.70998717));
#6522 = ( GEOMETRIC_REPRESENTATION_CONTEXT(2) 
PARAMETRIC_REPRESENTATION_CONTEXT() REPRESENTATION_CONTEXT('2D SPACE',''
  ) );
#6523 = PCURVE('',#6524,#6529);
#6524 = CONICAL_SURFACE('',#6525,1.45,0.785398163397);
#6525 = AXIS2_PLACEMENT_3D('',#6526,#6527,#6528);
#6526 = CARTESIAN_POINT('',(32.50000742,10.25998717,-0.4));
#6527 = DIRECTION('',(0.,0.,-1.));
#6528 = DIRECTION('',(0.,-1.,0.));
#6529 = DEFINITIONAL_REPRESENTATION('',(#6530),#6534);
#6530 = LINE('',#6531,#6532);
#6531 = CARTESIAN_POINT('',(-0.,1.1));
#6532 = VECTOR('',#6533,1.);
#6533 = DIRECTION('',(-1.,0.));
#6534 = ( GEOMETRIC_REPRESENTATION_CONTEXT(2) 
PARAMETRIC_REPRESENTATION_CONTEXT() REPRESENTATION_CONTEXT('2D SPACE',''
  ) );
#6535 = FACE_BOUND('',#6536,.T.);
#6536 = EDGE_LOOP('undefined shape id',(#6537));
#6537 = ORIENTED_EDGE('',*,*,#6538,.T.);
#6538 = EDGE_CURVE('14_region1_20_Edge_0',#6539,#6539,#6541,.T.);
#6539 = VERTEX_POINT('14_region1_20_Vertex_0',#6540);
#6540 = CARTESIAN_POINT('',(-32.49999258,7.70998717,-1.5));
#6541 = SURFACE_CURVE('',#6542,(#6547,#6558),.PCURVE_S1.);
#6542 = CIRCLE('',#6543,2.55);
#6543 = AXIS2_PLACEMENT_3D('',#6544,#6545,#6546);
#6544 = CARTESIAN_POINT('',(-32.49999258,10.25998717,-1.5));
#6545 = DIRECTION('',(-0.,0.,1.));
#6546 = DIRECTION('',(0.,-1.,0.));
#6547 = PCURVE('',#5416,#6548);
#6548 = DEFINITIONAL_REPRESENTATION('',(#6549),#6557);
#6549 = ( BOUNDED_CURVE() B_SPLINE_CURVE(2,(#6550,#6551,#6552,#6553,
#6554,#6555,#6556),.UNSPECIFIED.,.T.,.F.) B_SPLINE_CURVE_WITH_KNOTS((1,2
    ,2,2,2,1),(-2.094395102393,0.,2.094395102393,4.188790204786,
6.28318530718,8.377580409573),.UNSPECIFIED.) CURVE() 
GEOMETRIC_REPRESENTATION_ITEM() RATIONAL_B_SPLINE_CURVE((1.,0.5,1.,0.5,
1.,0.5,1.)) REPRESENTATION_ITEM('') );
#6550 = CARTESIAN_POINT('',(32.49999258,7.70998717));
#6551 = CARTESIAN_POINT('',(28.083263020699,7.70998717));
#6552 = CARTESIAN_POINT('',(30.29162780035,11.53498717));
#6553 = CARTESIAN_POINT('',(32.49999258,15.35998717));
#6554 = CARTESIAN_POINT('',(34.70835735965,11.53498717));
#6555 = CARTESIAN_POINT('',(36.916722139301,7.70998717));
#6556 = CARTESIAN_POINT('',(32.49999258,7.70998717));
#6557 = ( GEOMETRIC_REPRESENTATION_CONTEXT(2) 
PARAMETRIC_REPRESENTATION_CONTEXT() REPRESENTATION_CONTEXT('2D SPACE',''
  ) );
#6558 = PCURVE('',#6559,#6564);
#6559 = CONICAL_SURFACE('',#6560,1.45,0.785398163397);
#6560 = AXIS2_PLACEMENT_3D('',#6561,#6562,#6563);
#6561 = CARTESIAN_POINT('',(-32.49999258,10.25998717,-0.4));
#6562 = DIRECTION('',(0.,0.,-1.));
#6563 = DIRECTION('',(0.,-1.,0.));
#6564 = DEFINITIONAL_REPRESENTATION('',(#6565),#6569);
#6565 = LINE('',#6566,#6567);
#6566 = CARTESIAN_POINT('',(-0.,1.1));
#6567 = VECTOR('',#6568,1.);
#6568 = DIRECTION('',(-1.,0.));
#6569 = ( GEOMETRIC_REPRESENTATION_CONTEXT(2) 
PARAMETRIC_REPRESENTATION_CONTEXT() REPRESENTATION_CONTEXT('2D SPACE',''
  ) );
#6570 = ADVANCED_FACE('6_region1_Face_30',(#6571),#5503,.F.);
#6571 = FACE_BOUND('',#6572,.F.);
#6572 = EDGE_LOOP('undefined shape id',(#6573,#6594,#6595,#6596));
#6573 = ORIENTED_EDGE('',*,*,#6574,.T.);
#6574 = EDGE_CURVE('6_region1_Edge_16',#5724,#6198,#6575,.T.);
#6575 = SURFACE_CURVE('',#6576,(#6580,#6587),.PCURVE_S1.);
#6576 = LINE('',#6577,#6578);
#6577 = CARTESIAN_POINT('',(35.50000742,10.25998717,0.));
#6578 = VECTOR('',#6579,1.);
#6579 = DIRECTION('',(-0.,-0.,-1.));
#6580 = PCURVE('',#5503,#6581);
#6581 = DEFINITIONAL_REPRESENTATION('',(#6582),#6586);
#6582 = LINE('',#6583,#6584);
#6583 = CARTESIAN_POINT('',(0.,0.));
#6584 = VECTOR('',#6585,1.);
#6585 = DIRECTION('',(0.,-1.));
#6586 = ( GEOMETRIC_REPRESENTATION_CONTEXT(2) 
PARAMETRIC_REPRESENTATION_CONTEXT() REPRESENTATION_CONTEXT('2D SPACE',''
  ) );
#6587 = PCURVE('',#5740,#6588);
#6588 = DEFINITIONAL_REPRESENTATION('',(#6589),#6593);
#6589 = LINE('',#6590,#6591);
#6590 = CARTESIAN_POINT('',(-3.14159265359,0.));
#6591 = VECTOR('',#6592,1.);
#6592 = DIRECTION('',(-0.,-1.));
#6593 = ( GEOMETRIC_REPRESENTATION_CONTEXT(2) 
PARAMETRIC_REPRESENTATION_CONTEXT() REPRESENTATION_CONTEXT('2D SPACE',''
  ) );
#6594 = ORIENTED_EDGE('',*,*,#6221,.T.);
#6595 = ORIENTED_EDGE('',*,*,#5485,.F.);
#6596 = ORIENTED_EDGE('',*,*,#5752,.F.);
#6597 = ADVANCED_FACE('6_region1_Face_16',(#6598),#5604,.F.);
#6598 = FACE_BOUND('',#6599,.F.);
#6599 = EDGE_LOOP('undefined shape id',(#6600,#6601,#6602,#6623));
#6600 = ORIENTED_EDGE('',*,*,#5588,.T.);
#6601 = ORIENTED_EDGE('',*,*,#6127,.T.);
#6602 = ORIENTED_EDGE('',*,*,#6603,.F.);
#6603 = EDGE_CURVE('6_region1_Edge_7',#5644,#6128,#6604,.T.);
#6604 = SURFACE_CURVE('',#6605,(#6609,#6616),.PCURVE_S1.);
#6605 = LINE('',#6606,#6607);
#6606 = CARTESIAN_POINT('',(-35.49999258,10.25998717,0.));
#6607 = VECTOR('',#6608,1.);
#6608 = DIRECTION('',(-0.,-0.,-1.));
#6609 = PCURVE('',#5604,#6610);
#6610 = DEFINITIONAL_REPRESENTATION('',(#6611),#6615);
#6611 = LINE('',#6612,#6613);
#6612 = CARTESIAN_POINT('',(20.52,0.));
#6613 = VECTOR('',#6614,1.);
#6614 = DIRECTION('',(0.,-1.));
#6615 = ( GEOMETRIC_REPRESENTATION_CONTEXT(2) 
PARAMETRIC_REPRESENTATION_CONTEXT() REPRESENTATION_CONTEXT('2D SPACE',''
  ) );
#6616 = PCURVE('',#5683,#6617);
#6617 = DEFINITIONAL_REPRESENTATION('',(#6618),#6622);
#6618 = LINE('',#6619,#6620);
#6619 = CARTESIAN_POINT('',(-0.,0.));
#6620 = VECTOR('',#6621,1.);
#6621 = DIRECTION('',(-0.,-1.));
#6622 = ( GEOMETRIC_REPRESENTATION_CONTEXT(2) 
PARAMETRIC_REPRESENTATION_CONTEXT() REPRESENTATION_CONTEXT('2D SPACE',''
  ) );
#6623 = ORIENTED_EDGE('',*,*,#5643,.F.);
#6624 = ADVANCED_FACE('6_region1_Face_26',(#6625),#5740,.T.);
#6625 = FACE_BOUND('',#6626,.F.);
#6626 = EDGE_LOOP('undefined shape id',(#6627,#6648,#6649,#6650));
#6627 = ORIENTED_EDGE('',*,*,#6628,.T.);
#6628 = EDGE_CURVE('6_region1_Edge_13',#5696,#6175,#6629,.T.);
#6629 = SURFACE_CURVE('',#6630,(#6634,#6641),.PCURVE_S1.);
#6630 = LINE('',#6631,#6632);
#6631 = CARTESIAN_POINT('',(32.50000742,13.25998717,0.));
#6632 = VECTOR('',#6633,1.);
#6633 = DIRECTION('',(-0.,-0.,-1.));
#6634 = PCURVE('',#5740,#6635);
#6635 = DEFINITIONAL_REPRESENTATION('',(#6636),#6640);
#6636 = LINE('',#6637,#6638);
#6637 = CARTESIAN_POINT('',(-1.570796326795,0.));
#6638 = VECTOR('',#6639,1.);
#6639 = DIRECTION('',(-0.,-1.));
#6640 = ( GEOMETRIC_REPRESENTATION_CONTEXT(2) 
PARAMETRIC_REPRESENTATION_CONTEXT() REPRESENTATION_CONTEXT('2D SPACE',''
  ) );
#6641 = PCURVE('',#5711,#6642);
#6642 = DEFINITIONAL_REPRESENTATION('',(#6643),#6647);
#6643 = LINE('',#6644,#6645);
#6644 = CARTESIAN_POINT('',(65.,0.));
#6645 = VECTOR('',#6646,1.);
#6646 = DIRECTION('',(0.,-1.));
#6647 = ( GEOMETRIC_REPRESENTATION_CONTEXT(2) 
PARAMETRIC_REPRESENTATION_CONTEXT() REPRESENTATION_CONTEXT('2D SPACE',''
  ) );
#6648 = ORIENTED_EDGE('',*,*,#6197,.T.);
#6649 = ORIENTED_EDGE('',*,*,#6574,.F.);
#6650 = ORIENTED_EDGE('',*,*,#5723,.F.);
#6651 = ADVANCED_FACE('6_region1_Face_19',(#6652),#5683,.T.);
#6652 = FACE_BOUND('',#6653,.F.);
#6653 = EDGE_LOOP('undefined shape id',(#6654,#6655,#6656,#6677));
#6654 = ORIENTED_EDGE('',*,*,#6603,.T.);
#6655 = ORIENTED_EDGE('',*,*,#6150,.T.);
#6656 = ORIENTED_EDGE('',*,*,#6657,.F.);
#6657 = EDGE_CURVE('6_region1_Edge_10',#5667,#6151,#6658,.T.);
#6658 = SURFACE_CURVE('',#6659,(#6663,#6670),.PCURVE_S1.);
#6659 = LINE('',#6660,#6661);
#6660 = CARTESIAN_POINT('',(-32.49999258,13.25998717,0.));
#6661 = VECTOR('',#6662,1.);
#6662 = DIRECTION('',(-0.,-0.,-1.));
#6663 = PCURVE('',#5683,#6664);
#6664 = DEFINITIONAL_REPRESENTATION('',(#6665),#6669);
#6665 = LINE('',#6666,#6667);
#6666 = CARTESIAN_POINT('',(-1.570796326795,0.));
#6667 = VECTOR('',#6668,1.);
#6668 = DIRECTION('',(-0.,-1.));
#6669 = ( GEOMETRIC_REPRESENTATION_CONTEXT(2) 
PARAMETRIC_REPRESENTATION_CONTEXT() REPRESENTATION_CONTEXT('2D SPACE',''
  ) );
#6670 = PCURVE('',#5711,#6671);
#6671 = DEFINITIONAL_REPRESENTATION('',(#6672),#6676);
#6672 = LINE('',#6673,#6674);
#6673 = CARTESIAN_POINT('',(0.,0.));
#6674 = VECTOR('',#6675,1.);
#6675 = DIRECTION('',(0.,-1.));
#6676 = ( GEOMETRIC_REPRESENTATION_CONTEXT(2) 
PARAMETRIC_REPRESENTATION_CONTEXT() REPRESENTATION_CONTEXT('2D SPACE',''
  ) );
#6677 = ORIENTED_EDGE('',*,*,#5666,.F.);
#6678 = ADVANCED_FACE('6_region1_Face_23',(#6679),#5711,.F.);
#6679 = FACE_BOUND('',#6680,.F.);
#6680 = EDGE_LOOP('undefined shape id',(#6681,#6682,#6683,#6684));
#6681 = ORIENTED_EDGE('',*,*,#6657,.T.);
#6682 = ORIENTED_EDGE('',*,*,#6174,.T.);
#6683 = ORIENTED_EDGE('',*,*,#6628,.F.);
#6684 = ORIENTED_EDGE('',*,*,#5695,.F.);
#6685 = ADVANCED_FACE('14_Sub_be49b292ed5b3f5ba8a28b195d7adafc_Face_14',
  (#6686),#5793,.F.);
#6686 = FACE_BOUND('',#6687,.T.);
#6687 = EDGE_LOOP('undefined shape id',(#6688,#6689,#6712,#6734));
#6688 = ORIENTED_EDGE('',*,*,#5776,.F.);
#6689 = ORIENTED_EDGE('',*,*,#6690,.T.);
#6690 = EDGE_CURVE('14_region1_11_Edge_5',#5777,#6691,#6693,.T.);
#6691 = VERTEX_POINT('14_region1_11_Vertex_3',#6692);
#6692 = CARTESIAN_POINT('',(32.50000742,-11.71001283,-0.4));
#6693 = SEAM_CURVE('',#6694,(#6698,#6705),.PCURVE_S1.);
#6694 = LINE('',#6695,#6696);
#6695 = CARTESIAN_POINT('',(32.50000742,-11.71001283,8.5));
#6696 = VECTOR('',#6697,1.);
#6697 = DIRECTION('',(0.,0.,-1.));
#6698 = PCURVE('',#5793,#6699);
#6699 = DEFINITIONAL_REPRESENTATION('',(#6700),#6704);
#6700 = LINE('',#6701,#6702);
#6701 = CARTESIAN_POINT('',(-0.,0.));
#6702 = VECTOR('',#6703,1.);
#6703 = DIRECTION('',(-0.,1.));
#6704 = ( GEOMETRIC_REPRESENTATION_CONTEXT(2) 
PARAMETRIC_REPRESENTATION_CONTEXT() REPRESENTATION_CONTEXT('2D SPACE',''
  ) );
#6705 = PCURVE('',#5793,#6706);
#6706 = DEFINITIONAL_REPRESENTATION('',(#6707),#6711);
#6707 = LINE('',#6708,#6709);
#6708 = CARTESIAN_POINT('',(-6.28318530718,0.));
#6709 = VECTOR('',#6710,1.);
#6710 = DIRECTION('',(-0.,1.));
#6711 = ( GEOMETRIC_REPRESENTATION_CONTEXT(2) 
PARAMETRIC_REPRESENTATION_CONTEXT() REPRESENTATION_CONTEXT('2D SPACE',''
  ) );
#6712 = ORIENTED_EDGE('',*,*,#6713,.F.);
#6713 = EDGE_CURVE('14_region1_11_Edge_4',#6691,#6691,#6714,.T.);
#6714 = SURFACE_CURVE('',#6715,(#6720,#6727),.PCURVE_S1.);
#6715 = CIRCLE('',#6716,1.45);
#6716 = AXIS2_PLACEMENT_3D('',#6717,#6718,#6719);
#6717 = CARTESIAN_POINT('',(32.50000742,-10.26001283,-0.4));
#6718 = DIRECTION('',(-0.,0.,1.));
#6719 = DIRECTION('',(0.,-1.,0.));
#6720 = PCURVE('',#5793,#6721);
#6721 = DEFINITIONAL_REPRESENTATION('',(#6722),#6726);
#6722 = LINE('',#6723,#6724);
#6723 = CARTESIAN_POINT('',(-0.,8.9));
#6724 = VECTOR('',#6725,1.);
#6725 = DIRECTION('',(-1.,0.));
#6726 = ( GEOMETRIC_REPRESENTATION_CONTEXT(2) 
PARAMETRIC_REPRESENTATION_CONTEXT() REPRESENTATION_CONTEXT('2D SPACE',''
  ) );
#6727 = PCURVE('',#6266,#6728);
#6728 = DEFINITIONAL_REPRESENTATION('',(#6729),#6733);
#6729 = LINE('',#6730,#6731);
#6730 = CARTESIAN_POINT('',(-0.,1.110223024625E-16));
#6731 = VECTOR('',#6732,1.);
#6732 = DIRECTION('',(-1.,0.));
#6733 = ( GEOMETRIC_REPRESENTATION_CONTEXT(2) 
PARAMETRIC_REPRESENTATION_CONTEXT() REPRESENTATION_CONTEXT('2D SPACE',''
  ) );
#6734 = ORIENTED_EDGE('',*,*,#6690,.F.);
#6735 = ADVANCED_FACE('14_Sub_be49b292ed5b3f5ba8a28b195d7adafc_Face_15',
  (#6736),#5824,.F.);
#6736 = FACE_BOUND('',#6737,.T.);
#6737 = EDGE_LOOP('undefined shape id',(#6738,#6739,#6762,#6784));
#6738 = ORIENTED_EDGE('',*,*,#5807,.F.);
#6739 = ORIENTED_EDGE('',*,*,#6740,.T.);
#6740 = EDGE_CURVE('14_region1_15_Edge_5',#5808,#6741,#6743,.T.);
#6741 = VERTEX_POINT('14_region1_15_Vertex_3',#6742);
#6742 = CARTESIAN_POINT('',(-32.49999258,-11.71001283,-0.4));
#6743 = SEAM_CURVE('',#6744,(#6748,#6755),.PCURVE_S1.);
#6744 = LINE('',#6745,#6746);
#6745 = CARTESIAN_POINT('',(-32.49999258,-11.71001283,8.5));
#6746 = VECTOR('',#6747,1.);
#6747 = DIRECTION('',(0.,0.,-1.));
#6748 = PCURVE('',#5824,#6749);
#6749 = DEFINITIONAL_REPRESENTATION('',(#6750),#6754);
#6750 = LINE('',#6751,#6752);
#6751 = CARTESIAN_POINT('',(-0.,0.));
#6752 = VECTOR('',#6753,1.);
#6753 = DIRECTION('',(-0.,1.));
#6754 = ( GEOMETRIC_REPRESENTATION_CONTEXT(2) 
PARAMETRIC_REPRESENTATION_CONTEXT() REPRESENTATION_CONTEXT('2D SPACE',''
  ) );
#6755 = PCURVE('',#5824,#6756);
#6756 = DEFINITIONAL_REPRESENTATION('',(#6757),#6761);
#6757 = LINE('',#6758,#6759);
#6758 = CARTESIAN_POINT('',(-6.28318530718,0.));
#6759 = VECTOR('',#6760,1.);
#6760 = DIRECTION('',(-0.,1.));
#6761 = ( GEOMETRIC_REPRESENTATION_CONTEXT(2) 
PARAMETRIC_REPRESENTATION_CONTEXT() REPRESENTATION_CONTEXT('2D SPACE',''
  ) );
#6762 = ORIENTED_EDGE('',*,*,#6763,.F.);
#6763 = EDGE_CURVE('14_region1_15_Edge_4',#6741,#6741,#6764,.T.);
#6764 = SURFACE_CURVE('',#6765,(#6770,#6777),.PCURVE_S1.);
#6765 = CIRCLE('',#6766,1.45);
#6766 = AXIS2_PLACEMENT_3D('',#6767,#6768,#6769);
#6767 = CARTESIAN_POINT('',(-32.49999258,-10.26001283,-0.4));
#6768 = DIRECTION('',(-0.,0.,1.));
#6769 = DIRECTION('',(0.,-1.,0.));
#6770 = PCURVE('',#5824,#6771);
#6771 = DEFINITIONAL_REPRESENTATION('',(#6772),#6776);
#6772 = LINE('',#6773,#6774);
#6773 = CARTESIAN_POINT('',(-0.,8.9));
#6774 = VECTOR('',#6775,1.);
#6775 = DIRECTION('',(-1.,0.));
#6776 = ( GEOMETRIC_REPRESENTATION_CONTEXT(2) 
PARAMETRIC_REPRESENTATION_CONTEXT() REPRESENTATION_CONTEXT('2D SPACE',''
  ) );
#6777 = PCURVE('',#6301,#6778);
#6778 = DEFINITIONAL_REPRESENTATION('',(#6779),#6783);
#6779 = LINE('',#6780,#6781);
#6780 = CARTESIAN_POINT('',(-0.,1.110223024625E-16));
#6781 = VECTOR('',#6782,1.);
#6782 = DIRECTION('',(-1.,0.));
#6783 = ( GEOMETRIC_REPRESENTATION_CONTEXT(2) 
PARAMETRIC_REPRESENTATION_CONTEXT() REPRESENTATION_CONTEXT('2D SPACE',''
  ) );
#6784 = ORIENTED_EDGE('',*,*,#6740,.F.);
#6785 = ADVANCED_FACE('38_region0_Face_1',(#6786),#5855,.F.);
#6786 = FACE_BOUND('',#6787,.F.);
#6787 = EDGE_LOOP('undefined shape id',(#6788,#6789,#6810,#6811));
#6788 = ORIENTED_EDGE('',*,*,#6315,.F.);
#6789 = ORIENTED_EDGE('',*,*,#6790,.T.);
#6790 = EDGE_CURVE('38_region0_Edge_0',#6316,#5839,#6791,.T.);
#6791 = SURFACE_CURVE('',#6792,(#6796,#6803),.PCURVE_S1.);
#6792 = LINE('',#6793,#6794);
#6793 = CARTESIAN_POINT('',(9.853474,-6.71001307,-11.5));
#6794 = VECTOR('',#6795,1.);
#6795 = DIRECTION('',(0.,0.,1.));
#6796 = PCURVE('',#5855,#6797);
#6797 = DEFINITIONAL_REPRESENTATION('',(#6798),#6802);
#6798 = LINE('',#6799,#6800);
#6799 = CARTESIAN_POINT('',(0.,-0.));
#6800 = VECTOR('',#6801,1.);
#6801 = DIRECTION('',(0.,-1.));
#6802 = ( GEOMETRIC_REPRESENTATION_CONTEXT(2) 
PARAMETRIC_REPRESENTATION_CONTEXT() REPRESENTATION_CONTEXT('2D SPACE',''
  ) );
#6803 = PCURVE('',#5883,#6804);
#6804 = DEFINITIONAL_REPRESENTATION('',(#6805),#6809);
#6805 = LINE('',#6806,#6807);
#6806 = CARTESIAN_POINT('',(4.712388980385,0.));
#6807 = VECTOR('',#6808,1.);
#6808 = DIRECTION('',(0.,-1.));
#6809 = ( GEOMETRIC_REPRESENTATION_CONTEXT(2) 
PARAMETRIC_REPRESENTATION_CONTEXT() REPRESENTATION_CONTEXT('2D SPACE',''
  ) );
#6810 = ORIENTED_EDGE('',*,*,#5838,.T.);
#6811 = ORIENTED_EDGE('',*,*,#6812,.F.);
#6812 = EDGE_CURVE('38_region0_Edge_1',#6318,#5841,#6813,.T.);
#6813 = SURFACE_CURVE('',#6814,(#6818,#6825),.PCURVE_S1.);
#6814 = LINE('',#6815,#6816);
#6815 = CARTESIAN_POINT('',(-9.146526,-6.71001307,-11.5));
#6816 = VECTOR('',#6817,1.);
#6817 = DIRECTION('',(0.,0.,1.));
#6818 = PCURVE('',#5855,#6819);
#6819 = DEFINITIONAL_REPRESENTATION('',(#6820),#6824);
#6820 = LINE('',#6821,#6822);
#6821 = CARTESIAN_POINT('',(19.,0.));
#6822 = VECTOR('',#6823,1.);
#6823 = DIRECTION('',(0.,-1.));
#6824 = ( GEOMETRIC_REPRESENTATION_CONTEXT(2) 
PARAMETRIC_REPRESENTATION_CONTEXT() REPRESENTATION_CONTEXT('2D SPACE',''
  ) );
#6825 = PCURVE('',#6048,#6826);
#6826 = DEFINITIONAL_REPRESENTATION('',(#6827),#6831);
#6827 = LINE('',#6828,#6829);
#6828 = CARTESIAN_POINT('',(4.712388980385,0.));
#6829 = VECTOR('',#6830,1.);
#6830 = DIRECTION('',(0.,-1.));
#6831 = ( GEOMETRIC_REPRESENTATION_CONTEXT(2) 
PARAMETRIC_REPRESENTATION_CONTEXT() REPRESENTATION_CONTEXT('2D SPACE',''
  ) );
#6832 = ADVANCED_FACE('38_Sub_c30b5fb00c98d405a09252fed7f978ad_Face_22',
  (#6833),#6048,.F.);
#6833 = FACE_BOUND('',#6834,.F.);
#6834 = EDGE_LOOP('undefined shape id',(#6835,#6836,#6837,#6838));
#6835 = ORIENTED_EDGE('',*,*,#6479,.F.);
#6836 = ORIENTED_EDGE('',*,*,#6812,.T.);
#6837 = ORIENTED_EDGE('',*,*,#6033,.T.);
#6838 = ORIENTED_EDGE('',*,*,#6839,.F.);
#6839 = EDGE_CURVE('38_region0_Edge_4',#6459,#6008,#6840,.T.);
#6840 = SURFACE_CURVE('',#6841,(#6845,#6852),.PCURVE_S1.);
#6841 = LINE('',#6842,#6843);
#6842 = CARTESIAN_POINT('',(-12.146526,-3.71001307,-11.5));
#6843 = VECTOR('',#6844,1.);
#6844 = DIRECTION('',(0.,0.,1.));
#6845 = PCURVE('',#6048,#6846);
#6846 = DEFINITIONAL_REPRESENTATION('',(#6847),#6851);
#6847 = LINE('',#6848,#6849);
#6848 = CARTESIAN_POINT('',(6.28318530718,0.));
#6849 = VECTOR('',#6850,1.);
#6850 = DIRECTION('',(0.,-1.));
#6851 = ( GEOMETRIC_REPRESENTATION_CONTEXT(2) 
PARAMETRIC_REPRESENTATION_CONTEXT() REPRESENTATION_CONTEXT('2D SPACE',''
  ) );
#6852 = PCURVE('',#6022,#6853);
#6853 = DEFINITIONAL_REPRESENTATION('',(#6854),#6858);
#6854 = LINE('',#6855,#6856);
#6855 = CARTESIAN_POINT('',(-4.440892098501E-16,0.));
#6856 = VECTOR('',#6857,1.);
#6857 = DIRECTION('',(0.,-1.));
#6858 = ( GEOMETRIC_REPRESENTATION_CONTEXT(2) 
PARAMETRIC_REPRESENTATION_CONTEXT() REPRESENTATION_CONTEXT('2D SPACE',''
  ) );
#6859 = ADVANCED_FACE('38_region0_Face_4',(#6860),#6022,.F.);
#6860 = FACE_BOUND('',#6861,.F.);
#6861 = EDGE_LOOP('undefined shape id',(#6862,#6863,#6864,#6865));
#6862 = ORIENTED_EDGE('',*,*,#6458,.F.);
#6863 = ORIENTED_EDGE('',*,*,#6839,.T.);
#6864 = ORIENTED_EDGE('',*,*,#6007,.T.);
#6865 = ORIENTED_EDGE('',*,*,#6866,.F.);
#6866 = EDGE_CURVE('38_region0_Edge_7',#6435,#5979,#6867,.T.);
#6867 = SURFACE_CURVE('',#6868,(#6872,#6879),.PCURVE_S1.);
#6868 = LINE('',#6869,#6870);
#6869 = CARTESIAN_POINT('',(-12.146526,-1.71001307,-11.5));
#6870 = VECTOR('',#6871,1.);
#6871 = DIRECTION('',(0.,0.,1.));
#6872 = PCURVE('',#6022,#6873);
#6873 = DEFINITIONAL_REPRESENTATION('',(#6874),#6878);
#6874 = LINE('',#6875,#6876);
#6875 = CARTESIAN_POINT('',(2.,0.));
#6876 = VECTOR('',#6877,1.);
#6877 = DIRECTION('',(0.,-1.));
#6878 = ( GEOMETRIC_REPRESENTATION_CONTEXT(2) 
PARAMETRIC_REPRESENTATION_CONTEXT() REPRESENTATION_CONTEXT('2D SPACE',''
  ) );
#6879 = PCURVE('',#5995,#6880);
#6880 = DEFINITIONAL_REPRESENTATION('',(#6881),#6885);
#6881 = LINE('',#6882,#6883);
#6882 = CARTESIAN_POINT('',(0.,0.));
#6883 = VECTOR('',#6884,1.);
#6884 = DIRECTION('',(0.,-1.));
#6885 = ( GEOMETRIC_REPRESENTATION_CONTEXT(2) 
PARAMETRIC_REPRESENTATION_CONTEXT() REPRESENTATION_CONTEXT('2D SPACE',''
  ) );
#6886 = ADVANCED_FACE('38_Sub_c30b5fb00c98d405a09252fed7f978ad_Face_23',
  (#6887),#5995,.F.);
#6887 = FACE_BOUND('',#6888,.F.);
#6888 = EDGE_LOOP('undefined shape id',(#6889,#6890,#6891,#6892));
#6889 = ORIENTED_EDGE('',*,*,#6434,.F.);
#6890 = ORIENTED_EDGE('',*,*,#6866,.T.);
#6891 = ORIENTED_EDGE('',*,*,#5978,.T.);
#6892 = ORIENTED_EDGE('',*,*,#6893,.F.);
#6893 = EDGE_CURVE('38_region0_Edge_10',#6414,#5953,#6894,.T.);
#6894 = SURFACE_CURVE('',#6895,(#6899,#6906),.PCURVE_S1.);
#6895 = LINE('',#6896,#6897);
#6896 = CARTESIAN_POINT('',(-9.146526,1.28998693,-11.5));
#6897 = VECTOR('',#6898,1.);
#6898 = DIRECTION('',(0.,0.,1.));
#6899 = PCURVE('',#5995,#6900);
#6900 = DEFINITIONAL_REPRESENTATION('',(#6901),#6905);
#6901 = LINE('',#6902,#6903);
#6902 = CARTESIAN_POINT('',(1.570796326795,0.));
#6903 = VECTOR('',#6904,1.);
#6904 = DIRECTION('',(0.,-1.));
#6905 = ( GEOMETRIC_REPRESENTATION_CONTEXT(2) 
PARAMETRIC_REPRESENTATION_CONTEXT() REPRESENTATION_CONTEXT('2D SPACE',''
  ) );
#6906 = PCURVE('',#5967,#6907);
#6907 = DEFINITIONAL_REPRESENTATION('',(#6908),#6912);
#6908 = LINE('',#6909,#6910);
#6909 = CARTESIAN_POINT('',(0.,0.));
#6910 = VECTOR('',#6911,1.);
#6911 = DIRECTION('',(0.,-1.));
#6912 = ( GEOMETRIC_REPRESENTATION_CONTEXT(2) 
PARAMETRIC_REPRESENTATION_CONTEXT() REPRESENTATION_CONTEXT('2D SPACE',''
  ) );
#6913 = ADVANCED_FACE('38_region0_Face_7',(#6914),#5967,.F.);
#6914 = FACE_BOUND('',#6915,.F.);
#6915 = EDGE_LOOP('undefined shape id',(#6916,#6917,#6918,#6919));
#6916 = ORIENTED_EDGE('',*,*,#6413,.F.);
#6917 = ORIENTED_EDGE('',*,*,#6893,.T.);
#6918 = ORIENTED_EDGE('',*,*,#5952,.T.);
#6919 = ORIENTED_EDGE('',*,*,#6920,.F.);
#6920 = EDGE_CURVE('38_region0_Edge_13',#6390,#5924,#6921,.T.);
#6921 = SURFACE_CURVE('',#6922,(#6926,#6933),.PCURVE_S1.);
#6922 = LINE('',#6923,#6924);
#6923 = CARTESIAN_POINT('',(9.853474,1.28998693,-11.5));
#6924 = VECTOR('',#6925,1.);
#6925 = DIRECTION('',(0.,0.,1.));
#6926 = PCURVE('',#5967,#6927);
#6927 = DEFINITIONAL_REPRESENTATION('',(#6928),#6932);
#6928 = LINE('',#6929,#6930);
#6929 = CARTESIAN_POINT('',(19.,0.));
#6930 = VECTOR('',#6931,1.);
#6931 = DIRECTION('',(0.,-1.));
#6932 = ( GEOMETRIC_REPRESENTATION_CONTEXT(2) 
PARAMETRIC_REPRESENTATION_CONTEXT() REPRESENTATION_CONTEXT('2D SPACE',''
  ) );
#6933 = PCURVE('',#5940,#6934);
#6934 = DEFINITIONAL_REPRESENTATION('',(#6935),#6939);
#6935 = LINE('',#6936,#6937);
#6936 = CARTESIAN_POINT('',(1.570796326795,0.));
#6937 = VECTOR('',#6938,1.);
#6938 = DIRECTION('',(0.,-1.));
#6939 = ( GEOMETRIC_REPRESENTATION_CONTEXT(2) 
PARAMETRIC_REPRESENTATION_CONTEXT() REPRESENTATION_CONTEXT('2D SPACE',''
  ) );
#6940 = ADVANCED_FACE('46_Sub_98be471455009d092ac814ed11dfd0e6_Face_23',
  (#6941),#5940,.F.);
#6941 = FACE_BOUND('',#6942,.F.);
#6942 = EDGE_LOOP('undefined shape id',(#6943,#6944,#6945,#6946));
#6943 = ORIENTED_EDGE('',*,*,#6389,.F.);
#6944 = ORIENTED_EDGE('',*,*,#6920,.T.);
#6945 = ORIENTED_EDGE('',*,*,#5923,.T.);
#6946 = ORIENTED_EDGE('',*,*,#6947,.T.);
#6947 = EDGE_CURVE('46_Sub_98be471455009d092ac814ed11dfd0e6_Edge_66',
  #5896,#6363,#6948,.T.);
#6948 = SURFACE_CURVE('',#6949,(#6953,#6959),.PCURVE_S1.);
#6949 = LINE('',#6950,#6951);
#6950 = CARTESIAN_POINT('',(10.075536435623,1.281757020546,-11.5));
#6951 = VECTOR('',#6952,1.);
#6952 = DIRECTION('',(0.,0.,-1.));
#6953 = PCURVE('',#5940,#6954);
#6954 = DEFINITIONAL_REPRESENTATION('',(#6955),#6958);
#6955 = B_SPLINE_CURVE_WITH_KNOTS('',1,(#6956,#6957),.UNSPECIFIED.,.F.,
  .F.,(2,2),(-11.5000024,-9.9999976),.PIECEWISE_BEZIER_KNOTS.);
#6956 = CARTESIAN_POINT('',(1.644884900207,-11.5000024));
#6957 = CARTESIAN_POINT('',(1.644884900207,-9.9999976));
#6958 = ( GEOMETRIC_REPRESENTATION_CONTEXT(2) 
PARAMETRIC_REPRESENTATION_CONTEXT() REPRESENTATION_CONTEXT('2D SPACE',''
  ) );
#6959 = PCURVE('',#5912,#6960);
#6960 = DEFINITIONAL_REPRESENTATION('',(#6961),#6964);
#6961 = B_SPLINE_CURVE_WITH_KNOTS('',1,(#6962,#6963),.UNSPECIFIED.,.F.,
  .F.,(2,2),(-11.5,-10.),.PIECEWISE_BEZIER_KNOTS.);
#6962 = CARTESIAN_POINT('',(6.212843845512,-11.5));
#6963 = CARTESIAN_POINT('',(6.212843845512,-10.));
#6964 = ( GEOMETRIC_REPRESENTATION_CONTEXT(2) 
PARAMETRIC_REPRESENTATION_CONTEXT() REPRESENTATION_CONTEXT('2D SPACE',''
  ) );
#6965 = ADVANCED_FACE('46_Sub_98be471455009d092ac814ed11dfd0e6_Face_24',
  (#6966),#5912,.F.);
#6966 = FACE_BOUND('',#6967,.F.);
#6967 = EDGE_LOOP('undefined shape id',(#6968,#6969,#6988,#6989));
#6968 = ORIENTED_EDGE('',*,*,#5895,.T.);
#6969 = ORIENTED_EDGE('',*,*,#6970,.T.);
#6970 = EDGE_CURVE('46_Sub_98be471455009d092ac814ed11dfd0e6_Edge_67',
  #5867,#6339,#6971,.T.);
#6971 = SURFACE_CURVE('',#6972,(#6976,#6982),.PCURVE_S1.);
#6972 = LINE('',#6973,#6974);
#6973 = CARTESIAN_POINT('',(12.813365016445,-4.198935528852,-11.5));
#6974 = VECTOR('',#6975,1.);
#6975 = DIRECTION('',(0.,0.,-1.));
#6976 = PCURVE('',#5912,#6977);
#6977 = DEFINITIONAL_REPRESENTATION('',(#6978),#6981);
#6978 = B_SPLINE_CURVE_WITH_KNOTS('',1,(#6979,#6980),.UNSPECIFIED.,.F.,
  .F.,(2,2),(-11.5,-10.),.PIECEWISE_BEZIER_KNOTS.);
#6979 = CARTESIAN_POINT('',(11.710151993289,-11.5));
#6980 = CARTESIAN_POINT('',(11.710151993289,-10.));
#6981 = ( GEOMETRIC_REPRESENTATION_CONTEXT(2) 
PARAMETRIC_REPRESENTATION_CONTEXT() REPRESENTATION_CONTEXT('2D SPACE',''
  ) );
#6982 = PCURVE('',#5883,#6983);
#6983 = DEFINITIONAL_REPRESENTATION('',(#6984),#6987);
#6984 = B_SPLINE_CURVE_WITH_KNOTS('',1,(#6985,#6986),.UNSPECIFIED.,.F.,
  .F.,(2,2),(-11.5000024,-9.9999976),.PIECEWISE_BEZIER_KNOTS.);
#6985 = CARTESIAN_POINT('',(3.305297016169,-11.5000024));
#6986 = CARTESIAN_POINT('',(3.305297016169,-9.9999976));
#6987 = ( GEOMETRIC_REPRESENTATION_CONTEXT(2) 
PARAMETRIC_REPRESENTATION_CONTEXT() REPRESENTATION_CONTEXT('2D SPACE',''
  ) );
#6988 = ORIENTED_EDGE('',*,*,#6362,.T.);
#6989 = ORIENTED_EDGE('',*,*,#6947,.F.);
#6990 = ADVANCED_FACE('46_Sub_98be471455009d092ac814ed11dfd0e6_Face_25',
  (#6991),#5883,.F.);
#6991 = FACE_BOUND('',#6992,.F.);
#6992 = EDGE_LOOP('undefined shape id',(#6993,#6994,#6995,#6996));
#6993 = ORIENTED_EDGE('',*,*,#6338,.F.);
#6994 = ORIENTED_EDGE('',*,*,#6970,.F.);
#6995 = ORIENTED_EDGE('',*,*,#5866,.T.);
#6996 = ORIENTED_EDGE('',*,*,#6790,.F.);
#6997 = ADVANCED_FACE('14_Sub_be49b292ed5b3f5ba8a28b195d7adafc_Face_16',
  (#6998),#6079,.F.);
#6998 = FACE_BOUND('',#6999,.T.);
#6999 = EDGE_LOOP('undefined shape id',(#7000,#7001,#7024,#7046));
#7000 = ORIENTED_EDGE('',*,*,#6062,.F.);
#7001 = ORIENTED_EDGE('',*,*,#7002,.T.);
#7002 = EDGE_CURVE('14_region1_5_Edge_5',#6063,#7003,#7005,.T.);
#7003 = VERTEX_POINT('14_region1_5_Vertex_3',#7004);
#7004 = CARTESIAN_POINT('',(32.50000742,8.80998717,-0.4));
#7005 = SEAM_CURVE('',#7006,(#7010,#7017),.PCURVE_S1.);
#7006 = LINE('',#7007,#7008);
#7007 = CARTESIAN_POINT('',(32.50000742,8.80998717,8.5));
#7008 = VECTOR('',#7009,1.);
#7009 = DIRECTION('',(0.,0.,-1.));
#7010 = PCURVE('',#6079,#7011);
#7011 = DEFINITIONAL_REPRESENTATION('',(#7012),#7016);
#7012 = LINE('',#7013,#7014);
#7013 = CARTESIAN_POINT('',(-0.,0.));
#7014 = VECTOR('',#7015,1.);
#7015 = DIRECTION('',(-0.,1.));
#7016 = ( GEOMETRIC_REPRESENTATION_CONTEXT(2) 
PARAMETRIC_REPRESENTATION_CONTEXT() REPRESENTATION_CONTEXT('2D SPACE',''
  ) );
#7017 = PCURVE('',#6079,#7018);
#7018 = DEFINITIONAL_REPRESENTATION('',(#7019),#7023);
#7019 = LINE('',#7020,#7021);
#7020 = CARTESIAN_POINT('',(-6.28318530718,0.));
#7021 = VECTOR('',#7022,1.);
#7022 = DIRECTION('',(-0.,1.));
#7023 = ( GEOMETRIC_REPRESENTATION_CONTEXT(2) 
PARAMETRIC_REPRESENTATION_CONTEXT() REPRESENTATION_CONTEXT('2D SPACE',''
  ) );
#7024 = ORIENTED_EDGE('',*,*,#7025,.F.);
#7025 = EDGE_CURVE('14_region1_5_Edge_4',#7003,#7003,#7026,.T.);
#7026 = SURFACE_CURVE('',#7027,(#7032,#7039),.PCURVE_S1.);
#7027 = CIRCLE('',#7028,1.45);
#7028 = AXIS2_PLACEMENT_3D('',#7029,#7030,#7031);
#7029 = CARTESIAN_POINT('',(32.50000742,10.25998717,-0.4));
#7030 = DIRECTION('',(-0.,0.,1.));
#7031 = DIRECTION('',(0.,-1.,0.));
#7032 = PCURVE('',#6079,#7033);
#7033 = DEFINITIONAL_REPRESENTATION('',(#7034),#7038);
#7034 = LINE('',#7035,#7036);
#7035 = CARTESIAN_POINT('',(-0.,8.9));
#7036 = VECTOR('',#7037,1.);
#7037 = DIRECTION('',(-1.,0.));
#7038 = ( GEOMETRIC_REPRESENTATION_CONTEXT(2) 
PARAMETRIC_REPRESENTATION_CONTEXT() REPRESENTATION_CONTEXT('2D SPACE',''
  ) );
#7039 = PCURVE('',#6524,#7040);
#7040 = DEFINITIONAL_REPRESENTATION('',(#7041),#7045);
#7041 = LINE('',#7042,#7043);
#7042 = CARTESIAN_POINT('',(-0.,1.110223024625E-16));
#7043 = VECTOR('',#7044,1.);
#7044 = DIRECTION('',(-1.,0.));
#7045 = ( GEOMETRIC_REPRESENTATION_CONTEXT(2) 
PARAMETRIC_REPRESENTATION_CONTEXT() REPRESENTATION_CONTEXT('2D SPACE',''
  ) );
#7046 = ORIENTED_EDGE('',*,*,#7002,.F.);
#7047 = ADVANCED_FACE('14_Sub_be49b292ed5b3f5ba8a28b195d7adafc_Face_17',
  (#7048),#6110,.F.);
#7048 = FACE_BOUND('',#7049,.T.);
#7049 = EDGE_LOOP('undefined shape id',(#7050,#7051,#7074,#7096));
#7050 = ORIENTED_EDGE('',*,*,#6093,.F.);
#7051 = ORIENTED_EDGE('',*,*,#7052,.T.);
#7052 = EDGE_CURVE('14_region1_20_Edge_5',#6094,#7053,#7055,.T.);
#7053 = VERTEX_POINT('14_region1_20_Vertex_3',#7054);
#7054 = CARTESIAN_POINT('',(-32.49999258,8.80998717,-0.4));
#7055 = SEAM_CURVE('',#7056,(#7060,#7067),.PCURVE_S1.);
#7056 = LINE('',#7057,#7058);
#7057 = CARTESIAN_POINT('',(-32.49999258,8.80998717,8.5));
#7058 = VECTOR('',#7059,1.);
#7059 = DIRECTION('',(0.,0.,-1.));
#7060 = PCURVE('',#6110,#7061);
#7061 = DEFINITIONAL_REPRESENTATION('',(#7062),#7066);
#7062 = LINE('',#7063,#7064);
#7063 = CARTESIAN_POINT('',(-0.,0.));
#7064 = VECTOR('',#7065,1.);
#7065 = DIRECTION('',(-0.,1.));
#7066 = ( GEOMETRIC_REPRESENTATION_CONTEXT(2) 
PARAMETRIC_REPRESENTATION_CONTEXT() REPRESENTATION_CONTEXT('2D SPACE',''
  ) );
#7067 = PCURVE('',#6110,#7068);
#7068 = DEFINITIONAL_REPRESENTATION('',(#7069),#7073);
#7069 = LINE('',#7070,#7071);
#7070 = CARTESIAN_POINT('',(-6.28318530718,0.));
#7071 = VECTOR('',#7072,1.);
#7072 = DIRECTION('',(-0.,1.));
#7073 = ( GEOMETRIC_REPRESENTATION_CONTEXT(2) 
PARAMETRIC_REPRESENTATION_CONTEXT() REPRESENTATION_CONTEXT('2D SPACE',''
  ) );
#7074 = ORIENTED_EDGE('',*,*,#7075,.F.);
#7075 = EDGE_CURVE('14_region1_20_Edge_4',#7053,#7053,#7076,.T.);
#7076 = SURFACE_CURVE('',#7077,(#7082,#7089),.PCURVE_S1.);
#7077 = CIRCLE('',#7078,1.45);
#7078 = AXIS2_PLACEMENT_3D('',#7079,#7080,#7081);
#7079 = CARTESIAN_POINT('',(-32.49999258,10.25998717,-0.4));
#7080 = DIRECTION('',(-0.,0.,1.));
#7081 = DIRECTION('',(0.,-1.,0.));
#7082 = PCURVE('',#6110,#7083);
#7083 = DEFINITIONAL_REPRESENTATION('',(#7084),#7088);
#7084 = LINE('',#7085,#7086);
#7085 = CARTESIAN_POINT('',(-0.,8.9));
#7086 = VECTOR('',#7087,1.);
#7087 = DIRECTION('',(-1.,0.));
#7088 = ( GEOMETRIC_REPRESENTATION_CONTEXT(2) 
PARAMETRIC_REPRESENTATION_CONTEXT() REPRESENTATION_CONTEXT('2D SPACE',''
  ) );
#7089 = PCURVE('',#6559,#7090);
#7090 = DEFINITIONAL_REPRESENTATION('',(#7091),#7095);
#7091 = LINE('',#7092,#7093);
#7092 = CARTESIAN_POINT('',(-0.,1.110223024625E-16));
#7093 = VECTOR('',#7094,1.);
#7094 = DIRECTION('',(-1.,0.));
#7095 = ( GEOMETRIC_REPRESENTATION_CONTEXT(2) 
PARAMETRIC_REPRESENTATION_CONTEXT() REPRESENTATION_CONTEXT('2D SPACE',''
  ) );
#7096 = ORIENTED_EDGE('',*,*,#7052,.F.);
#7097 = ADVANCED_FACE('14_region1_11_Face_10',(#7098),#6266,.F.);
#7098 = FACE_BOUND('',#7099,.T.);
#7099 = EDGE_LOOP('undefined shape id',(#7100,#7121,#7122,#7123));
#7100 = ORIENTED_EDGE('',*,*,#7101,.F.);
#7101 = EDGE_CURVE('14_region1_11_Edge_6',#6691,#6246,#7102,.T.);
#7102 = SEAM_CURVE('',#7103,(#7107,#7114),.PCURVE_S1.);
#7103 = LINE('',#7104,#7105);
#7104 = CARTESIAN_POINT('',(32.50000742,-11.71001283,-0.4));
#7105 = VECTOR('',#7106,1.);
#7106 = DIRECTION('',(0.,-0.707106781187,-0.707106781187));
#7107 = PCURVE('',#6266,#7108);
#7108 = DEFINITIONAL_REPRESENTATION('',(#7109),#7113);
#7109 = LINE('',#7110,#7111);
#7110 = CARTESIAN_POINT('',(-0.,0.));
#7111 = VECTOR('',#7112,1.);
#7112 = DIRECTION('',(-0.,1.));
#7113 = ( GEOMETRIC_REPRESENTATION_CONTEXT(2) 
PARAMETRIC_REPRESENTATION_CONTEXT() REPRESENTATION_CONTEXT('2D SPACE',''
  ) );
#7114 = PCURVE('',#6266,#7115);
#7115 = DEFINITIONAL_REPRESENTATION('',(#7116),#7120);
#7116 = LINE('',#7117,#7118);
#7117 = CARTESIAN_POINT('',(-6.28318530718,0.));
#7118 = VECTOR('',#7119,1.);
#7119 = DIRECTION('',(-0.,1.));
#7120 = ( GEOMETRIC_REPRESENTATION_CONTEXT(2) 
PARAMETRIC_REPRESENTATION_CONTEXT() REPRESENTATION_CONTEXT('2D SPACE',''
  ) );
#7121 = ORIENTED_EDGE('',*,*,#6713,.T.);
#7122 = ORIENTED_EDGE('',*,*,#7101,.T.);
#7123 = ORIENTED_EDGE('',*,*,#6245,.F.);
#7124 = ADVANCED_FACE('14_region1_15_Face_10',(#7125),#6301,.F.);
#7125 = FACE_BOUND('',#7126,.T.);
#7126 = EDGE_LOOP('undefined shape id',(#7127,#7148,#7149,#7150));
#7127 = ORIENTED_EDGE('',*,*,#7128,.F.);
#7128 = EDGE_CURVE('14_region1_15_Edge_6',#6741,#6281,#7129,.T.);
#7129 = SEAM_CURVE('',#7130,(#7134,#7141),.PCURVE_S1.);
#7130 = LINE('',#7131,#7132);
#7131 = CARTESIAN_POINT('',(-32.49999258,-11.71001283,-0.4));
#7132 = VECTOR('',#7133,1.);
#7133 = DIRECTION('',(0.,-0.707106781187,-0.707106781187));
#7134 = PCURVE('',#6301,#7135);
#7135 = DEFINITIONAL_REPRESENTATION('',(#7136),#7140);
#7136 = LINE('',#7137,#7138);
#7137 = CARTESIAN_POINT('',(-0.,0.));
#7138 = VECTOR('',#7139,1.);
#7139 = DIRECTION('',(-0.,1.));
#7140 = ( GEOMETRIC_REPRESENTATION_CONTEXT(2) 
PARAMETRIC_REPRESENTATION_CONTEXT() REPRESENTATION_CONTEXT('2D SPACE',''
  ) );
#7141 = PCURVE('',#6301,#7142);
#7142 = DEFINITIONAL_REPRESENTATION('',(#7143),#7147);
#7143 = LINE('',#7144,#7145);
#7144 = CARTESIAN_POINT('',(-6.28318530718,0.));
#7145 = VECTOR('',#7146,1.);
#7146 = DIRECTION('',(-0.,1.));
#7147 = ( GEOMETRIC_REPRESENTATION_CONTEXT(2) 
PARAMETRIC_REPRESENTATION_CONTEXT() REPRESENTATION_CONTEXT('2D SPACE',''
  ) );
#7148 = ORIENTED_EDGE('',*,*,#6763,.T.);
#7149 = ORIENTED_EDGE('',*,*,#7128,.T.);
#7150 = ORIENTED_EDGE('',*,*,#6280,.F.);
#7151 = ADVANCED_FACE('14_region1_5_Face_10',(#7152),#6524,.F.);
#7152 = FACE_BOUND('',#7153,.T.);
#7153 = EDGE_LOOP('undefined shape id',(#7154,#7175,#7176,#7177));
#7154 = ORIENTED_EDGE('',*,*,#7155,.F.);
#7155 = EDGE_CURVE('14_region1_5_Edge_6',#7003,#6504,#7156,.T.);
#7156 = SEAM_CURVE('',#7157,(#7161,#7168),.PCURVE_S1.);
#7157 = LINE('',#7158,#7159);
#7158 = CARTESIAN_POINT('',(32.50000742,8.80998717,-0.4));
#7159 = VECTOR('',#7160,1.);
#7160 = DIRECTION('',(0.,-0.707106781187,-0.707106781187));
#7161 = PCURVE('',#6524,#7162);
#7162 = DEFINITIONAL_REPRESENTATION('',(#7163),#7167);
#7163 = LINE('',#7164,#7165);
#7164 = CARTESIAN_POINT('',(-0.,0.));
#7165 = VECTOR('',#7166,1.);
#7166 = DIRECTION('',(-0.,1.));
#7167 = ( GEOMETRIC_REPRESENTATION_CONTEXT(2) 
PARAMETRIC_REPRESENTATION_CONTEXT() REPRESENTATION_CONTEXT('2D SPACE',''
  ) );
#7168 = PCURVE('',#6524,#7169);
#7169 = DEFINITIONAL_REPRESENTATION('',(#7170),#7174);
#7170 = LINE('',#7171,#7172);
#7171 = CARTESIAN_POINT('',(-6.28318530718,0.));
#7172 = VECTOR('',#7173,1.);
#7173 = DIRECTION('',(-0.,1.));
#7174 = ( GEOMETRIC_REPRESENTATION_CONTEXT(2) 
PARAMETRIC_REPRESENTATION_CONTEXT() REPRESENTATION_CONTEXT('2D SPACE',''
  ) );
#7175 = ORIENTED_EDGE('',*,*,#7025,.T.);
#7176 = ORIENTED_EDGE('',*,*,#7155,.T.);
#7177 = ORIENTED_EDGE('',*,*,#6503,.F.);
#7178 = ADVANCED_FACE('14_region1_20_Face_10',(#7179),#6559,.F.);
#7179 = FACE_BOUND('',#7180,.T.);
#7180 = EDGE_LOOP('undefined shape id',(#7181,#7202,#7203,#7204));
#7181 = ORIENTED_EDGE('',*,*,#7182,.F.);
#7182 = EDGE_CURVE('14_region1_20_Edge_6',#7053,#6539,#7183,.T.);
#7183 = SEAM_CURVE('',#7184,(#7188,#7195),.PCURVE_S1.);
#7184 = LINE('',#7185,#7186);
#7185 = CARTESIAN_POINT('',(-32.49999258,8.80998717,-0.4));
#7186 = VECTOR('',#7187,1.);
#7187 = DIRECTION('',(0.,-0.707106781187,-0.707106781187));
#7188 = PCURVE('',#6559,#7189);
#7189 = DEFINITIONAL_REPRESENTATION('',(#7190),#7194);
#7190 = LINE('',#7191,#7192);
#7191 = CARTESIAN_POINT('',(-0.,0.));
#7192 = VECTOR('',#7193,1.);
#7193 = DIRECTION('',(-0.,1.));
#7194 = ( GEOMETRIC_REPRESENTATION_CONTEXT(2) 
PARAMETRIC_REPRESENTATION_CONTEXT() REPRESENTATION_CONTEXT('2D SPACE',''
  ) );
#7195 = PCURVE('',#6559,#7196);
#7196 = DEFINITIONAL_REPRESENTATION('',(#7197),#7201);
#7197 = LINE('',#7198,#7199);
#7198 = CARTESIAN_POINT('',(-6.28318530718,0.));
#7199 = VECTOR('',#7200,1.);
#7200 = DIRECTION('',(-0.,1.));
#7201 = ( GEOMETRIC_REPRESENTATION_CONTEXT(2) 
PARAMETRIC_REPRESENTATION_CONTEXT() REPRESENTATION_CONTEXT('2D SPACE',''
  ) );
#7202 = ORIENTED_EDGE('',*,*,#7075,.T.);
#7203 = ORIENTED_EDGE('',*,*,#7182,.T.);
#7204 = ORIENTED_EDGE('',*,*,#6538,.F.);
#7205 = ( GEOMETRIC_REPRESENTATION_CONTEXT(3) 
GLOBAL_UNCERTAINTY_ASSIGNED_CONTEXT((#7209)) 
GLOBAL_UNIT_ASSIGNED_CONTEXT((#7206,#7207,#7208)) REPRESENTATION_CONTEXT
('Context #1','3D Context with UNIT and UNCERTAINTY') );
#7206 = ( LENGTH_UNIT() NAMED_UNIT(*) SI_UNIT(.MILLI.,.METRE.) );
#7207 = ( NAMED_UNIT(*) PLANE_ANGLE_UNIT() SI_UNIT($,.RADIAN.) );
#7208 = ( NAMED_UNIT(*) SI_UNIT($,.STERADIAN.) SOLID_ANGLE_UNIT() );
#7209 = UNCERTAINTY_MEASURE_WITH_UNIT(LENGTH_MEASURE(2.E-07),#7206,
  'distance_accuracy_value','confusion accuracy');
#7210 = SHAPE_DEFINITION_REPRESENTATION(#7211,#5358);
#7211 = PRODUCT_DEFINITION_SHAPE('','',#7212);
#7212 = PRODUCT_DEFINITION('design','',#7213,#7216);
#7213 = PRODUCT_DEFINITION_FORMATION('','',#7214);
#7214 = PRODUCT('SOLID','SOLID','',(#7215));
#7215 = PRODUCT_CONTEXT('',#2,'mechanical');
#7216 = PRODUCT_DEFINITION_CONTEXT('part definition',#2,'design');
#7217 = CONTEXT_DEPENDENT_SHAPE_REPRESENTATION(#7218,#7220);
#7218 = ( REPRESENTATION_RELATIONSHIP('','',#5358,#5347) 
REPRESENTATION_RELATIONSHIP_WITH_TRANSFORMATION(#7219) 
SHAPE_REPRESENTATION_RELATIONSHIP() );
#7219 = ITEM_DEFINED_TRANSFORMATION('','',#11,#5348);
#7220 = PRODUCT_DEFINITION_SHAPE('Placement','Placement of an item',
  #7221);
#7221 = NEXT_ASSEMBLY_USAGE_OCCURRENCE('2','=>[0:1:1:4]','',#5342,#7212,
  $);
#7222 = PRODUCT_RELATED_PRODUCT_CATEGORY('part',$,(#7214));
#7223 = SHAPE_DEFINITION_REPRESENTATION(#7224,#7230);
#7224 = PRODUCT_DEFINITION_SHAPE('','',#7225);
#7225 = PRODUCT_DEFINITION('design','',#7226,#7229);
#7226 = PRODUCT_DEFINITION_FORMATION('','',#7227);
#7227 = PRODUCT('ASSEMBLY','ASSEMBLY','',(#7228));
#7228 = PRODUCT_CONTEXT('',#2,'mechanical');
#7229 = PRODUCT_DEFINITION_CONTEXT('part definition',#2,'design');
#7230 = SHAPE_REPRESENTATION('',(#11,#7231),#7235);
#7231 = AXIS2_PLACEMENT_3D('',#7232,#7233,#7234);
#7232 = CARTESIAN_POINT('',(0.,0.,0.));
#7233 = DIRECTION('',(0.,0.,1.));
#7234 = DIRECTION('',(1.,0.,-0.));
#7235 = ( GEOMETRIC_REPRESENTATION_CONTEXT(3) 
GLOBAL_UNCERTAINTY_ASSIGNED_CONTEXT((#7239)) 
GLOBAL_UNIT_ASSIGNED_CONTEXT((#7236,#7237,#7238)) REPRESENTATION_CONTEXT
('Context #1','3D Context with UNIT and UNCERTAINTY') );
#7236 = ( LENGTH_UNIT() NAMED_UNIT(*) SI_UNIT(.MILLI.,.METRE.) );
#7237 = ( NAMED_UNIT(*) PLANE_ANGLE_UNIT() SI_UNIT($,.RADIAN.) );
#7238 = ( NAMED_UNIT(*) SI_UNIT($,.STERADIAN.) SOLID_ANGLE_UNIT() );
#7239 = UNCERTAINTY_MEASURE_WITH_UNIT(LENGTH_MEASURE(1.E-07),#7236,
  'distance_accuracy_value','confusion accuracy');
#7240 = PRODUCT_RELATED_PRODUCT_CATEGORY('part',$,(#7227));
#7241 = ADVANCED_BREP_SHAPE_REPRESENTATION('',(#11,#7242),#11938);
#7242 = MANIFOLD_SOLID_BREP('undefined shape id',#7243);
#7243 = CLOSED_SHELL('',(#7244,#7364,#7442,#7520,#8994,#10218,#10245,
    #10272,#10299,#10326,#10353,#10504,#10531,#10558,#10585,#10612,
    #10639,#10666,#10693,#10720,#10747,#10774,#10801,#10828,#10855,
    #10882,#10909,#10936,#10963,#10990,#11017,#11044,#11071,#11098,
    #11125,#11256,#11283,#11310,#11337,#11364,#11391,#11418,#11445,
    #11472,#11499,#11526,#11553,#11580,#11607,#11634,#11661,#11688,
    #11715,#11742,#11769,#11796,#11823,#11830,#11857,#11884,#11911));
#7244 = ADVANCED_FACE('1_region0_Face_154',(#7245),#7259,.F.);
#7245 = FACE_BOUND('',#7246,.F.);
#7246 = EDGE_LOOP('undefined shape id',(#7247,#7282,#7310,#7338));
#7247 = ORIENTED_EDGE('',*,*,#7248,.T.);
#7248 = EDGE_CURVE('1_region0_Edge_0',#7249,#7251,#7253,.T.);
#7249 = VERTEX_POINT('1_region0_Vertex_0',#7250);
#7250 = CARTESIAN_POINT('',(-34.80000384,-0.50999871,0.));
#7251 = VERTEX_POINT('1_region0_Vertex_1',#7252);
#7252 = CARTESIAN_POINT('',(-34.80000384,-0.50999871,100.));
#7253 = SURFACE_CURVE('',#7254,(#7258,#7270),.PCURVE_S1.);
#7254 = LINE('',#7255,#7256);
#7255 = CARTESIAN_POINT('',(-34.80000384,-0.50999871,0.));
#7256 = VECTOR('',#7257,1.);
#7257 = DIRECTION('',(0.,0.,1.));
#7258 = PCURVE('',#7259,#7264);
#7259 = PLANE('',#7260);
#7260 = AXIS2_PLACEMENT_3D('',#7261,#7262,#7263);
#7261 = CARTESIAN_POINT('',(-34.80000384,-0.50999871,0.));
#7262 = DIRECTION('',(-1.,0.,0.));
#7263 = DIRECTION('',(0.,1.,0.));
#7264 = DEFINITIONAL_REPRESENTATION('',(#7265),#7269);
#7265 = LINE('',#7266,#7267);
#7266 = CARTESIAN_POINT('',(0.,0.));
#7267 = VECTOR('',#7268,1.);
#7268 = DIRECTION('',(0.,-1.));
#7269 = ( GEOMETRIC_REPRESENTATION_CONTEXT(2) 
PARAMETRIC_REPRESENTATION_CONTEXT() REPRESENTATION_CONTEXT('2D SPACE',''
  ) );
#7270 = PCURVE('',#7271,#7276);
#7271 = CYLINDRICAL_SURFACE('',#7272,0.45);
#7272 = AXIS2_PLACEMENT_3D('',#7273,#7274,#7275);
#7273 = CARTESIAN_POINT('',(-34.35000384,-0.50999871,0.));
#7274 = DIRECTION('',(-0.,0.,-1.));
#7275 = DIRECTION('',(1.,0.,0.));
#7276 = DEFINITIONAL_REPRESENTATION('',(#7277),#7281);
#7277 = LINE('',#7278,#7279);
#7278 = CARTESIAN_POINT('',(-3.14159265359,0.));
#7279 = VECTOR('',#7280,1.);
#7280 = DIRECTION('',(-0.,-1.));
#7281 = ( GEOMETRIC_REPRESENTATION_CONTEXT(2) 
PARAMETRIC_REPRESENTATION_CONTEXT() REPRESENTATION_CONTEXT('2D SPACE',''
  ) );
#7282 = ORIENTED_EDGE('',*,*,#7283,.T.);
#7283 = EDGE_CURVE('1_region0_Edge_3',#7251,#7284,#7286,.T.);
#7284 = VERTEX_POINT('1_region0_Vertex_3',#7285);
#7285 = CARTESIAN_POINT('',(-34.80000384,-0.10999871,100.));
#7286 = SURFACE_CURVE('',#7287,(#7291,#7298),.PCURVE_S1.);
#7287 = LINE('',#7288,#7289);
#7288 = CARTESIAN_POINT('',(-34.80000384,-0.50999871,100.));
#7289 = VECTOR('',#7290,1.);
#7290 = DIRECTION('',(0.,1.,0.));
#7291 = PCURVE('',#7259,#7292);
#7292 = DEFINITIONAL_REPRESENTATION('',(#7293),#7297);
#7293 = LINE('',#7294,#7295);
#7294 = CARTESIAN_POINT('',(0.,-100.));
#7295 = VECTOR('',#7296,1.);
#7296 = DIRECTION('',(1.,0.));
#7297 = ( GEOMETRIC_REPRESENTATION_CONTEXT(2) 
PARAMETRIC_REPRESENTATION_CONTEXT() REPRESENTATION_CONTEXT('2D SPACE',''
  ) );
#7298 = PCURVE('',#7299,#7304);
#7299 = PLANE('',#7300);
#7300 = AXIS2_PLACEMENT_3D('',#7301,#7302,#7303);
#7301 = CARTESIAN_POINT('',(0.,0.,100.));
#7302 = DIRECTION('',(0.,0.,1.));
#7303 = DIRECTION('',(1.,0.,-0.));
#7304 = DEFINITIONAL_REPRESENTATION('',(#7305),#7309);
#7305 = LINE('',#7306,#7307);
#7306 = CARTESIAN_POINT('',(-34.80000384,-0.50999871));
#7307 = VECTOR('',#7308,1.);
#7308 = DIRECTION('',(0.,1.));
#7309 = ( GEOMETRIC_REPRESENTATION_CONTEXT(2) 
PARAMETRIC_REPRESENTATION_CONTEXT() REPRESENTATION_CONTEXT('2D SPACE',''
  ) );
#7310 = ORIENTED_EDGE('',*,*,#7311,.F.);
#7311 = EDGE_CURVE('1_region0_Edge_1',#7312,#7284,#7314,.T.);
#7312 = VERTEX_POINT('1_region0_Vertex_2',#7313);
#7313 = CARTESIAN_POINT('',(-34.80000384,-0.10999871,0.));
#7314 = SURFACE_CURVE('',#7315,(#7319,#7326),.PCURVE_S1.);
#7315 = LINE('',#7316,#7317);
#7316 = CARTESIAN_POINT('',(-34.80000384,-0.10999871,0.));
#7317 = VECTOR('',#7318,1.);
#7318 = DIRECTION('',(0.,0.,1.));
#7319 = PCURVE('',#7259,#7320);
#7320 = DEFINITIONAL_REPRESENTATION('',(#7321),#7325);
#7321 = LINE('',#7322,#7323);
#7322 = CARTESIAN_POINT('',(0.4,0.));
#7323 = VECTOR('',#7324,1.);
#7324 = DIRECTION('',(0.,-1.));
#7325 = ( GEOMETRIC_REPRESENTATION_CONTEXT(2) 
PARAMETRIC_REPRESENTATION_CONTEXT() REPRESENTATION_CONTEXT('2D SPACE',''
  ) );
#7326 = PCURVE('',#7327,#7332);
#7327 = CYLINDRICAL_SURFACE('',#7328,0.1);
#7328 = AXIS2_PLACEMENT_3D('',#7329,#7330,#7331);
#7329 = CARTESIAN_POINT('',(-34.90000384,-0.10999871,0.));
#7330 = DIRECTION('',(-0.,0.,-1.));
#7331 = DIRECTION('',(1.,0.,0.));
#7332 = DEFINITIONAL_REPRESENTATION('',(#7333),#7337);
#7333 = LINE('',#7334,#7335);
#7334 = CARTESIAN_POINT('',(-0.,0.));
#7335 = VECTOR('',#7336,1.);
#7336 = DIRECTION('',(-0.,-1.));
#7337 = ( GEOMETRIC_REPRESENTATION_CONTEXT(2) 
PARAMETRIC_REPRESENTATION_CONTEXT() REPRESENTATION_CONTEXT('2D SPACE',''
  ) );
#7338 = ORIENTED_EDGE('',*,*,#7339,.F.);
#7339 = EDGE_CURVE('1_region0_Edge_2',#7249,#7312,#7340,.T.);
#7340 = SURFACE_CURVE('',#7341,(#7345,#7352),.PCURVE_S1.);
#7341 = LINE('',#7342,#7343);
#7342 = CARTESIAN_POINT('',(-34.80000384,-0.50999871,0.));
#7343 = VECTOR('',#7344,1.);
#7344 = DIRECTION('',(0.,1.,0.));
#7345 = PCURVE('',#7259,#7346);
#7346 = DEFINITIONAL_REPRESENTATION('',(#7347),#7351);
#7347 = LINE('',#7348,#7349);
#7348 = CARTESIAN_POINT('',(0.,0.));
#7349 = VECTOR('',#7350,1.);
#7350 = DIRECTION('',(1.,0.));
#7351 = ( GEOMETRIC_REPRESENTATION_CONTEXT(2) 
PARAMETRIC_REPRESENTATION_CONTEXT() REPRESENTATION_CONTEXT('2D SPACE',''
  ) );
#7352 = PCURVE('',#7353,#7358);
#7353 = PLANE('',#7354);
#7354 = AXIS2_PLACEMENT_3D('',#7355,#7356,#7357);
#7355 = CARTESIAN_POINT('',(0.,0.,0.));
#7356 = DIRECTION('',(0.,0.,1.));
#7357 = DIRECTION('',(1.,0.,-0.));
#7358 = DEFINITIONAL_REPRESENTATION('',(#7359),#7363);
#7359 = LINE('',#7360,#7361);
#7360 = CARTESIAN_POINT('',(-34.80000384,-0.50999871));
#7361 = VECTOR('',#7362,1.);
#7362 = DIRECTION('',(0.,1.));
#7363 = ( GEOMETRIC_REPRESENTATION_CONTEXT(2) 
PARAMETRIC_REPRESENTATION_CONTEXT() REPRESENTATION_CONTEXT('2D SPACE',''
  ) );
#7364 = ADVANCED_FACE('1_region0_Face_150',(#7365),#7271,.F.);
#7365 = FACE_BOUND('',#7366,.T.);
#7366 = EDGE_LOOP('undefined shape id',(#7367,#7368,#7392,#7420));
#7367 = ORIENTED_EDGE('',*,*,#7248,.T.);
#7368 = ORIENTED_EDGE('',*,*,#7369,.T.);
#7369 = EDGE_CURVE('1_region0_Edge_164',#7251,#7370,#7372,.T.);
#7370 = VERTEX_POINT('1_region0_Vertex_109',#7371);
#7371 = CARTESIAN_POINT('',(-33.90000384,-0.50999871,100.));
#7372 = SURFACE_CURVE('',#7373,(#7378,#7385),.PCURVE_S1.);
#7373 = CIRCLE('',#7374,0.45);
#7374 = AXIS2_PLACEMENT_3D('',#7375,#7376,#7377);
#7375 = CARTESIAN_POINT('',(-34.35000384,-0.50999871,100.));
#7376 = DIRECTION('',(0.,-0.,1.));
#7377 = DIRECTION('',(1.,0.,0.));
#7378 = PCURVE('',#7271,#7379);
#7379 = DEFINITIONAL_REPRESENTATION('',(#7380),#7384);
#7380 = LINE('',#7381,#7382);
#7381 = CARTESIAN_POINT('',(-0.,-100.));
#7382 = VECTOR('',#7383,1.);
#7383 = DIRECTION('',(-1.,0.));
#7384 = ( GEOMETRIC_REPRESENTATION_CONTEXT(2) 
PARAMETRIC_REPRESENTATION_CONTEXT() REPRESENTATION_CONTEXT('2D SPACE',''
  ) );
#7385 = PCURVE('',#7299,#7386);
#7386 = DEFINITIONAL_REPRESENTATION('',(#7387),#7391);
#7387 = CIRCLE('',#7388,0.45);
#7388 = AXIS2_PLACEMENT_2D('',#7389,#7390);
#7389 = CARTESIAN_POINT('',(-34.35000384,-0.50999871));
#7390 = DIRECTION('',(1.,0.));
#7391 = ( GEOMETRIC_REPRESENTATION_CONTEXT(2) 
PARAMETRIC_REPRESENTATION_CONTEXT() REPRESENTATION_CONTEXT('2D SPACE',''
  ) );
#7392 = ORIENTED_EDGE('',*,*,#7393,.F.);
#7393 = EDGE_CURVE('1_region0_Edge_160',#7394,#7370,#7396,.T.);
#7394 = VERTEX_POINT('1_region0_Vertex_108',#7395);
#7395 = CARTESIAN_POINT('',(-33.90000384,-0.50999871,0.));
#7396 = SURFACE_CURVE('',#7397,(#7401,#7408),.PCURVE_S1.);
#7397 = LINE('',#7398,#7399);
#7398 = CARTESIAN_POINT('',(-33.90000384,-0.50999871,0.));
#7399 = VECTOR('',#7400,1.);
#7400 = DIRECTION('',(0.,0.,1.));
#7401 = PCURVE('',#7271,#7402);
#7402 = DEFINITIONAL_REPRESENTATION('',(#7403),#7407);
#7403 = LINE('',#7404,#7405);
#7404 = CARTESIAN_POINT('',(-6.28318530718,0.));
#7405 = VECTOR('',#7406,1.);
#7406 = DIRECTION('',(-0.,-1.));
#7407 = ( GEOMETRIC_REPRESENTATION_CONTEXT(2) 
PARAMETRIC_REPRESENTATION_CONTEXT() REPRESENTATION_CONTEXT('2D SPACE',''
  ) );
#7408 = PCURVE('',#7409,#7414);
#7409 = PLANE('',#7410);
#7410 = AXIS2_PLACEMENT_3D('',#7411,#7412,#7413);
#7411 = CARTESIAN_POINT('',(-33.90000384,-0.10999871,0.));
#7412 = DIRECTION('',(1.,0.,-0.));
#7413 = DIRECTION('',(0.,-1.,0.));
#7414 = DEFINITIONAL_REPRESENTATION('',(#7415),#7419);
#7415 = LINE('',#7416,#7417);
#7416 = CARTESIAN_POINT('',(0.4,0.));
#7417 = VECTOR('',#7418,1.);
#7418 = DIRECTION('',(0.,-1.));
#7419 = ( GEOMETRIC_REPRESENTATION_CONTEXT(2) 
PARAMETRIC_REPRESENTATION_CONTEXT() REPRESENTATION_CONTEXT('2D SPACE',''
  ) );
#7420 = ORIENTED_EDGE('',*,*,#7421,.F.);
#7421 = EDGE_CURVE('1_region0_Edge_163',#7249,#7394,#7422,.T.);
#7422 = SURFACE_CURVE('',#7423,(#7428,#7435),.PCURVE_S1.);
#7423 = CIRCLE('',#7424,0.45);
#7424 = AXIS2_PLACEMENT_3D('',#7425,#7426,#7427);
#7425 = CARTESIAN_POINT('',(-34.35000384,-0.50999871,0.));
#7426 = DIRECTION('',(0.,-0.,1.));
#7427 = DIRECTION('',(1.,0.,0.));
#7428 = PCURVE('',#7271,#7429);
#7429 = DEFINITIONAL_REPRESENTATION('',(#7430),#7434);
#7430 = LINE('',#7431,#7432);
#7431 = CARTESIAN_POINT('',(-0.,0.));
#7432 = VECTOR('',#7433,1.);
#7433 = DIRECTION('',(-1.,0.));
#7434 = ( GEOMETRIC_REPRESENTATION_CONTEXT(2) 
PARAMETRIC_REPRESENTATION_CONTEXT() REPRESENTATION_CONTEXT('2D SPACE',''
  ) );
#7435 = PCURVE('',#7353,#7436);
#7436 = DEFINITIONAL_REPRESENTATION('',(#7437),#7441);
#7437 = CIRCLE('',#7438,0.45);
#7438 = AXIS2_PLACEMENT_2D('',#7439,#7440);
#7439 = CARTESIAN_POINT('',(-34.35000384,-0.50999871));
#7440 = DIRECTION('',(1.,0.));
#7441 = ( GEOMETRIC_REPRESENTATION_CONTEXT(2) 
PARAMETRIC_REPRESENTATION_CONTEXT() REPRESENTATION_CONTEXT('2D SPACE',''
  ) );
#7442 = ADVANCED_FACE('1_region0_Face_157',(#7443),#7327,.T.);
#7443 = FACE_BOUND('',#7444,.F.);
#7444 = EDGE_LOOP('undefined shape id',(#7445,#7446,#7470,#7498));
#7445 = ORIENTED_EDGE('',*,*,#7311,.T.);
#7446 = ORIENTED_EDGE('',*,*,#7447,.T.);
#7447 = EDGE_CURVE('1_region0_Edge_6',#7284,#7448,#7450,.T.);
#7448 = VERTEX_POINT('1_region0_Vertex_5',#7449);
#7449 = CARTESIAN_POINT('',(-34.90000384,-9.99871E-03,100.));
#7450 = SURFACE_CURVE('',#7451,(#7456,#7463),.PCURVE_S1.);
#7451 = CIRCLE('',#7452,0.1);
#7452 = AXIS2_PLACEMENT_3D('',#7453,#7454,#7455);
#7453 = CARTESIAN_POINT('',(-34.90000384,-0.10999871,100.));
#7454 = DIRECTION('',(0.,-0.,1.));
#7455 = DIRECTION('',(1.,0.,0.));
#7456 = PCURVE('',#7327,#7457);
#7457 = DEFINITIONAL_REPRESENTATION('',(#7458),#7462);
#7458 = LINE('',#7459,#7460);
#7459 = CARTESIAN_POINT('',(-0.,-100.));
#7460 = VECTOR('',#7461,1.);
#7461 = DIRECTION('',(-1.,0.));
#7462 = ( GEOMETRIC_REPRESENTATION_CONTEXT(2) 
PARAMETRIC_REPRESENTATION_CONTEXT() REPRESENTATION_CONTEXT('2D SPACE',''
  ) );
#7463 = PCURVE('',#7299,#7464);
#7464 = DEFINITIONAL_REPRESENTATION('',(#7465),#7469);
#7465 = CIRCLE('',#7466,0.1);
#7466 = AXIS2_PLACEMENT_2D('',#7467,#7468);
#7467 = CARTESIAN_POINT('',(-34.90000384,-0.10999871));
#7468 = DIRECTION('',(1.,0.));
#7469 = ( GEOMETRIC_REPRESENTATION_CONTEXT(2) 
PARAMETRIC_REPRESENTATION_CONTEXT() REPRESENTATION_CONTEXT('2D SPACE',''
  ) );
#7470 = ORIENTED_EDGE('',*,*,#7471,.F.);
#7471 = EDGE_CURVE('1_region0_Edge_4',#7472,#7448,#7474,.T.);
#7472 = VERTEX_POINT('1_region0_Vertex_4',#7473);
#7473 = CARTESIAN_POINT('',(-34.90000384,-9.99871E-03,0.));
#7474 = SURFACE_CURVE('',#7475,(#7479,#7486),.PCURVE_S1.);
#7475 = LINE('',#7476,#7477);
#7476 = CARTESIAN_POINT('',(-34.90000384,-9.99871E-03,0.));
#7477 = VECTOR('',#7478,1.);
#7478 = DIRECTION('',(0.,0.,1.));
#7479 = PCURVE('',#7327,#7480);
#7480 = DEFINITIONAL_REPRESENTATION('',(#7481),#7485);
#7481 = LINE('',#7482,#7483);
#7482 = CARTESIAN_POINT('',(-1.570796326795,0.));
#7483 = VECTOR('',#7484,1.);
#7484 = DIRECTION('',(-0.,-1.));
#7485 = ( GEOMETRIC_REPRESENTATION_CONTEXT(2) 
PARAMETRIC_REPRESENTATION_CONTEXT() REPRESENTATION_CONTEXT('2D SPACE',''
  ) );
#7486 = PCURVE('',#7487,#7492);
#7487 = PLANE('',#7488);
#7488 = AXIS2_PLACEMENT_3D('',#7489,#7490,#7491);
#7489 = CARTESIAN_POINT('',(-34.90000384,-9.99871E-03,0.));
#7490 = DIRECTION('',(0.,-1.,0.));
#7491 = DIRECTION('',(-1.,0.,0.));
#7492 = DEFINITIONAL_REPRESENTATION('',(#7493),#7497);
#7493 = LINE('',#7494,#7495);
#7494 = CARTESIAN_POINT('',(0.,-0.));
#7495 = VECTOR('',#7496,1.);
#7496 = DIRECTION('',(0.,-1.));
#7497 = ( GEOMETRIC_REPRESENTATION_CONTEXT(2) 
PARAMETRIC_REPRESENTATION_CONTEXT() REPRESENTATION_CONTEXT('2D SPACE',''
  ) );
#7498 = ORIENTED_EDGE('',*,*,#7499,.F.);
#7499 = EDGE_CURVE('1_region0_Edge_5',#7312,#7472,#7500,.T.);
#7500 = SURFACE_CURVE('',#7501,(#7506,#7513),.PCURVE_S1.);
#7501 = CIRCLE('',#7502,0.1);
#7502 = AXIS2_PLACEMENT_3D('',#7503,#7504,#7505);
#7503 = CARTESIAN_POINT('',(-34.90000384,-0.10999871,0.));
#7504 = DIRECTION('',(0.,-0.,1.));
#7505 = DIRECTION('',(1.,0.,0.));
#7506 = PCURVE('',#7327,#7507);
#7507 = DEFINITIONAL_REPRESENTATION('',(#7508),#7512);
#7508 = LINE('',#7509,#7510);
#7509 = CARTESIAN_POINT('',(-0.,0.));
#7510 = VECTOR('',#7511,1.);
#7511 = DIRECTION('',(-1.,0.));
#7512 = ( GEOMETRIC_REPRESENTATION_CONTEXT(2) 
PARAMETRIC_REPRESENTATION_CONTEXT() REPRESENTATION_CONTEXT('2D SPACE',''
  ) );
#7513 = PCURVE('',#7353,#7514);
#7514 = DEFINITIONAL_REPRESENTATION('',(#7515),#7519);
#7515 = CIRCLE('',#7516,0.1);
#7516 = AXIS2_PLACEMENT_2D('',#7517,#7518);
#7517 = CARTESIAN_POINT('',(-34.90000384,-0.10999871));
#7518 = DIRECTION('',(1.,0.));
#7519 = ( GEOMETRIC_REPRESENTATION_CONTEXT(2) 
PARAMETRIC_REPRESENTATION_CONTEXT() REPRESENTATION_CONTEXT('2D SPACE',''
  ) );
#7520 = ADVANCED_FACE('1_region0_Face_start',(#7521),#7353,.F.);
#7521 = FACE_BOUND('',#7522,.F.);
#7522 = EDGE_LOOP('undefined shape id',(#7523,#7524,#7525,#7548,#7577,
    #7605,#7634,#7662,#7691,#7719,#7748,#7776,#7804,#7833,#7861,#7890,
    #7918,#7947,#7975,#8004,#8032,#8060,#8088,#8117,#8145,#8174,#8203,
    #8232,#8260,#8289,#8317,#8345,#8373,#8402,#8430,#8459,#8488,#8517,
    #8545,#8574,#8602,#8630,#8658,#8687,#8715,#8744,#8772,#8801,#8829,
    #8858,#8886,#8915,#8943,#8972,#8993));
#7523 = ORIENTED_EDGE('',*,*,#7339,.T.);
#7524 = ORIENTED_EDGE('',*,*,#7499,.T.);
#7525 = ORIENTED_EDGE('',*,*,#7526,.T.);
#7526 = EDGE_CURVE('1_region0_Edge_8',#7472,#7527,#7529,.T.);
#7527 = VERTEX_POINT('1_region0_Vertex_6',#7528);
#7528 = CARTESIAN_POINT('',(-35.40000384,-9.99871E-03,0.));
#7529 = SURFACE_CURVE('',#7530,(#7534,#7541),.PCURVE_S1.);
#7530 = LINE('',#7531,#7532);
#7531 = CARTESIAN_POINT('',(-34.90000384,-9.99871E-03,0.));
#7532 = VECTOR('',#7533,1.);
#7533 = DIRECTION('',(-1.,0.,0.));
#7534 = PCURVE('',#7353,#7535);
#7535 = DEFINITIONAL_REPRESENTATION('',(#7536),#7540);
#7536 = LINE('',#7537,#7538);
#7537 = CARTESIAN_POINT('',(-34.90000384,-9.99871E-03));
#7538 = VECTOR('',#7539,1.);
#7539 = DIRECTION('',(-1.,0.));
#7540 = ( GEOMETRIC_REPRESENTATION_CONTEXT(2) 
PARAMETRIC_REPRESENTATION_CONTEXT() REPRESENTATION_CONTEXT('2D SPACE',''
  ) );
#7541 = PCURVE('',#7487,#7542);
#7542 = DEFINITIONAL_REPRESENTATION('',(#7543),#7547);
#7543 = LINE('',#7544,#7545);
#7544 = CARTESIAN_POINT('',(0.,-0.));
#7545 = VECTOR('',#7546,1.);
#7546 = DIRECTION('',(1.,0.));
#7547 = ( GEOMETRIC_REPRESENTATION_CONTEXT(2) 
PARAMETRIC_REPRESENTATION_CONTEXT() REPRESENTATION_CONTEXT('2D SPACE',''
  ) );
#7548 = ORIENTED_EDGE('',*,*,#7549,.T.);
#7549 = EDGE_CURVE('1_region0_Edge_11',#7527,#7550,#7552,.T.);
#7550 = VERTEX_POINT('1_region0_Vertex_8',#7551);
#7551 = CARTESIAN_POINT('',(-35.50000384,-0.10999871,0.));
#7552 = SURFACE_CURVE('',#7553,(#7558,#7565),.PCURVE_S1.);
#7553 = CIRCLE('',#7554,0.1);
#7554 = AXIS2_PLACEMENT_3D('',#7555,#7556,#7557);
#7555 = CARTESIAN_POINT('',(-35.40000384,-0.10999871,0.));
#7556 = DIRECTION('',(0.,-0.,1.));
#7557 = DIRECTION('',(1.,0.,0.));
#7558 = PCURVE('',#7353,#7559);
#7559 = DEFINITIONAL_REPRESENTATION('',(#7560),#7564);
#7560 = CIRCLE('',#7561,0.1);
#7561 = AXIS2_PLACEMENT_2D('',#7562,#7563);
#7562 = CARTESIAN_POINT('',(-35.40000384,-0.10999871));
#7563 = DIRECTION('',(1.,0.));
#7564 = ( GEOMETRIC_REPRESENTATION_CONTEXT(2) 
PARAMETRIC_REPRESENTATION_CONTEXT() REPRESENTATION_CONTEXT('2D SPACE',''
  ) );
#7565 = PCURVE('',#7566,#7571);
#7566 = CYLINDRICAL_SURFACE('',#7567,0.1);
#7567 = AXIS2_PLACEMENT_3D('',#7568,#7569,#7570);
#7568 = CARTESIAN_POINT('',(-35.40000384,-0.10999871,0.));
#7569 = DIRECTION('',(-0.,0.,-1.));
#7570 = DIRECTION('',(1.,0.,0.));
#7571 = DEFINITIONAL_REPRESENTATION('',(#7572),#7576);
#7572 = LINE('',#7573,#7574);
#7573 = CARTESIAN_POINT('',(-0.,0.));
#7574 = VECTOR('',#7575,1.);
#7575 = DIRECTION('',(-1.,0.));
#7576 = ( GEOMETRIC_REPRESENTATION_CONTEXT(2) 
PARAMETRIC_REPRESENTATION_CONTEXT() REPRESENTATION_CONTEXT('2D SPACE',''
  ) );
#7577 = ORIENTED_EDGE('',*,*,#7578,.T.);
#7578 = EDGE_CURVE('1_region0_Edge_14',#7550,#7579,#7581,.T.);
#7579 = VERTEX_POINT('1_region0_Vertex_10',#7580);
#7580 = CARTESIAN_POINT('',(-35.50000384,-10.25999871,0.));
#7581 = SURFACE_CURVE('',#7582,(#7586,#7593),.PCURVE_S1.);
#7582 = LINE('',#7583,#7584);
#7583 = CARTESIAN_POINT('',(-35.50000384,-0.10999871,0.));
#7584 = VECTOR('',#7585,1.);
#7585 = DIRECTION('',(0.,-1.,-0.));
#7586 = PCURVE('',#7353,#7587);
#7587 = DEFINITIONAL_REPRESENTATION('',(#7588),#7592);
#7588 = LINE('',#7589,#7590);
#7589 = CARTESIAN_POINT('',(-35.50000384,-0.10999871));
#7590 = VECTOR('',#7591,1.);
#7591 = DIRECTION('',(0.,-1.));
#7592 = ( GEOMETRIC_REPRESENTATION_CONTEXT(2) 
PARAMETRIC_REPRESENTATION_CONTEXT() REPRESENTATION_CONTEXT('2D SPACE',''
  ) );
#7593 = PCURVE('',#7594,#7599);
#7594 = PLANE('',#7595);
#7595 = AXIS2_PLACEMENT_3D('',#7596,#7597,#7598);
#7596 = CARTESIAN_POINT('',(-35.50000384,-0.10999871,0.));
#7597 = DIRECTION('',(1.,0.,-0.));
#7598 = DIRECTION('',(0.,-1.,0.));
#7599 = DEFINITIONAL_REPRESENTATION('',(#7600),#7604);
#7600 = LINE('',#7601,#7602);
#7601 = CARTESIAN_POINT('',(0.,0.));
#7602 = VECTOR('',#7603,1.);
#7603 = DIRECTION('',(1.,0.));
#7604 = ( GEOMETRIC_REPRESENTATION_CONTEXT(2) 
PARAMETRIC_REPRESENTATION_CONTEXT() REPRESENTATION_CONTEXT('2D SPACE',''
  ) );
#7605 = ORIENTED_EDGE('',*,*,#7606,.T.);
#7606 = EDGE_CURVE('1_region0_Edge_17',#7579,#7607,#7609,.T.);
#7607 = VERTEX_POINT('1_region0_Vertex_12',#7608);
#7608 = CARTESIAN_POINT('',(-32.50000384,-13.25999871,0.));
#7609 = SURFACE_CURVE('',#7610,(#7615,#7622),.PCURVE_S1.);
#7610 = CIRCLE('',#7611,3.);
#7611 = AXIS2_PLACEMENT_3D('',#7612,#7613,#7614);
#7612 = CARTESIAN_POINT('',(-32.50000384,-10.25999871,0.));
#7613 = DIRECTION('',(0.,-0.,1.));
#7614 = DIRECTION('',(1.,0.,0.));
#7615 = PCURVE('',#7353,#7616);
#7616 = DEFINITIONAL_REPRESENTATION('',(#7617),#7621);
#7617 = CIRCLE('',#7618,3.);
#7618 = AXIS2_PLACEMENT_2D('',#7619,#7620);
#7619 = CARTESIAN_POINT('',(-32.50000384,-10.25999871));
#7620 = DIRECTION('',(1.,0.));
#7621 = ( GEOMETRIC_REPRESENTATION_CONTEXT(2) 
PARAMETRIC_REPRESENTATION_CONTEXT() REPRESENTATION_CONTEXT('2D SPACE',''
  ) );
#7622 = PCURVE('',#7623,#7628);
#7623 = CYLINDRICAL_SURFACE('',#7624,3.);
#7624 = AXIS2_PLACEMENT_3D('',#7625,#7626,#7627);
#7625 = CARTESIAN_POINT('',(-32.50000384,-10.25999871,0.));
#7626 = DIRECTION('',(-0.,0.,-1.));
#7627 = DIRECTION('',(1.,0.,0.));
#7628 = DEFINITIONAL_REPRESENTATION('',(#7629),#7633);
#7629 = LINE('',#7630,#7631);
#7630 = CARTESIAN_POINT('',(-0.,0.));
#7631 = VECTOR('',#7632,1.);
#7632 = DIRECTION('',(-1.,0.));
#7633 = ( GEOMETRIC_REPRESENTATION_CONTEXT(2) 
PARAMETRIC_REPRESENTATION_CONTEXT() REPRESENTATION_CONTEXT('2D SPACE',''
  ) );
#7634 = ORIENTED_EDGE('',*,*,#7635,.T.);
#7635 = EDGE_CURVE('1_region0_Edge_20',#7607,#7636,#7638,.T.);
#7636 = VERTEX_POINT('1_region0_Vertex_14',#7637);
#7637 = CARTESIAN_POINT('',(32.49999616,-13.25999871,0.));
#7638 = SURFACE_CURVE('',#7639,(#7643,#7650),.PCURVE_S1.);
#7639 = LINE('',#7640,#7641);
#7640 = CARTESIAN_POINT('',(-32.50000384,-13.25999871,0.));
#7641 = VECTOR('',#7642,1.);
#7642 = DIRECTION('',(1.,0.,0.));
#7643 = PCURVE('',#7353,#7644);
#7644 = DEFINITIONAL_REPRESENTATION('',(#7645),#7649);
#7645 = LINE('',#7646,#7647);
#7646 = CARTESIAN_POINT('',(-32.50000384,-13.25999871));
#7647 = VECTOR('',#7648,1.);
#7648 = DIRECTION('',(1.,0.));
#7649 = ( GEOMETRIC_REPRESENTATION_CONTEXT(2) 
PARAMETRIC_REPRESENTATION_CONTEXT() REPRESENTATION_CONTEXT('2D SPACE',''
  ) );
#7650 = PCURVE('',#7651,#7656);
#7651 = PLANE('',#7652);
#7652 = AXIS2_PLACEMENT_3D('',#7653,#7654,#7655);
#7653 = CARTESIAN_POINT('',(-32.50000384,-13.25999871,0.));
#7654 = DIRECTION('',(0.,1.,0.));
#7655 = DIRECTION('',(1.,0.,0.));
#7656 = DEFINITIONAL_REPRESENTATION('',(#7657),#7661);
#7657 = LINE('',#7658,#7659);
#7658 = CARTESIAN_POINT('',(0.,0.));
#7659 = VECTOR('',#7660,1.);
#7660 = DIRECTION('',(1.,0.));
#7661 = ( GEOMETRIC_REPRESENTATION_CONTEXT(2) 
PARAMETRIC_REPRESENTATION_CONTEXT() REPRESENTATION_CONTEXT('2D SPACE',''
  ) );
#7662 = ORIENTED_EDGE('',*,*,#7663,.T.);
#7663 = EDGE_CURVE('1_region0_Edge_23',#7636,#7664,#7666,.T.);
#7664 = VERTEX_POINT('1_region0_Vertex_16',#7665);
#7665 = CARTESIAN_POINT('',(35.49999616,-10.25999871,0.));
#7666 = SURFACE_CURVE('',#7667,(#7672,#7679),.PCURVE_S1.);
#7667 = CIRCLE('',#7668,3.);
#7668 = AXIS2_PLACEMENT_3D('',#7669,#7670,#7671);
#7669 = CARTESIAN_POINT('',(32.49999616,-10.25999871,0.));
#7670 = DIRECTION('',(0.,-0.,1.));
#7671 = DIRECTION('',(1.,0.,0.));
#7672 = PCURVE('',#7353,#7673);
#7673 = DEFINITIONAL_REPRESENTATION('',(#7674),#7678);
#7674 = CIRCLE('',#7675,3.);
#7675 = AXIS2_PLACEMENT_2D('',#7676,#7677);
#7676 = CARTESIAN_POINT('',(32.49999616,-10.25999871));
#7677 = DIRECTION('',(1.,0.));
#7678 = ( GEOMETRIC_REPRESENTATION_CONTEXT(2) 
PARAMETRIC_REPRESENTATION_CONTEXT() REPRESENTATION_CONTEXT('2D SPACE',''
  ) );
#7679 = PCURVE('',#7680,#7685);
#7680 = CYLINDRICAL_SURFACE('',#7681,3.);
#7681 = AXIS2_PLACEMENT_3D('',#7682,#7683,#7684);
#7682 = CARTESIAN_POINT('',(32.49999616,-10.25999871,0.));
#7683 = DIRECTION('',(-0.,0.,-1.));
#7684 = DIRECTION('',(1.,0.,0.));
#7685 = DEFINITIONAL_REPRESENTATION('',(#7686),#7690);
#7686 = LINE('',#7687,#7688);
#7687 = CARTESIAN_POINT('',(-0.,0.));
#7688 = VECTOR('',#7689,1.);
#7689 = DIRECTION('',(-1.,0.));
#7690 = ( GEOMETRIC_REPRESENTATION_CONTEXT(2) 
PARAMETRIC_REPRESENTATION_CONTEXT() REPRESENTATION_CONTEXT('2D SPACE',''
  ) );
#7691 = ORIENTED_EDGE('',*,*,#7692,.T.);
#7692 = EDGE_CURVE('1_region0_Edge_26',#7664,#7693,#7695,.T.);
#7693 = VERTEX_POINT('1_region0_Vertex_18',#7694);
#7694 = CARTESIAN_POINT('',(35.49999616,-0.10999871,0.));
#7695 = SURFACE_CURVE('',#7696,(#7700,#7707),.PCURVE_S1.);
#7696 = LINE('',#7697,#7698);
#7697 = CARTESIAN_POINT('',(35.49999616,-10.25999871,0.));
#7698 = VECTOR('',#7699,1.);
#7699 = DIRECTION('',(0.,1.,0.));
#7700 = PCURVE('',#7353,#7701);
#7701 = DEFINITIONAL_REPRESENTATION('',(#7702),#7706);
#7702 = LINE('',#7703,#7704);
#7703 = CARTESIAN_POINT('',(35.49999616,-10.25999871));
#7704 = VECTOR('',#7705,1.);
#7705 = DIRECTION('',(0.,1.));
#7706 = ( GEOMETRIC_REPRESENTATION_CONTEXT(2) 
PARAMETRIC_REPRESENTATION_CONTEXT() REPRESENTATION_CONTEXT('2D SPACE',''
  ) );
#7707 = PCURVE('',#7708,#7713);
#7708 = PLANE('',#7709);
#7709 = AXIS2_PLACEMENT_3D('',#7710,#7711,#7712);
#7710 = CARTESIAN_POINT('',(35.49999616,-10.25999871,0.));
#7711 = DIRECTION('',(-1.,0.,0.));
#7712 = DIRECTION('',(0.,1.,0.));
#7713 = DEFINITIONAL_REPRESENTATION('',(#7714),#7718);
#7714 = LINE('',#7715,#7716);
#7715 = CARTESIAN_POINT('',(0.,0.));
#7716 = VECTOR('',#7717,1.);
#7717 = DIRECTION('',(1.,0.));
#7718 = ( GEOMETRIC_REPRESENTATION_CONTEXT(2) 
PARAMETRIC_REPRESENTATION_CONTEXT() REPRESENTATION_CONTEXT('2D SPACE',''
  ) );
#7719 = ORIENTED_EDGE('',*,*,#7720,.T.);
#7720 = EDGE_CURVE('1_region0_Edge_29',#7693,#7721,#7723,.T.);
#7721 = VERTEX_POINT('1_region0_Vertex_20',#7722);
#7722 = CARTESIAN_POINT('',(35.39999616,-9.99871E-03,0.));
#7723 = SURFACE_CURVE('',#7724,(#7729,#7736),.PCURVE_S1.);
#7724 = CIRCLE('',#7725,0.1);
#7725 = AXIS2_PLACEMENT_3D('',#7726,#7727,#7728);
#7726 = CARTESIAN_POINT('',(35.39999616,-0.10999871,0.));
#7727 = DIRECTION('',(0.,-0.,1.));
#7728 = DIRECTION('',(1.,0.,0.));
#7729 = PCURVE('',#7353,#7730);
#7730 = DEFINITIONAL_REPRESENTATION('',(#7731),#7735);
#7731 = CIRCLE('',#7732,0.1);
#7732 = AXIS2_PLACEMENT_2D('',#7733,#7734);
#7733 = CARTESIAN_POINT('',(35.39999616,-0.10999871));
#7734 = DIRECTION('',(1.,0.));
#7735 = ( GEOMETRIC_REPRESENTATION_CONTEXT(2) 
PARAMETRIC_REPRESENTATION_CONTEXT() REPRESENTATION_CONTEXT('2D SPACE',''
  ) );
#7736 = PCURVE('',#7737,#7742);
#7737 = CYLINDRICAL_SURFACE('',#7738,0.1);
#7738 = AXIS2_PLACEMENT_3D('',#7739,#7740,#7741);
#7739 = CARTESIAN_POINT('',(35.39999616,-0.10999871,0.));
#7740 = DIRECTION('',(-0.,0.,-1.));
#7741 = DIRECTION('',(1.,0.,0.));
#7742 = DEFINITIONAL_REPRESENTATION('',(#7743),#7747);
#7743 = LINE('',#7744,#7745);
#7744 = CARTESIAN_POINT('',(-0.,0.));
#7745 = VECTOR('',#7746,1.);
#7746 = DIRECTION('',(-1.,0.));
#7747 = ( GEOMETRIC_REPRESENTATION_CONTEXT(2) 
PARAMETRIC_REPRESENTATION_CONTEXT() REPRESENTATION_CONTEXT('2D SPACE',''
  ) );
#7748 = ORIENTED_EDGE('',*,*,#7749,.T.);
#7749 = EDGE_CURVE('1_region0_Edge_32',#7721,#7750,#7752,.T.);
#7750 = VERTEX_POINT('1_region0_Vertex_22',#7751);
#7751 = CARTESIAN_POINT('',(34.69999616,-9.99871E-03,0.));
#7752 = SURFACE_CURVE('',#7753,(#7757,#7764),.PCURVE_S1.);
#7753 = LINE('',#7754,#7755);
#7754 = CARTESIAN_POINT('',(35.39999616,-9.99871E-03,0.));
#7755 = VECTOR('',#7756,1.);
#7756 = DIRECTION('',(-1.,0.,0.));
#7757 = PCURVE('',#7353,#7758);
#7758 = DEFINITIONAL_REPRESENTATION('',(#7759),#7763);
#7759 = LINE('',#7760,#7761);
#7760 = CARTESIAN_POINT('',(35.39999616,-9.99871E-03));
#7761 = VECTOR('',#7762,1.);
#7762 = DIRECTION('',(-1.,0.));
#7763 = ( GEOMETRIC_REPRESENTATION_CONTEXT(2) 
PARAMETRIC_REPRESENTATION_CONTEXT() REPRESENTATION_CONTEXT('2D SPACE',''
  ) );
#7764 = PCURVE('',#7765,#7770);
#7765 = PLANE('',#7766);
#7766 = AXIS2_PLACEMENT_3D('',#7767,#7768,#7769);
#7767 = CARTESIAN_POINT('',(35.39999616,-9.99871E-03,0.));
#7768 = DIRECTION('',(0.,-1.,0.));
#7769 = DIRECTION('',(-1.,0.,0.));
#7770 = DEFINITIONAL_REPRESENTATION('',(#7771),#7775);
#7771 = LINE('',#7772,#7773);
#7772 = CARTESIAN_POINT('',(0.,-0.));
#7773 = VECTOR('',#7774,1.);
#7774 = DIRECTION('',(1.,0.));
#7775 = ( GEOMETRIC_REPRESENTATION_CONTEXT(2) 
PARAMETRIC_REPRESENTATION_CONTEXT() REPRESENTATION_CONTEXT('2D SPACE',''
  ) );
#7776 = ORIENTED_EDGE('',*,*,#7777,.T.);
#7777 = EDGE_CURVE('1_region0_Edge_35',#7750,#7778,#7780,.T.);
#7778 = VERTEX_POINT('1_region0_Vertex_24',#7779);
#7779 = CARTESIAN_POINT('',(34.69999616,0.49000129,0.));
#7780 = SURFACE_CURVE('',#7781,(#7785,#7792),.PCURVE_S1.);
#7781 = LINE('',#7782,#7783);
#7782 = CARTESIAN_POINT('',(34.69999616,-9.99871E-03,0.));
#7783 = VECTOR('',#7784,1.);
#7784 = DIRECTION('',(0.,1.,0.));
#7785 = PCURVE('',#7353,#7786);
#7786 = DEFINITIONAL_REPRESENTATION('',(#7787),#7791);
#7787 = LINE('',#7788,#7789);
#7788 = CARTESIAN_POINT('',(34.69999616,-9.99871E-03));
#7789 = VECTOR('',#7790,1.);
#7790 = DIRECTION('',(0.,1.));
#7791 = ( GEOMETRIC_REPRESENTATION_CONTEXT(2) 
PARAMETRIC_REPRESENTATION_CONTEXT() REPRESENTATION_CONTEXT('2D SPACE',''
  ) );
#7792 = PCURVE('',#7793,#7798);
#7793 = PLANE('',#7794);
#7794 = AXIS2_PLACEMENT_3D('',#7795,#7796,#7797);
#7795 = CARTESIAN_POINT('',(34.69999616,-9.99871E-03,0.));
#7796 = DIRECTION('',(-1.,0.,0.));
#7797 = DIRECTION('',(0.,1.,0.));
#7798 = DEFINITIONAL_REPRESENTATION('',(#7799),#7803);
#7799 = LINE('',#7800,#7801);
#7800 = CARTESIAN_POINT('',(0.,0.));
#7801 = VECTOR('',#7802,1.);
#7802 = DIRECTION('',(1.,0.));
#7803 = ( GEOMETRIC_REPRESENTATION_CONTEXT(2) 
PARAMETRIC_REPRESENTATION_CONTEXT() REPRESENTATION_CONTEXT('2D SPACE',''
  ) );
#7804 = ORIENTED_EDGE('',*,*,#7805,.T.);
#7805 = EDGE_CURVE('1_region0_Edge_38',#7778,#7806,#7808,.T.);
#7806 = VERTEX_POINT('1_region0_Vertex_26',#7807);
#7807 = CARTESIAN_POINT('',(33.99999616,0.49000129,0.));
#7808 = SURFACE_CURVE('',#7809,(#7814,#7821),.PCURVE_S1.);
#7809 = CIRCLE('',#7810,0.35);
#7810 = AXIS2_PLACEMENT_3D('',#7811,#7812,#7813);
#7811 = CARTESIAN_POINT('',(34.34999616,0.49000129,0.));
#7812 = DIRECTION('',(0.,-0.,1.));
#7813 = DIRECTION('',(1.,0.,0.));
#7814 = PCURVE('',#7353,#7815);
#7815 = DEFINITIONAL_REPRESENTATION('',(#7816),#7820);
#7816 = CIRCLE('',#7817,0.35);
#7817 = AXIS2_PLACEMENT_2D('',#7818,#7819);
#7818 = CARTESIAN_POINT('',(34.34999616,0.49000129));
#7819 = DIRECTION('',(1.,0.));
#7820 = ( GEOMETRIC_REPRESENTATION_CONTEXT(2) 
PARAMETRIC_REPRESENTATION_CONTEXT() REPRESENTATION_CONTEXT('2D SPACE',''
  ) );
#7821 = PCURVE('',#7822,#7827);
#7822 = CYLINDRICAL_SURFACE('',#7823,0.35);
#7823 = AXIS2_PLACEMENT_3D('',#7824,#7825,#7826);
#7824 = CARTESIAN_POINT('',(34.34999616,0.49000129,0.));
#7825 = DIRECTION('',(-0.,0.,-1.));
#7826 = DIRECTION('',(1.,0.,0.));
#7827 = DEFINITIONAL_REPRESENTATION('',(#7828),#7832);
#7828 = LINE('',#7829,#7830);
#7829 = CARTESIAN_POINT('',(-0.,0.));
#7830 = VECTOR('',#7831,1.);
#7831 = DIRECTION('',(-1.,0.));
#7832 = ( GEOMETRIC_REPRESENTATION_CONTEXT(2) 
PARAMETRIC_REPRESENTATION_CONTEXT() REPRESENTATION_CONTEXT('2D SPACE',''
  ) );
#7833 = ORIENTED_EDGE('',*,*,#7834,.T.);
#7834 = EDGE_CURVE('1_region0_Edge_41',#7806,#7835,#7837,.T.);
#7835 = VERTEX_POINT('1_region0_Vertex_28',#7836);
#7836 = CARTESIAN_POINT('',(33.99999616,-4.90999871,0.));
#7837 = SURFACE_CURVE('',#7838,(#7842,#7849),.PCURVE_S1.);
#7838 = LINE('',#7839,#7840);
#7839 = CARTESIAN_POINT('',(33.99999616,0.49000129,0.));
#7840 = VECTOR('',#7841,1.);
#7841 = DIRECTION('',(0.,-1.,-0.));
#7842 = PCURVE('',#7353,#7843);
#7843 = DEFINITIONAL_REPRESENTATION('',(#7844),#7848);
#7844 = LINE('',#7845,#7846);
#7845 = CARTESIAN_POINT('',(33.99999616,0.49000129));
#7846 = VECTOR('',#7847,1.);
#7847 = DIRECTION('',(0.,-1.));
#7848 = ( GEOMETRIC_REPRESENTATION_CONTEXT(2) 
PARAMETRIC_REPRESENTATION_CONTEXT() REPRESENTATION_CONTEXT('2D SPACE',''
  ) );
#7849 = PCURVE('',#7850,#7855);
#7850 = PLANE('',#7851);
#7851 = AXIS2_PLACEMENT_3D('',#7852,#7853,#7854);
#7852 = CARTESIAN_POINT('',(33.99999616,0.49000129,0.));
#7853 = DIRECTION('',(1.,0.,-0.));
#7854 = DIRECTION('',(0.,-1.,0.));
#7855 = DEFINITIONAL_REPRESENTATION('',(#7856),#7860);
#7856 = LINE('',#7857,#7858);
#7857 = CARTESIAN_POINT('',(0.,0.));
#7858 = VECTOR('',#7859,1.);
#7859 = DIRECTION('',(1.,0.));
#7860 = ( GEOMETRIC_REPRESENTATION_CONTEXT(2) 
PARAMETRIC_REPRESENTATION_CONTEXT() REPRESENTATION_CONTEXT('2D SPACE',''
  ) );
#7861 = ORIENTED_EDGE('',*,*,#7862,.F.);
#7862 = EDGE_CURVE('1_region0_Edge_44',#7863,#7835,#7865,.T.);
#7863 = VERTEX_POINT('1_region0_Vertex_30',#7864);
#7864 = CARTESIAN_POINT('',(33.79999616,-5.10999871,0.));
#7865 = SURFACE_CURVE('',#7866,(#7871,#7878),.PCURVE_S1.);
#7866 = CIRCLE('',#7867,0.2);
#7867 = AXIS2_PLACEMENT_3D('',#7868,#7869,#7870);
#7868 = CARTESIAN_POINT('',(33.79999616,-4.90999871,0.));
#7869 = DIRECTION('',(0.,-0.,1.));
#7870 = DIRECTION('',(1.,0.,0.));
#7871 = PCURVE('',#7353,#7872);
#7872 = DEFINITIONAL_REPRESENTATION('',(#7873),#7877);
#7873 = CIRCLE('',#7874,0.2);
#7874 = AXIS2_PLACEMENT_2D('',#7875,#7876);
#7875 = CARTESIAN_POINT('',(33.79999616,-4.90999871));
#7876 = DIRECTION('',(1.,0.));
#7877 = ( GEOMETRIC_REPRESENTATION_CONTEXT(2) 
PARAMETRIC_REPRESENTATION_CONTEXT() REPRESENTATION_CONTEXT('2D SPACE',''
  ) );
#7878 = PCURVE('',#7879,#7884);
#7879 = CYLINDRICAL_SURFACE('',#7880,0.2);
#7880 = AXIS2_PLACEMENT_3D('',#7881,#7882,#7883);
#7881 = CARTESIAN_POINT('',(33.79999616,-4.90999871,0.));
#7882 = DIRECTION('',(-0.,0.,-1.));
#7883 = DIRECTION('',(1.,0.,0.));
#7884 = DEFINITIONAL_REPRESENTATION('',(#7885),#7889);
#7885 = LINE('',#7886,#7887);
#7886 = CARTESIAN_POINT('',(-0.,0.));
#7887 = VECTOR('',#7888,1.);
#7888 = DIRECTION('',(-1.,0.));
#7889 = ( GEOMETRIC_REPRESENTATION_CONTEXT(2) 
PARAMETRIC_REPRESENTATION_CONTEXT() REPRESENTATION_CONTEXT('2D SPACE',''
  ) );
#7890 = ORIENTED_EDGE('',*,*,#7891,.T.);
#7891 = EDGE_CURVE('1_region0_Edge_47',#7863,#7892,#7894,.T.);
#7892 = VERTEX_POINT('1_region0_Vertex_32',#7893);
#7893 = CARTESIAN_POINT('',(31.99999616,-5.10999871,0.));
#7894 = SURFACE_CURVE('',#7895,(#7899,#7906),.PCURVE_S1.);
#7895 = LINE('',#7896,#7897);
#7896 = CARTESIAN_POINT('',(33.79999616,-5.10999871,0.));
#7897 = VECTOR('',#7898,1.);
#7898 = DIRECTION('',(-1.,0.,0.));
#7899 = PCURVE('',#7353,#7900);
#7900 = DEFINITIONAL_REPRESENTATION('',(#7901),#7905);
#7901 = LINE('',#7902,#7903);
#7902 = CARTESIAN_POINT('',(33.79999616,-5.10999871));
#7903 = VECTOR('',#7904,1.);
#7904 = DIRECTION('',(-1.,0.));
#7905 = ( GEOMETRIC_REPRESENTATION_CONTEXT(2) 
PARAMETRIC_REPRESENTATION_CONTEXT() REPRESENTATION_CONTEXT('2D SPACE',''
  ) );
#7906 = PCURVE('',#7907,#7912);
#7907 = PLANE('',#7908);
#7908 = AXIS2_PLACEMENT_3D('',#7909,#7910,#7911);
#7909 = CARTESIAN_POINT('',(33.79999616,-5.10999871,0.));
#7910 = DIRECTION('',(0.,-1.,0.));
#7911 = DIRECTION('',(-1.,0.,0.));
#7912 = DEFINITIONAL_REPRESENTATION('',(#7913),#7917);
#7913 = LINE('',#7914,#7915);
#7914 = CARTESIAN_POINT('',(0.,-0.));
#7915 = VECTOR('',#7916,1.);
#7916 = DIRECTION('',(1.,0.));
#7917 = ( GEOMETRIC_REPRESENTATION_CONTEXT(2) 
PARAMETRIC_REPRESENTATION_CONTEXT() REPRESENTATION_CONTEXT('2D SPACE',''
  ) );
#7918 = ORIENTED_EDGE('',*,*,#7919,.T.);
#7919 = EDGE_CURVE('1_region0_Edge_50',#7892,#7920,#7922,.T.);
#7920 = VERTEX_POINT('1_region0_Vertex_34',#7921);
#7921 = CARTESIAN_POINT('',(31.79999616,-5.30999871,0.));
#7922 = SURFACE_CURVE('',#7923,(#7928,#7935),.PCURVE_S1.);
#7923 = CIRCLE('',#7924,0.2);
#7924 = AXIS2_PLACEMENT_3D('',#7925,#7926,#7927);
#7925 = CARTESIAN_POINT('',(31.99999616,-5.30999871,0.));
#7926 = DIRECTION('',(0.,-0.,1.));
#7927 = DIRECTION('',(1.,0.,0.));
#7928 = PCURVE('',#7353,#7929);
#7929 = DEFINITIONAL_REPRESENTATION('',(#7930),#7934);
#7930 = CIRCLE('',#7931,0.2);
#7931 = AXIS2_PLACEMENT_2D('',#7932,#7933);
#7932 = CARTESIAN_POINT('',(31.99999616,-5.30999871));
#7933 = DIRECTION('',(1.,0.));
#7934 = ( GEOMETRIC_REPRESENTATION_CONTEXT(2) 
PARAMETRIC_REPRESENTATION_CONTEXT() REPRESENTATION_CONTEXT('2D SPACE',''
  ) );
#7935 = PCURVE('',#7936,#7941);
#7936 = CYLINDRICAL_SURFACE('',#7937,0.2);
#7937 = AXIS2_PLACEMENT_3D('',#7938,#7939,#7940);
#7938 = CARTESIAN_POINT('',(31.99999616,-5.30999871,0.));
#7939 = DIRECTION('',(-0.,0.,-1.));
#7940 = DIRECTION('',(1.,0.,0.));
#7941 = DEFINITIONAL_REPRESENTATION('',(#7942),#7946);
#7942 = LINE('',#7943,#7944);
#7943 = CARTESIAN_POINT('',(-0.,0.));
#7944 = VECTOR('',#7945,1.);
#7945 = DIRECTION('',(-1.,0.));
#7946 = ( GEOMETRIC_REPRESENTATION_CONTEXT(2) 
PARAMETRIC_REPRESENTATION_CONTEXT() REPRESENTATION_CONTEXT('2D SPACE',''
  ) );
#7947 = ORIENTED_EDGE('',*,*,#7948,.T.);
#7948 = EDGE_CURVE('1_region0_Edge_53',#7920,#7949,#7951,.T.);
#7949 = VERTEX_POINT('1_region0_Vertex_36',#7950);
#7950 = CARTESIAN_POINT('',(31.79999616,-6.05999871,0.));
#7951 = SURFACE_CURVE('',#7952,(#7956,#7963),.PCURVE_S1.);
#7952 = LINE('',#7953,#7954);
#7953 = CARTESIAN_POINT('',(31.79999616,-5.30999871,0.));
#7954 = VECTOR('',#7955,1.);
#7955 = DIRECTION('',(0.,-1.,-0.));
#7956 = PCURVE('',#7353,#7957);
#7957 = DEFINITIONAL_REPRESENTATION('',(#7958),#7962);
#7958 = LINE('',#7959,#7960);
#7959 = CARTESIAN_POINT('',(31.79999616,-5.30999871));
#7960 = VECTOR('',#7961,1.);
#7961 = DIRECTION('',(0.,-1.));
#7962 = ( GEOMETRIC_REPRESENTATION_CONTEXT(2) 
PARAMETRIC_REPRESENTATION_CONTEXT() REPRESENTATION_CONTEXT('2D SPACE',''
  ) );
#7963 = PCURVE('',#7964,#7969);
#7964 = PLANE('',#7965);
#7965 = AXIS2_PLACEMENT_3D('',#7966,#7967,#7968);
#7966 = CARTESIAN_POINT('',(31.79999616,-5.30999871,0.));
#7967 = DIRECTION('',(1.,0.,-0.));
#7968 = DIRECTION('',(0.,-1.,0.));
#7969 = DEFINITIONAL_REPRESENTATION('',(#7970),#7974);
#7970 = LINE('',#7971,#7972);
#7971 = CARTESIAN_POINT('',(0.,0.));
#7972 = VECTOR('',#7973,1.);
#7973 = DIRECTION('',(1.,0.));
#7974 = ( GEOMETRIC_REPRESENTATION_CONTEXT(2) 
PARAMETRIC_REPRESENTATION_CONTEXT() REPRESENTATION_CONTEXT('2D SPACE',''
  ) );
#7975 = ORIENTED_EDGE('',*,*,#7976,.T.);
#7976 = EDGE_CURVE('1_region0_Edge_56',#7949,#7977,#7979,.T.);
#7977 = VERTEX_POINT('1_region0_Vertex_38',#7978);
#7978 = CARTESIAN_POINT('',(31.99999616,-6.25999871,0.));
#7979 = SURFACE_CURVE('',#7980,(#7985,#7992),.PCURVE_S1.);
#7980 = CIRCLE('',#7981,0.2);
#7981 = AXIS2_PLACEMENT_3D('',#7982,#7983,#7984);
#7982 = CARTESIAN_POINT('',(31.99999616,-6.05999871,0.));
#7983 = DIRECTION('',(0.,-0.,1.));
#7984 = DIRECTION('',(1.,0.,0.));
#7985 = PCURVE('',#7353,#7986);
#7986 = DEFINITIONAL_REPRESENTATION('',(#7987),#7991);
#7987 = CIRCLE('',#7988,0.2);
#7988 = AXIS2_PLACEMENT_2D('',#7989,#7990);
#7989 = CARTESIAN_POINT('',(31.99999616,-6.05999871));
#7990 = DIRECTION('',(1.,0.));
#7991 = ( GEOMETRIC_REPRESENTATION_CONTEXT(2) 
PARAMETRIC_REPRESENTATION_CONTEXT() REPRESENTATION_CONTEXT('2D SPACE',''
  ) );
#7992 = PCURVE('',#7993,#7998);
#7993 = CYLINDRICAL_SURFACE('',#7994,0.2);
#7994 = AXIS2_PLACEMENT_3D('',#7995,#7996,#7997);
#7995 = CARTESIAN_POINT('',(31.99999616,-6.05999871,0.));
#7996 = DIRECTION('',(-0.,0.,-1.));
#7997 = DIRECTION('',(1.,0.,0.));
#7998 = DEFINITIONAL_REPRESENTATION('',(#7999),#8003);
#7999 = LINE('',#8000,#8001);
#8000 = CARTESIAN_POINT('',(-0.,0.));
#8001 = VECTOR('',#8002,1.);
#8002 = DIRECTION('',(-1.,0.));
#8003 = ( GEOMETRIC_REPRESENTATION_CONTEXT(2) 
PARAMETRIC_REPRESENTATION_CONTEXT() REPRESENTATION_CONTEXT('2D SPACE',''
  ) );
#8004 = ORIENTED_EDGE('',*,*,#8005,.T.);
#8005 = EDGE_CURVE('1_region0_Edge_59',#7977,#8006,#8008,.T.);
#8006 = VERTEX_POINT('1_region0_Vertex_40',#8007);
#8007 = CARTESIAN_POINT('',(33.99999616,-6.25999871,0.));
#8008 = SURFACE_CURVE('',#8009,(#8013,#8020),.PCURVE_S1.);
#8009 = LINE('',#8010,#8011);
#8010 = CARTESIAN_POINT('',(31.99999616,-6.25999871,0.));
#8011 = VECTOR('',#8012,1.);
#8012 = DIRECTION('',(1.,0.,0.));
#8013 = PCURVE('',#7353,#8014);
#8014 = DEFINITIONAL_REPRESENTATION('',(#8015),#8019);
#8015 = LINE('',#8016,#8017);
#8016 = CARTESIAN_POINT('',(31.99999616,-6.25999871));
#8017 = VECTOR('',#8018,1.);
#8018 = DIRECTION('',(1.,0.));
#8019 = ( GEOMETRIC_REPRESENTATION_CONTEXT(2) 
PARAMETRIC_REPRESENTATION_CONTEXT() REPRESENTATION_CONTEXT('2D SPACE',''
  ) );
#8020 = PCURVE('',#8021,#8026);
#8021 = PLANE('',#8022);
#8022 = AXIS2_PLACEMENT_3D('',#8023,#8024,#8025);
#8023 = CARTESIAN_POINT('',(31.99999616,-6.25999871,0.));
#8024 = DIRECTION('',(0.,1.,0.));
#8025 = DIRECTION('',(1.,0.,0.));
#8026 = DEFINITIONAL_REPRESENTATION('',(#8027),#8031);
#8027 = LINE('',#8028,#8029);
#8028 = CARTESIAN_POINT('',(0.,0.));
#8029 = VECTOR('',#8030,1.);
#8030 = DIRECTION('',(1.,0.));
#8031 = ( GEOMETRIC_REPRESENTATION_CONTEXT(2) 
PARAMETRIC_REPRESENTATION_CONTEXT() REPRESENTATION_CONTEXT('2D SPACE',''
  ) );
#8032 = ORIENTED_EDGE('',*,*,#8033,.T.);
#8033 = EDGE_CURVE('1_region0_Edge_62',#8006,#8034,#8036,.T.);
#8034 = VERTEX_POINT('1_region0_Vertex_42',#8035);
#8035 = CARTESIAN_POINT('',(33.99999616,-8.10999871,0.));
#8036 = SURFACE_CURVE('',#8037,(#8041,#8048),.PCURVE_S1.);
#8037 = LINE('',#8038,#8039);
#8038 = CARTESIAN_POINT('',(33.99999616,-6.25999871,0.));
#8039 = VECTOR('',#8040,1.);
#8040 = DIRECTION('',(0.,-1.,-0.));
#8041 = PCURVE('',#7353,#8042);
#8042 = DEFINITIONAL_REPRESENTATION('',(#8043),#8047);
#8043 = LINE('',#8044,#8045);
#8044 = CARTESIAN_POINT('',(33.99999616,-6.25999871));
#8045 = VECTOR('',#8046,1.);
#8046 = DIRECTION('',(0.,-1.));
#8047 = ( GEOMETRIC_REPRESENTATION_CONTEXT(2) 
PARAMETRIC_REPRESENTATION_CONTEXT() REPRESENTATION_CONTEXT('2D SPACE',''
  ) );
#8048 = PCURVE('',#8049,#8054);
#8049 = PLANE('',#8050);
#8050 = AXIS2_PLACEMENT_3D('',#8051,#8052,#8053);
#8051 = CARTESIAN_POINT('',(33.99999616,-6.25999871,0.));
#8052 = DIRECTION('',(1.,0.,-0.));
#8053 = DIRECTION('',(0.,-1.,0.));
#8054 = DEFINITIONAL_REPRESENTATION('',(#8055),#8059);
#8055 = LINE('',#8056,#8057);
#8056 = CARTESIAN_POINT('',(0.,0.));
#8057 = VECTOR('',#8058,1.);
#8058 = DIRECTION('',(1.,0.));
#8059 = ( GEOMETRIC_REPRESENTATION_CONTEXT(2) 
PARAMETRIC_REPRESENTATION_CONTEXT() REPRESENTATION_CONTEXT('2D SPACE',''
  ) );
#8060 = ORIENTED_EDGE('',*,*,#8061,.T.);
#8061 = EDGE_CURVE('1_region0_Edge_65',#8034,#8062,#8064,.T.);
#8062 = VERTEX_POINT('1_region0_Vertex_44',#8063);
#8063 = CARTESIAN_POINT('',(32.00308975,-8.10999871,0.));
#8064 = SURFACE_CURVE('',#8065,(#8069,#8076),.PCURVE_S1.);
#8065 = LINE('',#8066,#8067);
#8066 = CARTESIAN_POINT('',(33.99999616,-8.10999871,0.));
#8067 = VECTOR('',#8068,1.);
#8068 = DIRECTION('',(-1.,0.,0.));
#8069 = PCURVE('',#7353,#8070);
#8070 = DEFINITIONAL_REPRESENTATION('',(#8071),#8075);
#8071 = LINE('',#8072,#8073);
#8072 = CARTESIAN_POINT('',(33.99999616,-8.10999871));
#8073 = VECTOR('',#8074,1.);
#8074 = DIRECTION('',(-1.,0.));
#8075 = ( GEOMETRIC_REPRESENTATION_CONTEXT(2) 
PARAMETRIC_REPRESENTATION_CONTEXT() REPRESENTATION_CONTEXT('2D SPACE',''
  ) );
#8076 = PCURVE('',#8077,#8082);
#8077 = PLANE('',#8078);
#8078 = AXIS2_PLACEMENT_3D('',#8079,#8080,#8081);
#8079 = CARTESIAN_POINT('',(33.99999616,-8.10999871,0.));
#8080 = DIRECTION('',(0.,-1.,0.));
#8081 = DIRECTION('',(-1.,0.,0.));
#8082 = DEFINITIONAL_REPRESENTATION('',(#8083),#8087);
#8083 = LINE('',#8084,#8085);
#8084 = CARTESIAN_POINT('',(0.,-0.));
#8085 = VECTOR('',#8086,1.);
#8086 = DIRECTION('',(1.,0.));
#8087 = ( GEOMETRIC_REPRESENTATION_CONTEXT(2) 
PARAMETRIC_REPRESENTATION_CONTEXT() REPRESENTATION_CONTEXT('2D SPACE',''
  ) );
#8088 = ORIENTED_EDGE('',*,*,#8089,.T.);
#8089 = EDGE_CURVE('1_region0_Edge_68',#8062,#8090,#8092,.T.);
#8090 = VERTEX_POINT('1_region0_Vertex_46',#8091);
#8091 = CARTESIAN_POINT('',(31.81515123,-8.37840274,0.));
#8092 = SURFACE_CURVE('',#8093,(#8098,#8105),.PCURVE_S1.);
#8093 = CIRCLE('',#8094,0.199999995955);
#8094 = AXIS2_PLACEMENT_3D('',#8095,#8096,#8097);
#8095 = CARTESIAN_POINT('',(32.003089747894,-8.309998705955,0.));
#8096 = DIRECTION('',(0.,-0.,1.));
#8097 = DIRECTION('',(1.,0.,0.));
#8098 = PCURVE('',#7353,#8099);
#8099 = DEFINITIONAL_REPRESENTATION('',(#8100),#8104);
#8100 = CIRCLE('',#8101,0.199999995955);
#8101 = AXIS2_PLACEMENT_2D('',#8102,#8103);
#8102 = CARTESIAN_POINT('',(32.003089747894,-8.309998705955));
#8103 = DIRECTION('',(1.,0.));
#8104 = ( GEOMETRIC_REPRESENTATION_CONTEXT(2) 
PARAMETRIC_REPRESENTATION_CONTEXT() REPRESENTATION_CONTEXT('2D SPACE',''
  ) );
#8105 = PCURVE('',#8106,#8111);
#8106 = CYLINDRICAL_SURFACE('',#8107,0.199999995955);
#8107 = AXIS2_PLACEMENT_3D('',#8108,#8109,#8110);
#8108 = CARTESIAN_POINT('',(32.003089747894,-8.309998705955,0.));
#8109 = DIRECTION('',(-0.,0.,-1.));
#8110 = DIRECTION('',(1.,0.,0.));
#8111 = DEFINITIONAL_REPRESENTATION('',(#8112),#8116);
#8112 = LINE('',#8113,#8114);
#8113 = CARTESIAN_POINT('',(-0.,0.));
#8114 = VECTOR('',#8115,1.);
#8115 = DIRECTION('',(-1.,0.));
#8116 = ( GEOMETRIC_REPRESENTATION_CONTEXT(2) 
PARAMETRIC_REPRESENTATION_CONTEXT() REPRESENTATION_CONTEXT('2D SPACE',''
  ) );
#8117 = ORIENTED_EDGE('',*,*,#8118,.T.);
#8118 = EDGE_CURVE('1_region0_Edge_71',#8090,#8119,#8121,.T.);
#8119 = VERTEX_POINT('1_region0_Vertex_48',#8120);
#8120 = CARTESIAN_POINT('',(32.077978776762,-9.100515491191,0.));
#8121 = SURFACE_CURVE('',#8122,(#8126,#8133),.PCURVE_S1.);
#8122 = LINE('',#8123,#8124);
#8123 = CARTESIAN_POINT('',(31.81515123,-8.37840274,0.));
#8124 = VECTOR('',#8125,1.);
#8125 = DIRECTION('',(0.342020142802,-0.939692620976,-0.));
#8126 = PCURVE('',#7353,#8127);
#8127 = DEFINITIONAL_REPRESENTATION('',(#8128),#8132);
#8128 = LINE('',#8129,#8130);
#8129 = CARTESIAN_POINT('',(31.81515123,-8.37840274));
#8130 = VECTOR('',#8131,1.);
#8131 = DIRECTION('',(0.342020142802,-0.939692620976));
#8132 = ( GEOMETRIC_REPRESENTATION_CONTEXT(2) 
PARAMETRIC_REPRESENTATION_CONTEXT() REPRESENTATION_CONTEXT('2D SPACE',''
  ) );
#8133 = PCURVE('',#8134,#8139);
#8134 = PLANE('',#8135);
#8135 = AXIS2_PLACEMENT_3D('',#8136,#8137,#8138);
#8136 = CARTESIAN_POINT('',(31.81515123,-8.37840274,0.));
#8137 = DIRECTION('',(0.939692620976,0.342020142802,-0.));
#8138 = DIRECTION('',(0.342020142802,-0.939692620976,0.));
#8139 = DEFINITIONAL_REPRESENTATION('',(#8140),#8144);
#8140 = LINE('',#8141,#8142);
#8141 = CARTESIAN_POINT('',(0.,0.));
#8142 = VECTOR('',#8143,1.);
#8143 = DIRECTION('',(1.,0.));
#8144 = ( GEOMETRIC_REPRESENTATION_CONTEXT(2) 
PARAMETRIC_REPRESENTATION_CONTEXT() REPRESENTATION_CONTEXT('2D SPACE',''
  ) );
#8145 = ORIENTED_EDGE('',*,*,#8146,.T.);
#8146 = EDGE_CURVE('1_region0_Edge_74',#8119,#8147,#8149,.T.);
#8147 = VERTEX_POINT('1_region0_Vertex_50',#8148);
#8148 = CARTESIAN_POINT('',(32.303369920608,-9.22857342333,0.));
#8149 = SURFACE_CURVE('',#8150,(#8155,#8162),.PCURVE_S1.);
#8150 = CIRCLE('',#8151,0.200000009572);
#8151 = AXIS2_PLACEMENT_3D('',#8152,#8153,#8154);
#8152 = CARTESIAN_POINT('',(32.265917307791,-9.032111453417,0.));
#8153 = DIRECTION('',(0.,-0.,1.));
#8154 = DIRECTION('',(1.,0.,0.));
#8155 = PCURVE('',#7353,#8156);
#8156 = DEFINITIONAL_REPRESENTATION('',(#8157),#8161);
#8157 = CIRCLE('',#8158,0.200000009572);
#8158 = AXIS2_PLACEMENT_2D('',#8159,#8160);
#8159 = CARTESIAN_POINT('',(32.265917307791,-9.032111453417));
#8160 = DIRECTION('',(1.,0.));
#8161 = ( GEOMETRIC_REPRESENTATION_CONTEXT(2) 
PARAMETRIC_REPRESENTATION_CONTEXT() REPRESENTATION_CONTEXT('2D SPACE',''
  ) );
#8162 = PCURVE('',#8163,#8168);
#8163 = CYLINDRICAL_SURFACE('',#8164,0.200000009572);
#8164 = AXIS2_PLACEMENT_3D('',#8165,#8166,#8167);
#8165 = CARTESIAN_POINT('',(32.265917307791,-9.032111453417,0.));
#8166 = DIRECTION('',(-0.,0.,-1.));
#8167 = DIRECTION('',(1.,0.,0.));
#8168 = DEFINITIONAL_REPRESENTATION('',(#8169),#8173);
#8169 = LINE('',#8170,#8171);
#8170 = CARTESIAN_POINT('',(-0.,0.));
#8171 = VECTOR('',#8172,1.);
#8172 = DIRECTION('',(-1.,0.));
#8173 = ( GEOMETRIC_REPRESENTATION_CONTEXT(2) 
PARAMETRIC_REPRESENTATION_CONTEXT() REPRESENTATION_CONTEXT('2D SPACE',''
  ) );
#8174 = ORIENTED_EDGE('',*,*,#8175,.F.);
#8175 = EDGE_CURVE('1_region0_Edge_77',#8176,#8147,#8178,.T.);
#8176 = VERTEX_POINT('1_region0_Vertex_52',#8177);
#8177 = CARTESIAN_POINT('',(31.450096749401,-10.24546478998,0.));
#8178 = SURFACE_CURVE('',#8179,(#8184,#8191),.PCURVE_S1.);
#8179 = CIRCLE('',#8180,1.050000000967);
#8180 = AXIS2_PLACEMENT_3D('',#8181,#8182,#8183);
#8181 = CARTESIAN_POINT('',(32.499996157515,-10.25999871145,0.));
#8182 = DIRECTION('',(0.,-0.,1.));
#8183 = DIRECTION('',(1.,0.,0.));
#8184 = PCURVE('',#7353,#8185);
#8185 = DEFINITIONAL_REPRESENTATION('',(#8186),#8190);
#8186 = CIRCLE('',#8187,1.050000000967);
#8187 = AXIS2_PLACEMENT_2D('',#8188,#8189);
#8188 = CARTESIAN_POINT('',(32.499996157515,-10.25999871145));
#8189 = DIRECTION('',(1.,0.));
#8190 = ( GEOMETRIC_REPRESENTATION_CONTEXT(2) 
PARAMETRIC_REPRESENTATION_CONTEXT() REPRESENTATION_CONTEXT('2D SPACE',''
  ) );
#8191 = PCURVE('',#8192,#8197);
#8192 = CYLINDRICAL_SURFACE('',#8193,1.050000000967);
#8193 = AXIS2_PLACEMENT_3D('',#8194,#8195,#8196);
#8194 = CARTESIAN_POINT('',(32.499996157515,-10.25999871145,0.));
#8195 = DIRECTION('',(-0.,0.,-1.));
#8196 = DIRECTION('',(1.,0.,0.));
#8197 = DEFINITIONAL_REPRESENTATION('',(#8198),#8202);
#8198 = LINE('',#8199,#8200);
#8199 = CARTESIAN_POINT('',(-0.,0.));
#8200 = VECTOR('',#8201,1.);
#8201 = DIRECTION('',(-1.,0.));
#8202 = ( GEOMETRIC_REPRESENTATION_CONTEXT(2) 
PARAMETRIC_REPRESENTATION_CONTEXT() REPRESENTATION_CONTEXT('2D SPACE',''
  ) );
#8203 = ORIENTED_EDGE('',*,*,#8204,.T.);
#8204 = EDGE_CURVE('1_region0_Edge_80',#8176,#8205,#8207,.T.);
#8205 = VERTEX_POINT('1_region0_Vertex_54',#8206);
#8206 = CARTESIAN_POINT('',(31.28484554,-10.04573487,0.));
#8207 = SURFACE_CURVE('',#8208,(#8213,#8220),.PCURVE_S1.);
#8208 = CIRCLE('',#8209,0.199999996741);
#8209 = AXIS2_PLACEMENT_3D('',#8210,#8211,#8212);
#8210 = CARTESIAN_POINT('',(31.250115913276,-10.24269641884,0.));
#8211 = DIRECTION('',(0.,-0.,1.));
#8212 = DIRECTION('',(1.,0.,0.));
#8213 = PCURVE('',#7353,#8214);
#8214 = DEFINITIONAL_REPRESENTATION('',(#8215),#8219);
#8215 = CIRCLE('',#8216,0.199999996741);
#8216 = AXIS2_PLACEMENT_2D('',#8217,#8218);
#8217 = CARTESIAN_POINT('',(31.250115913276,-10.24269641884));
#8218 = DIRECTION('',(1.,0.));
#8219 = ( GEOMETRIC_REPRESENTATION_CONTEXT(2) 
PARAMETRIC_REPRESENTATION_CONTEXT() REPRESENTATION_CONTEXT('2D SPACE',''
  ) );
#8220 = PCURVE('',#8221,#8226);
#8221 = CYLINDRICAL_SURFACE('',#8222,0.199999996741);
#8222 = AXIS2_PLACEMENT_3D('',#8223,#8224,#8225);
#8223 = CARTESIAN_POINT('',(31.250115913276,-10.24269641884,0.));
#8224 = DIRECTION('',(-0.,0.,-1.));
#8225 = DIRECTION('',(1.,0.,0.));
#8226 = DEFINITIONAL_REPRESENTATION('',(#8227),#8231);
#8227 = LINE('',#8228,#8229);
#8228 = CARTESIAN_POINT('',(-0.,0.));
#8229 = VECTOR('',#8230,1.);
#8230 = DIRECTION('',(-1.,0.));
#8231 = ( GEOMETRIC_REPRESENTATION_CONTEXT(2) 
PARAMETRIC_REPRESENTATION_CONTEXT() REPRESENTATION_CONTEXT('2D SPACE',''
  ) );
#8232 = ORIENTED_EDGE('',*,*,#8233,.T.);
#8233 = EDGE_CURVE('1_region0_Edge_83',#8205,#8234,#8236,.T.);
#8234 = VERTEX_POINT('1_region0_Vertex_56',#8235);
#8235 = CARTESIAN_POINT('',(30.584725790274,-9.92228486847,0.));
#8236 = SURFACE_CURVE('',#8237,(#8241,#8248),.PCURVE_S1.);
#8237 = LINE('',#8238,#8239);
#8238 = CARTESIAN_POINT('',(31.28484554,-10.04573487,0.));
#8239 = VECTOR('',#8240,1.);
#8240 = DIRECTION('',(-0.98480775303,0.173648177566,0.));
#8241 = PCURVE('',#7353,#8242);
#8242 = DEFINITIONAL_REPRESENTATION('',(#8243),#8247);
#8243 = LINE('',#8244,#8245);
#8244 = CARTESIAN_POINT('',(31.28484554,-10.04573487));
#8245 = VECTOR('',#8246,1.);
#8246 = DIRECTION('',(-0.98480775303,0.173648177566));
#8247 = ( GEOMETRIC_REPRESENTATION_CONTEXT(2) 
PARAMETRIC_REPRESENTATION_CONTEXT() REPRESENTATION_CONTEXT('2D SPACE',''
  ) );
#8248 = PCURVE('',#8249,#8254);
#8249 = PLANE('',#8250);
#8250 = AXIS2_PLACEMENT_3D('',#8251,#8252,#8253);
#8251 = CARTESIAN_POINT('',(31.28484554,-10.04573487,0.));
#8252 = DIRECTION('',(-0.173648177566,-0.98480775303,0.));
#8253 = DIRECTION('',(-0.98480775303,0.173648177566,0.));
#8254 = DEFINITIONAL_REPRESENTATION('',(#8255),#8259);
#8255 = LINE('',#8256,#8257);
#8256 = CARTESIAN_POINT('',(0.,0.));
#8257 = VECTOR('',#8258,1.);
#8258 = DIRECTION('',(1.,0.));
#8259 = ( GEOMETRIC_REPRESENTATION_CONTEXT(2) 
PARAMETRIC_REPRESENTATION_CONTEXT() REPRESENTATION_CONTEXT('2D SPACE',''
  ) );
#8260 = ORIENTED_EDGE('',*,*,#8261,.T.);
#8261 = EDGE_CURVE('1_region0_Edge_86',#8234,#8262,#8264,.T.);
#8262 = VERTEX_POINT('1_region0_Vertex_58',#8263);
#8263 = CARTESIAN_POINT('',(30.34999616,-10.11924642,0.));
#8264 = SURFACE_CURVE('',#8265,(#8270,#8277),.PCURVE_S1.);
#8265 = CIRCLE('',#8266,0.2);
#8266 = AXIS2_PLACEMENT_3D('',#8267,#8268,#8269);
#8267 = CARTESIAN_POINT('',(30.54999616,-10.11924642,0.));
#8268 = DIRECTION('',(0.,-0.,1.));
#8269 = DIRECTION('',(1.,0.,0.));
#8270 = PCURVE('',#7353,#8271);
#8271 = DEFINITIONAL_REPRESENTATION('',(#8272),#8276);
#8272 = CIRCLE('',#8273,0.2);
#8273 = AXIS2_PLACEMENT_2D('',#8274,#8275);
#8274 = CARTESIAN_POINT('',(30.54999616,-10.11924642));
#8275 = DIRECTION('',(1.,0.));
#8276 = ( GEOMETRIC_REPRESENTATION_CONTEXT(2) 
PARAMETRIC_REPRESENTATION_CONTEXT() REPRESENTATION_CONTEXT('2D SPACE',''
  ) );
#8277 = PCURVE('',#8278,#8283);
#8278 = CYLINDRICAL_SURFACE('',#8279,0.2);
#8279 = AXIS2_PLACEMENT_3D('',#8280,#8281,#8282);
#8280 = CARTESIAN_POINT('',(30.54999616,-10.11924642,0.));
#8281 = DIRECTION('',(-0.,0.,-1.));
#8282 = DIRECTION('',(1.,0.,0.));
#8283 = DEFINITIONAL_REPRESENTATION('',(#8284),#8288);
#8284 = LINE('',#8285,#8286);
#8285 = CARTESIAN_POINT('',(-0.,0.));
#8286 = VECTOR('',#8287,1.);
#8287 = DIRECTION('',(-1.,0.));
#8288 = ( GEOMETRIC_REPRESENTATION_CONTEXT(2) 
PARAMETRIC_REPRESENTATION_CONTEXT() REPRESENTATION_CONTEXT('2D SPACE',''
  ) );
#8289 = ORIENTED_EDGE('',*,*,#8290,.T.);
#8290 = EDGE_CURVE('1_region0_Edge_89',#8262,#8291,#8293,.T.);
#8291 = VERTEX_POINT('1_region0_Vertex_60',#8292);
#8292 = CARTESIAN_POINT('',(30.34999616,-11.95999871,0.));
#8293 = SURFACE_CURVE('',#8294,(#8298,#8305),.PCURVE_S1.);
#8294 = LINE('',#8295,#8296);
#8295 = CARTESIAN_POINT('',(30.34999616,-10.11924642,0.));
#8296 = VECTOR('',#8297,1.);
#8297 = DIRECTION('',(0.,-1.,-0.));
#8298 = PCURVE('',#7353,#8299);
#8299 = DEFINITIONAL_REPRESENTATION('',(#8300),#8304);
#8300 = LINE('',#8301,#8302);
#8301 = CARTESIAN_POINT('',(30.34999616,-10.11924642));
#8302 = VECTOR('',#8303,1.);
#8303 = DIRECTION('',(0.,-1.));
#8304 = ( GEOMETRIC_REPRESENTATION_CONTEXT(2) 
PARAMETRIC_REPRESENTATION_CONTEXT() REPRESENTATION_CONTEXT('2D SPACE',''
  ) );
#8305 = PCURVE('',#8306,#8311);
#8306 = PLANE('',#8307);
#8307 = AXIS2_PLACEMENT_3D('',#8308,#8309,#8310);
#8308 = CARTESIAN_POINT('',(30.34999616,-10.11924642,0.));
#8309 = DIRECTION('',(1.,0.,-0.));
#8310 = DIRECTION('',(0.,-1.,0.));
#8311 = DEFINITIONAL_REPRESENTATION('',(#8312),#8316);
#8312 = LINE('',#8313,#8314);
#8313 = CARTESIAN_POINT('',(0.,0.));
#8314 = VECTOR('',#8315,1.);
#8315 = DIRECTION('',(1.,0.));
#8316 = ( GEOMETRIC_REPRESENTATION_CONTEXT(2) 
PARAMETRIC_REPRESENTATION_CONTEXT() REPRESENTATION_CONTEXT('2D SPACE',''
  ) );
#8317 = ORIENTED_EDGE('',*,*,#8318,.T.);
#8318 = EDGE_CURVE('1_region0_Edge_92',#8291,#8319,#8321,.T.);
#8319 = VERTEX_POINT('1_region0_Vertex_62',#8320);
#8320 = CARTESIAN_POINT('',(-30.35000384,-11.95999871,0.));
#8321 = SURFACE_CURVE('',#8322,(#8326,#8333),.PCURVE_S1.);
#8322 = LINE('',#8323,#8324);
#8323 = CARTESIAN_POINT('',(30.34999616,-11.95999871,0.));
#8324 = VECTOR('',#8325,1.);
#8325 = DIRECTION('',(-1.,0.,0.));
#8326 = PCURVE('',#7353,#8327);
#8327 = DEFINITIONAL_REPRESENTATION('',(#8328),#8332);
#8328 = LINE('',#8329,#8330);
#8329 = CARTESIAN_POINT('',(30.34999616,-11.95999871));
#8330 = VECTOR('',#8331,1.);
#8331 = DIRECTION('',(-1.,0.));
#8332 = ( GEOMETRIC_REPRESENTATION_CONTEXT(2) 
PARAMETRIC_REPRESENTATION_CONTEXT() REPRESENTATION_CONTEXT('2D SPACE',''
  ) );
#8333 = PCURVE('',#8334,#8339);
#8334 = PLANE('',#8335);
#8335 = AXIS2_PLACEMENT_3D('',#8336,#8337,#8338);
#8336 = CARTESIAN_POINT('',(30.34999616,-11.95999871,0.));
#8337 = DIRECTION('',(0.,-1.,0.));
#8338 = DIRECTION('',(-1.,0.,0.));
#8339 = DEFINITIONAL_REPRESENTATION('',(#8340),#8344);
#8340 = LINE('',#8341,#8342);
#8341 = CARTESIAN_POINT('',(0.,-0.));
#8342 = VECTOR('',#8343,1.);
#8343 = DIRECTION('',(1.,0.));
#8344 = ( GEOMETRIC_REPRESENTATION_CONTEXT(2) 
PARAMETRIC_REPRESENTATION_CONTEXT() REPRESENTATION_CONTEXT('2D SPACE',''
  ) );
#8345 = ORIENTED_EDGE('',*,*,#8346,.T.);
#8346 = EDGE_CURVE('1_region0_Edge_95',#8319,#8347,#8349,.T.);
#8347 = VERTEX_POINT('1_region0_Vertex_64',#8348);
#8348 = CARTESIAN_POINT('',(-30.35000384,-10.11924642,0.));
#8349 = SURFACE_CURVE('',#8350,(#8354,#8361),.PCURVE_S1.);
#8350 = LINE('',#8351,#8352);
#8351 = CARTESIAN_POINT('',(-30.35000384,-11.95999871,0.));
#8352 = VECTOR('',#8353,1.);
#8353 = DIRECTION('',(0.,1.,0.));
#8354 = PCURVE('',#7353,#8355);
#8355 = DEFINITIONAL_REPRESENTATION('',(#8356),#8360);
#8356 = LINE('',#8357,#8358);
#8357 = CARTESIAN_POINT('',(-30.35000384,-11.95999871));
#8358 = VECTOR('',#8359,1.);
#8359 = DIRECTION('',(0.,1.));
#8360 = ( GEOMETRIC_REPRESENTATION_CONTEXT(2) 
PARAMETRIC_REPRESENTATION_CONTEXT() REPRESENTATION_CONTEXT('2D SPACE',''
  ) );
#8361 = PCURVE('',#8362,#8367);
#8362 = PLANE('',#8363);
#8363 = AXIS2_PLACEMENT_3D('',#8364,#8365,#8366);
#8364 = CARTESIAN_POINT('',(-30.35000384,-11.95999871,0.));
#8365 = DIRECTION('',(-1.,0.,0.));
#8366 = DIRECTION('',(0.,1.,0.));
#8367 = DEFINITIONAL_REPRESENTATION('',(#8368),#8372);
#8368 = LINE('',#8369,#8370);
#8369 = CARTESIAN_POINT('',(0.,0.));
#8370 = VECTOR('',#8371,1.);
#8371 = DIRECTION('',(1.,0.));
#8372 = ( GEOMETRIC_REPRESENTATION_CONTEXT(2) 
PARAMETRIC_REPRESENTATION_CONTEXT() REPRESENTATION_CONTEXT('2D SPACE',''
  ) );
#8373 = ORIENTED_EDGE('',*,*,#8374,.T.);
#8374 = EDGE_CURVE('1_region0_Edge_98',#8347,#8375,#8377,.T.);
#8375 = VERTEX_POINT('1_region0_Vertex_66',#8376);
#8376 = CARTESIAN_POINT('',(-30.58473348,-9.92228487,0.));
#8377 = SURFACE_CURVE('',#8378,(#8383,#8390),.PCURVE_S1.);
#8378 = CIRCLE('',#8379,0.200000000255);
#8379 = AXIS2_PLACEMENT_3D('',#8380,#8381,#8382);
#8380 = CARTESIAN_POINT('',(-30.55000384025,-10.11924642011,0.));
#8381 = DIRECTION('',(0.,-0.,1.));
#8382 = DIRECTION('',(1.,0.,0.));
#8383 = PCURVE('',#7353,#8384);
#8384 = DEFINITIONAL_REPRESENTATION('',(#8385),#8389);
#8385 = CIRCLE('',#8386,0.200000000255);
#8386 = AXIS2_PLACEMENT_2D('',#8387,#8388);
#8387 = CARTESIAN_POINT('',(-30.55000384025,-10.11924642011));
#8388 = DIRECTION('',(1.,0.));
#8389 = ( GEOMETRIC_REPRESENTATION_CONTEXT(2) 
PARAMETRIC_REPRESENTATION_CONTEXT() REPRESENTATION_CONTEXT('2D SPACE',''
  ) );
#8390 = PCURVE('',#8391,#8396);
#8391 = CYLINDRICAL_SURFACE('',#8392,0.200000000255);
#8392 = AXIS2_PLACEMENT_3D('',#8393,#8394,#8395);
#8393 = CARTESIAN_POINT('',(-30.55000384025,-10.11924642011,0.));
#8394 = DIRECTION('',(-0.,0.,-1.));
#8395 = DIRECTION('',(1.,0.,0.));
#8396 = DEFINITIONAL_REPRESENTATION('',(#8397),#8401);
#8397 = LINE('',#8398,#8399);
#8398 = CARTESIAN_POINT('',(-0.,0.));
#8399 = VECTOR('',#8400,1.);
#8400 = DIRECTION('',(-1.,0.));
#8401 = ( GEOMETRIC_REPRESENTATION_CONTEXT(2) 
PARAMETRIC_REPRESENTATION_CONTEXT() REPRESENTATION_CONTEXT('2D SPACE',''
  ) );
#8402 = ORIENTED_EDGE('',*,*,#8403,.T.);
#8403 = EDGE_CURVE('1_region0_Edge_101',#8375,#8404,#8406,.T.);
#8404 = VERTEX_POINT('1_region0_Vertex_68',#8405);
#8405 = CARTESIAN_POINT('',(-31.28485323027,-10.04573486847,0.));
#8406 = SURFACE_CURVE('',#8407,(#8411,#8418),.PCURVE_S1.);
#8407 = LINE('',#8408,#8409);
#8408 = CARTESIAN_POINT('',(-30.58473348,-9.92228487,0.));
#8409 = VECTOR('',#8410,1.);
#8410 = DIRECTION('',(-0.984807753789,-0.173648173261,0.));
#8411 = PCURVE('',#7353,#8412);
#8412 = DEFINITIONAL_REPRESENTATION('',(#8413),#8417);
#8413 = LINE('',#8414,#8415);
#8414 = CARTESIAN_POINT('',(-30.58473348,-9.92228487));
#8415 = VECTOR('',#8416,1.);
#8416 = DIRECTION('',(-0.984807753789,-0.173648173261));
#8417 = ( GEOMETRIC_REPRESENTATION_CONTEXT(2) 
PARAMETRIC_REPRESENTATION_CONTEXT() REPRESENTATION_CONTEXT('2D SPACE',''
  ) );
#8418 = PCURVE('',#8419,#8424);
#8419 = PLANE('',#8420);
#8420 = AXIS2_PLACEMENT_3D('',#8421,#8422,#8423);
#8421 = CARTESIAN_POINT('',(-30.58473348,-9.92228487,0.));
#8422 = DIRECTION('',(0.173648173261,-0.984807753789,0.));
#8423 = DIRECTION('',(-0.984807753789,-0.173648173261,0.));
#8424 = DEFINITIONAL_REPRESENTATION('',(#8425),#8429);
#8425 = LINE('',#8426,#8427);
#8426 = CARTESIAN_POINT('',(0.,0.));
#8427 = VECTOR('',#8428,1.);
#8428 = DIRECTION('',(1.,0.));
#8429 = ( GEOMETRIC_REPRESENTATION_CONTEXT(2) 
PARAMETRIC_REPRESENTATION_CONTEXT() REPRESENTATION_CONTEXT('2D SPACE',''
  ) );
#8430 = ORIENTED_EDGE('',*,*,#8431,.T.);
#8431 = EDGE_CURVE('1_region0_Edge_104',#8404,#8432,#8434,.T.);
#8432 = VERTEX_POINT('1_region0_Vertex_70',#8433);
#8433 = CARTESIAN_POINT('',(-31.45010443283,-10.24546479009,0.));
#8434 = SURFACE_CURVE('',#8435,(#8440,#8447),.PCURVE_S1.);
#8435 = CIRCLE('',#8436,0.199999986228);
#8436 = AXIS2_PLACEMENT_3D('',#8437,#8438,#8439);
#8437 = CARTESIAN_POINT('',(-31.25012360738,-10.24269640731,0.));
#8438 = DIRECTION('',(0.,-0.,1.));
#8439 = DIRECTION('',(1.,0.,0.));
#8440 = PCURVE('',#7353,#8441);
#8441 = DEFINITIONAL_REPRESENTATION('',(#8442),#8446);
#8442 = CIRCLE('',#8443,0.199999986228);
#8443 = AXIS2_PLACEMENT_2D('',#8444,#8445);
#8444 = CARTESIAN_POINT('',(-31.25012360738,-10.24269640731));
#8445 = DIRECTION('',(1.,0.));
#8446 = ( GEOMETRIC_REPRESENTATION_CONTEXT(2) 
PARAMETRIC_REPRESENTATION_CONTEXT() REPRESENTATION_CONTEXT('2D SPACE',''
  ) );
#8447 = PCURVE('',#8448,#8453);
#8448 = CYLINDRICAL_SURFACE('',#8449,0.199999986228);
#8449 = AXIS2_PLACEMENT_3D('',#8450,#8451,#8452);
#8450 = CARTESIAN_POINT('',(-31.25012360738,-10.24269640731,0.));
#8451 = DIRECTION('',(-0.,0.,-1.));
#8452 = DIRECTION('',(1.,0.,0.));
#8453 = DEFINITIONAL_REPRESENTATION('',(#8454),#8458);
#8454 = LINE('',#8455,#8456);
#8455 = CARTESIAN_POINT('',(-0.,0.));
#8456 = VECTOR('',#8457,1.);
#8457 = DIRECTION('',(-1.,0.));
#8458 = ( GEOMETRIC_REPRESENTATION_CONTEXT(2) 
PARAMETRIC_REPRESENTATION_CONTEXT() REPRESENTATION_CONTEXT('2D SPACE',''
  ) );
#8459 = ORIENTED_EDGE('',*,*,#8460,.F.);
#8460 = EDGE_CURVE('1_region0_Edge_107',#8461,#8432,#8463,.T.);
#8461 = VERTEX_POINT('1_region0_Vertex_72',#8462);
#8462 = CARTESIAN_POINT('',(-32.30337760977,-9.228573418843,0.));
#8463 = SURFACE_CURVE('',#8464,(#8469,#8476),.PCURVE_S1.);
#8464 = CIRCLE('',#8465,1.050000000758);
#8465 = AXIS2_PLACEMENT_3D('',#8466,#8467,#8468);
#8466 = CARTESIAN_POINT('',(-32.50000384078,-10.25999870788,0.));
#8467 = DIRECTION('',(0.,-0.,1.));
#8468 = DIRECTION('',(1.,0.,0.));
#8469 = PCURVE('',#7353,#8470);
#8470 = DEFINITIONAL_REPRESENTATION('',(#8471),#8475);
#8471 = CIRCLE('',#8472,1.050000000758);
#8472 = AXIS2_PLACEMENT_2D('',#8473,#8474);
#8473 = CARTESIAN_POINT('',(-32.50000384078,-10.25999870788));
#8474 = DIRECTION('',(1.,0.));
#8475 = ( GEOMETRIC_REPRESENTATION_CONTEXT(2) 
PARAMETRIC_REPRESENTATION_CONTEXT() REPRESENTATION_CONTEXT('2D SPACE',''
  ) );
#8476 = PCURVE('',#8477,#8482);
#8477 = CYLINDRICAL_SURFACE('',#8478,1.050000000758);
#8478 = AXIS2_PLACEMENT_3D('',#8479,#8480,#8481);
#8479 = CARTESIAN_POINT('',(-32.50000384078,-10.25999870788,0.));
#8480 = DIRECTION('',(-0.,0.,-1.));
#8481 = DIRECTION('',(1.,0.,0.));
#8482 = DEFINITIONAL_REPRESENTATION('',(#8483),#8487);
#8483 = LINE('',#8484,#8485);
#8484 = CARTESIAN_POINT('',(-0.,0.));
#8485 = VECTOR('',#8486,1.);
#8486 = DIRECTION('',(-1.,0.));
#8487 = ( GEOMETRIC_REPRESENTATION_CONTEXT(2) 
PARAMETRIC_REPRESENTATION_CONTEXT() REPRESENTATION_CONTEXT('2D SPACE',''
  ) );
#8488 = ORIENTED_EDGE('',*,*,#8489,.T.);
#8489 = EDGE_CURVE('1_region0_Edge_110',#8461,#8490,#8492,.T.);
#8490 = VERTEX_POINT('1_region0_Vertex_74',#8491);
#8491 = CARTESIAN_POINT('',(-32.07798647,-9.10051549,0.));
#8492 = SURFACE_CURVE('',#8493,(#8498,#8505),.PCURVE_S1.);
#8493 = CIRCLE('',#8494,0.199999992765);
#8494 = AXIS2_PLACEMENT_3D('',#8495,#8496,#8497);
#8495 = CARTESIAN_POINT('',(-32.26592498874,-9.032111467605,0.));
#8496 = DIRECTION('',(0.,-0.,1.));
#8497 = DIRECTION('',(1.,0.,0.));
#8498 = PCURVE('',#7353,#8499);
#8499 = DEFINITIONAL_REPRESENTATION('',(#8500),#8504);
#8500 = CIRCLE('',#8501,0.199999992765);
#8501 = AXIS2_PLACEMENT_2D('',#8502,#8503);
#8502 = CARTESIAN_POINT('',(-32.26592498874,-9.032111467605));
#8503 = DIRECTION('',(1.,0.));
#8504 = ( GEOMETRIC_REPRESENTATION_CONTEXT(2) 
PARAMETRIC_REPRESENTATION_CONTEXT() REPRESENTATION_CONTEXT('2D SPACE',''
  ) );
#8505 = PCURVE('',#8506,#8511);
#8506 = CYLINDRICAL_SURFACE('',#8507,0.199999992765);
#8507 = AXIS2_PLACEMENT_3D('',#8508,#8509,#8510);
#8508 = CARTESIAN_POINT('',(-32.26592498874,-9.032111467605,0.));
#8509 = DIRECTION('',(-0.,0.,-1.));
#8510 = DIRECTION('',(1.,0.,0.));
#8511 = DEFINITIONAL_REPRESENTATION('',(#8512),#8516);
#8512 = LINE('',#8513,#8514);
#8513 = CARTESIAN_POINT('',(-0.,0.));
#8514 = VECTOR('',#8515,1.);
#8515 = DIRECTION('',(-1.,0.));
#8516 = ( GEOMETRIC_REPRESENTATION_CONTEXT(2) 
PARAMETRIC_REPRESENTATION_CONTEXT() REPRESENTATION_CONTEXT('2D SPACE',''
  ) );
#8517 = ORIENTED_EDGE('',*,*,#8518,.T.);
#8518 = EDGE_CURVE('1_region0_Edge_113',#8490,#8519,#8521,.T.);
#8519 = VERTEX_POINT('1_region0_Vertex_76',#8520);
#8520 = CARTESIAN_POINT('',(-31.81515891676,-8.378402741191,0.));
#8521 = SURFACE_CURVE('',#8522,(#8526,#8533),.PCURVE_S1.);
#8522 = LINE('',#8523,#8524);
#8523 = CARTESIAN_POINT('',(-32.07798647,-9.10051549,0.));
#8524 = VECTOR('',#8525,1.);
#8525 = DIRECTION('',(0.34202015124,0.939692617905,0.));
#8526 = PCURVE('',#7353,#8527);
#8527 = DEFINITIONAL_REPRESENTATION('',(#8528),#8532);
#8528 = LINE('',#8529,#8530);
#8529 = CARTESIAN_POINT('',(-32.07798647,-9.10051549));
#8530 = VECTOR('',#8531,1.);
#8531 = DIRECTION('',(0.34202015124,0.939692617905));
#8532 = ( GEOMETRIC_REPRESENTATION_CONTEXT(2) 
PARAMETRIC_REPRESENTATION_CONTEXT() REPRESENTATION_CONTEXT('2D SPACE',''
  ) );
#8533 = PCURVE('',#8534,#8539);
#8534 = PLANE('',#8535);
#8535 = AXIS2_PLACEMENT_3D('',#8536,#8537,#8538);
#8536 = CARTESIAN_POINT('',(-32.07798647,-9.10051549,0.));
#8537 = DIRECTION('',(-0.939692617905,0.34202015124,0.));
#8538 = DIRECTION('',(0.34202015124,0.939692617905,0.));
#8539 = DEFINITIONAL_REPRESENTATION('',(#8540),#8544);
#8540 = LINE('',#8541,#8542);
#8541 = CARTESIAN_POINT('',(0.,0.));
#8542 = VECTOR('',#8543,1.);
#8543 = DIRECTION('',(1.,0.));
#8544 = ( GEOMETRIC_REPRESENTATION_CONTEXT(2) 
PARAMETRIC_REPRESENTATION_CONTEXT() REPRESENTATION_CONTEXT('2D SPACE',''
  ) );
#8545 = ORIENTED_EDGE('',*,*,#8546,.T.);
#8546 = EDGE_CURVE('1_region0_Edge_116',#8519,#8547,#8549,.T.);
#8547 = VERTEX_POINT('1_region0_Vertex_78',#8548);
#8548 = CARTESIAN_POINT('',(-32.00309744,-8.10999871,0.));
#8549 = SURFACE_CURVE('',#8550,(#8555,#8562),.PCURVE_S1.);
#8550 = CIRCLE('',#8551,0.2);
#8551 = AXIS2_PLACEMENT_3D('',#8552,#8553,#8554);
#8552 = CARTESIAN_POINT('',(-32.00309744,-8.30999871,0.));
#8553 = DIRECTION('',(0.,-0.,1.));
#8554 = DIRECTION('',(1.,0.,0.));
#8555 = PCURVE('',#7353,#8556);
#8556 = DEFINITIONAL_REPRESENTATION('',(#8557),#8561);
#8557 = CIRCLE('',#8558,0.2);
#8558 = AXIS2_PLACEMENT_2D('',#8559,#8560);
#8559 = CARTESIAN_POINT('',(-32.00309744,-8.30999871));
#8560 = DIRECTION('',(1.,0.));
#8561 = ( GEOMETRIC_REPRESENTATION_CONTEXT(2) 
PARAMETRIC_REPRESENTATION_CONTEXT() REPRESENTATION_CONTEXT('2D SPACE',''
  ) );
#8562 = PCURVE('',#8563,#8568);
#8563 = CYLINDRICAL_SURFACE('',#8564,0.2);
#8564 = AXIS2_PLACEMENT_3D('',#8565,#8566,#8567);
#8565 = CARTESIAN_POINT('',(-32.00309744,-8.30999871,0.));
#8566 = DIRECTION('',(-0.,0.,-1.));
#8567 = DIRECTION('',(1.,0.,0.));
#8568 = DEFINITIONAL_REPRESENTATION('',(#8569),#8573);
#8569 = LINE('',#8570,#8571);
#8570 = CARTESIAN_POINT('',(-0.,0.));
#8571 = VECTOR('',#8572,1.);
#8572 = DIRECTION('',(-1.,0.));
#8573 = ( GEOMETRIC_REPRESENTATION_CONTEXT(2) 
PARAMETRIC_REPRESENTATION_CONTEXT() REPRESENTATION_CONTEXT('2D SPACE',''
  ) );
#8574 = ORIENTED_EDGE('',*,*,#8575,.T.);
#8575 = EDGE_CURVE('1_region0_Edge_119',#8547,#8576,#8578,.T.);
#8576 = VERTEX_POINT('1_region0_Vertex_80',#8577);
#8577 = CARTESIAN_POINT('',(-34.00000384,-8.10999871,0.));
#8578 = SURFACE_CURVE('',#8579,(#8583,#8590),.PCURVE_S1.);
#8579 = LINE('',#8580,#8581);
#8580 = CARTESIAN_POINT('',(-32.00309744,-8.10999871,0.));
#8581 = VECTOR('',#8582,1.);
#8582 = DIRECTION('',(-1.,0.,0.));
#8583 = PCURVE('',#7353,#8584);
#8584 = DEFINITIONAL_REPRESENTATION('',(#8585),#8589);
#8585 = LINE('',#8586,#8587);
#8586 = CARTESIAN_POINT('',(-32.00309744,-8.10999871));
#8587 = VECTOR('',#8588,1.);
#8588 = DIRECTION('',(-1.,0.));
#8589 = ( GEOMETRIC_REPRESENTATION_CONTEXT(2) 
PARAMETRIC_REPRESENTATION_CONTEXT() REPRESENTATION_CONTEXT('2D SPACE',''
  ) );
#8590 = PCURVE('',#8591,#8596);
#8591 = PLANE('',#8592);
#8592 = AXIS2_PLACEMENT_3D('',#8593,#8594,#8595);
#8593 = CARTESIAN_POINT('',(-32.00309744,-8.10999871,0.));
#8594 = DIRECTION('',(0.,-1.,0.));
#8595 = DIRECTION('',(-1.,0.,0.));
#8596 = DEFINITIONAL_REPRESENTATION('',(#8597),#8601);
#8597 = LINE('',#8598,#8599);
#8598 = CARTESIAN_POINT('',(0.,-0.));
#8599 = VECTOR('',#8600,1.);
#8600 = DIRECTION('',(1.,0.));
#8601 = ( GEOMETRIC_REPRESENTATION_CONTEXT(2) 
PARAMETRIC_REPRESENTATION_CONTEXT() REPRESENTATION_CONTEXT('2D SPACE',''
  ) );
#8602 = ORIENTED_EDGE('',*,*,#8603,.T.);
#8603 = EDGE_CURVE('1_region0_Edge_122',#8576,#8604,#8606,.T.);
#8604 = VERTEX_POINT('1_region0_Vertex_82',#8605);
#8605 = CARTESIAN_POINT('',(-34.00000384,-6.25999871,0.));
#8606 = SURFACE_CURVE('',#8607,(#8611,#8618),.PCURVE_S1.);
#8607 = LINE('',#8608,#8609);
#8608 = CARTESIAN_POINT('',(-34.00000384,-8.10999871,0.));
#8609 = VECTOR('',#8610,1.);
#8610 = DIRECTION('',(0.,1.,0.));
#8611 = PCURVE('',#7353,#8612);
#8612 = DEFINITIONAL_REPRESENTATION('',(#8613),#8617);
#8613 = LINE('',#8614,#8615);
#8614 = CARTESIAN_POINT('',(-34.00000384,-8.10999871));
#8615 = VECTOR('',#8616,1.);
#8616 = DIRECTION('',(0.,1.));
#8617 = ( GEOMETRIC_REPRESENTATION_CONTEXT(2) 
PARAMETRIC_REPRESENTATION_CONTEXT() REPRESENTATION_CONTEXT('2D SPACE',''
  ) );
#8618 = PCURVE('',#8619,#8624);
#8619 = PLANE('',#8620);
#8620 = AXIS2_PLACEMENT_3D('',#8621,#8622,#8623);
#8621 = CARTESIAN_POINT('',(-34.00000384,-8.10999871,0.));
#8622 = DIRECTION('',(-1.,0.,0.));
#8623 = DIRECTION('',(0.,1.,0.));
#8624 = DEFINITIONAL_REPRESENTATION('',(#8625),#8629);
#8625 = LINE('',#8626,#8627);
#8626 = CARTESIAN_POINT('',(0.,0.));
#8627 = VECTOR('',#8628,1.);
#8628 = DIRECTION('',(1.,0.));
#8629 = ( GEOMETRIC_REPRESENTATION_CONTEXT(2) 
PARAMETRIC_REPRESENTATION_CONTEXT() REPRESENTATION_CONTEXT('2D SPACE',''
  ) );
#8630 = ORIENTED_EDGE('',*,*,#8631,.T.);
#8631 = EDGE_CURVE('1_region0_Edge_125',#8604,#8632,#8634,.T.);
#8632 = VERTEX_POINT('1_region0_Vertex_84',#8633);
#8633 = CARTESIAN_POINT('',(-32.00000384,-6.25999871,0.));
#8634 = SURFACE_CURVE('',#8635,(#8639,#8646),.PCURVE_S1.);
#8635 = LINE('',#8636,#8637);
#8636 = CARTESIAN_POINT('',(-34.00000384,-6.25999871,0.));
#8637 = VECTOR('',#8638,1.);
#8638 = DIRECTION('',(1.,0.,0.));
#8639 = PCURVE('',#7353,#8640);
#8640 = DEFINITIONAL_REPRESENTATION('',(#8641),#8645);
#8641 = LINE('',#8642,#8643);
#8642 = CARTESIAN_POINT('',(-34.00000384,-6.25999871));
#8643 = VECTOR('',#8644,1.);
#8644 = DIRECTION('',(1.,0.));
#8645 = ( GEOMETRIC_REPRESENTATION_CONTEXT(2) 
PARAMETRIC_REPRESENTATION_CONTEXT() REPRESENTATION_CONTEXT('2D SPACE',''
  ) );
#8646 = PCURVE('',#8647,#8652);
#8647 = PLANE('',#8648);
#8648 = AXIS2_PLACEMENT_3D('',#8649,#8650,#8651);
#8649 = CARTESIAN_POINT('',(-34.00000384,-6.25999871,0.));
#8650 = DIRECTION('',(0.,1.,0.));
#8651 = DIRECTION('',(1.,0.,0.));
#8652 = DEFINITIONAL_REPRESENTATION('',(#8653),#8657);
#8653 = LINE('',#8654,#8655);
#8654 = CARTESIAN_POINT('',(0.,0.));
#8655 = VECTOR('',#8656,1.);
#8656 = DIRECTION('',(1.,0.));
#8657 = ( GEOMETRIC_REPRESENTATION_CONTEXT(2) 
PARAMETRIC_REPRESENTATION_CONTEXT() REPRESENTATION_CONTEXT('2D SPACE',''
  ) );
#8658 = ORIENTED_EDGE('',*,*,#8659,.T.);
#8659 = EDGE_CURVE('1_region0_Edge_128',#8632,#8660,#8662,.T.);
#8660 = VERTEX_POINT('1_region0_Vertex_86',#8661);
#8661 = CARTESIAN_POINT('',(-31.80000384,-6.05999871,0.));
#8662 = SURFACE_CURVE('',#8663,(#8668,#8675),.PCURVE_S1.);
#8663 = CIRCLE('',#8664,0.2);
#8664 = AXIS2_PLACEMENT_3D('',#8665,#8666,#8667);
#8665 = CARTESIAN_POINT('',(-32.00000384,-6.05999871,0.));
#8666 = DIRECTION('',(0.,-0.,1.));
#8667 = DIRECTION('',(1.,0.,0.));
#8668 = PCURVE('',#7353,#8669);
#8669 = DEFINITIONAL_REPRESENTATION('',(#8670),#8674);
#8670 = CIRCLE('',#8671,0.2);
#8671 = AXIS2_PLACEMENT_2D('',#8672,#8673);
#8672 = CARTESIAN_POINT('',(-32.00000384,-6.05999871));
#8673 = DIRECTION('',(1.,0.));
#8674 = ( GEOMETRIC_REPRESENTATION_CONTEXT(2) 
PARAMETRIC_REPRESENTATION_CONTEXT() REPRESENTATION_CONTEXT('2D SPACE',''
  ) );
#8675 = PCURVE('',#8676,#8681);
#8676 = CYLINDRICAL_SURFACE('',#8677,0.2);
#8677 = AXIS2_PLACEMENT_3D('',#8678,#8679,#8680);
#8678 = CARTESIAN_POINT('',(-32.00000384,-6.05999871,0.));
#8679 = DIRECTION('',(-0.,0.,-1.));
#8680 = DIRECTION('',(1.,0.,0.));
#8681 = DEFINITIONAL_REPRESENTATION('',(#8682),#8686);
#8682 = LINE('',#8683,#8684);
#8683 = CARTESIAN_POINT('',(-0.,0.));
#8684 = VECTOR('',#8685,1.);
#8685 = DIRECTION('',(-1.,0.));
#8686 = ( GEOMETRIC_REPRESENTATION_CONTEXT(2) 
PARAMETRIC_REPRESENTATION_CONTEXT() REPRESENTATION_CONTEXT('2D SPACE',''
  ) );
#8687 = ORIENTED_EDGE('',*,*,#8688,.T.);
#8688 = EDGE_CURVE('1_region0_Edge_131',#8660,#8689,#8691,.T.);
#8689 = VERTEX_POINT('1_region0_Vertex_88',#8690);
#8690 = CARTESIAN_POINT('',(-31.80000384,-5.30999871,0.));
#8691 = SURFACE_CURVE('',#8692,(#8696,#8703),.PCURVE_S1.);
#8692 = LINE('',#8693,#8694);
#8693 = CARTESIAN_POINT('',(-31.80000384,-6.05999871,0.));
#8694 = VECTOR('',#8695,1.);
#8695 = DIRECTION('',(0.,1.,0.));
#8696 = PCURVE('',#7353,#8697);
#8697 = DEFINITIONAL_REPRESENTATION('',(#8698),#8702);
#8698 = LINE('',#8699,#8700);
#8699 = CARTESIAN_POINT('',(-31.80000384,-6.05999871));
#8700 = VECTOR('',#8701,1.);
#8701 = DIRECTION('',(0.,1.));
#8702 = ( GEOMETRIC_REPRESENTATION_CONTEXT(2) 
PARAMETRIC_REPRESENTATION_CONTEXT() REPRESENTATION_CONTEXT('2D SPACE',''
  ) );
#8703 = PCURVE('',#8704,#8709);
#8704 = PLANE('',#8705);
#8705 = AXIS2_PLACEMENT_3D('',#8706,#8707,#8708);
#8706 = CARTESIAN_POINT('',(-31.80000384,-6.05999871,0.));
#8707 = DIRECTION('',(-1.,0.,0.));
#8708 = DIRECTION('',(0.,1.,0.));
#8709 = DEFINITIONAL_REPRESENTATION('',(#8710),#8714);
#8710 = LINE('',#8711,#8712);
#8711 = CARTESIAN_POINT('',(0.,0.));
#8712 = VECTOR('',#8713,1.);
#8713 = DIRECTION('',(1.,0.));
#8714 = ( GEOMETRIC_REPRESENTATION_CONTEXT(2) 
PARAMETRIC_REPRESENTATION_CONTEXT() REPRESENTATION_CONTEXT('2D SPACE',''
  ) );
#8715 = ORIENTED_EDGE('',*,*,#8716,.T.);
#8716 = EDGE_CURVE('1_region0_Edge_134',#8689,#8717,#8719,.T.);
#8717 = VERTEX_POINT('1_region0_Vertex_90',#8718);
#8718 = CARTESIAN_POINT('',(-32.00000384,-5.10999871,0.));
#8719 = SURFACE_CURVE('',#8720,(#8725,#8732),.PCURVE_S1.);
#8720 = CIRCLE('',#8721,0.2);
#8721 = AXIS2_PLACEMENT_3D('',#8722,#8723,#8724);
#8722 = CARTESIAN_POINT('',(-32.00000384,-5.30999871,0.));
#8723 = DIRECTION('',(0.,-0.,1.));
#8724 = DIRECTION('',(1.,0.,0.));
#8725 = PCURVE('',#7353,#8726);
#8726 = DEFINITIONAL_REPRESENTATION('',(#8727),#8731);
#8727 = CIRCLE('',#8728,0.2);
#8728 = AXIS2_PLACEMENT_2D('',#8729,#8730);
#8729 = CARTESIAN_POINT('',(-32.00000384,-5.30999871));
#8730 = DIRECTION('',(1.,0.));
#8731 = ( GEOMETRIC_REPRESENTATION_CONTEXT(2) 
PARAMETRIC_REPRESENTATION_CONTEXT() REPRESENTATION_CONTEXT('2D SPACE',''
  ) );
#8732 = PCURVE('',#8733,#8738);
#8733 = CYLINDRICAL_SURFACE('',#8734,0.2);
#8734 = AXIS2_PLACEMENT_3D('',#8735,#8736,#8737);
#8735 = CARTESIAN_POINT('',(-32.00000384,-5.30999871,0.));
#8736 = DIRECTION('',(-0.,0.,-1.));
#8737 = DIRECTION('',(1.,0.,0.));
#8738 = DEFINITIONAL_REPRESENTATION('',(#8739),#8743);
#8739 = LINE('',#8740,#8741);
#8740 = CARTESIAN_POINT('',(-0.,0.));
#8741 = VECTOR('',#8742,1.);
#8742 = DIRECTION('',(-1.,0.));
#8743 = ( GEOMETRIC_REPRESENTATION_CONTEXT(2) 
PARAMETRIC_REPRESENTATION_CONTEXT() REPRESENTATION_CONTEXT('2D SPACE',''
  ) );
#8744 = ORIENTED_EDGE('',*,*,#8745,.T.);
#8745 = EDGE_CURVE('1_region0_Edge_137',#8717,#8746,#8748,.T.);
#8746 = VERTEX_POINT('1_region0_Vertex_92',#8747);
#8747 = CARTESIAN_POINT('',(-33.80000384,-5.10999871,0.));
#8748 = SURFACE_CURVE('',#8749,(#8753,#8760),.PCURVE_S1.);
#8749 = LINE('',#8750,#8751);
#8750 = CARTESIAN_POINT('',(-32.00000384,-5.10999871,0.));
#8751 = VECTOR('',#8752,1.);
#8752 = DIRECTION('',(-1.,0.,0.));
#8753 = PCURVE('',#7353,#8754);
#8754 = DEFINITIONAL_REPRESENTATION('',(#8755),#8759);
#8755 = LINE('',#8756,#8757);
#8756 = CARTESIAN_POINT('',(-32.00000384,-5.10999871));
#8757 = VECTOR('',#8758,1.);
#8758 = DIRECTION('',(-1.,0.));
#8759 = ( GEOMETRIC_REPRESENTATION_CONTEXT(2) 
PARAMETRIC_REPRESENTATION_CONTEXT() REPRESENTATION_CONTEXT('2D SPACE',''
  ) );
#8760 = PCURVE('',#8761,#8766);
#8761 = PLANE('',#8762);
#8762 = AXIS2_PLACEMENT_3D('',#8763,#8764,#8765);
#8763 = CARTESIAN_POINT('',(-32.00000384,-5.10999871,0.));
#8764 = DIRECTION('',(0.,-1.,0.));
#8765 = DIRECTION('',(-1.,0.,0.));
#8766 = DEFINITIONAL_REPRESENTATION('',(#8767),#8771);
#8767 = LINE('',#8768,#8769);
#8768 = CARTESIAN_POINT('',(0.,-0.));
#8769 = VECTOR('',#8770,1.);
#8770 = DIRECTION('',(1.,0.));
#8771 = ( GEOMETRIC_REPRESENTATION_CONTEXT(2) 
PARAMETRIC_REPRESENTATION_CONTEXT() REPRESENTATION_CONTEXT('2D SPACE',''
  ) );
#8772 = ORIENTED_EDGE('',*,*,#8773,.F.);
#8773 = EDGE_CURVE('1_region0_Edge_140',#8774,#8746,#8776,.T.);
#8774 = VERTEX_POINT('1_region0_Vertex_94',#8775);
#8775 = CARTESIAN_POINT('',(-34.00000384,-4.90999871,0.));
#8776 = SURFACE_CURVE('',#8777,(#8782,#8789),.PCURVE_S1.);
#8777 = CIRCLE('',#8778,0.2);
#8778 = AXIS2_PLACEMENT_3D('',#8779,#8780,#8781);
#8779 = CARTESIAN_POINT('',(-33.80000384,-4.90999871,0.));
#8780 = DIRECTION('',(0.,-0.,1.));
#8781 = DIRECTION('',(1.,0.,0.));
#8782 = PCURVE('',#7353,#8783);
#8783 = DEFINITIONAL_REPRESENTATION('',(#8784),#8788);
#8784 = CIRCLE('',#8785,0.2);
#8785 = AXIS2_PLACEMENT_2D('',#8786,#8787);
#8786 = CARTESIAN_POINT('',(-33.80000384,-4.90999871));
#8787 = DIRECTION('',(1.,0.));
#8788 = ( GEOMETRIC_REPRESENTATION_CONTEXT(2) 
PARAMETRIC_REPRESENTATION_CONTEXT() REPRESENTATION_CONTEXT('2D SPACE',''
  ) );
#8789 = PCURVE('',#8790,#8795);
#8790 = CYLINDRICAL_SURFACE('',#8791,0.2);
#8791 = AXIS2_PLACEMENT_3D('',#8792,#8793,#8794);
#8792 = CARTESIAN_POINT('',(-33.80000384,-4.90999871,0.));
#8793 = DIRECTION('',(-0.,0.,-1.));
#8794 = DIRECTION('',(1.,0.,0.));
#8795 = DEFINITIONAL_REPRESENTATION('',(#8796),#8800);
#8796 = LINE('',#8797,#8798);
#8797 = CARTESIAN_POINT('',(-0.,0.));
#8798 = VECTOR('',#8799,1.);
#8799 = DIRECTION('',(-1.,0.));
#8800 = ( GEOMETRIC_REPRESENTATION_CONTEXT(2) 
PARAMETRIC_REPRESENTATION_CONTEXT() REPRESENTATION_CONTEXT('2D SPACE',''
  ) );
#8801 = ORIENTED_EDGE('',*,*,#8802,.T.);
#8802 = EDGE_CURVE('1_region0_Edge_143',#8774,#8803,#8805,.T.);
#8803 = VERTEX_POINT('1_region0_Vertex_96',#8804);
#8804 = CARTESIAN_POINT('',(-34.00000384,-1.60999871,0.));
#8805 = SURFACE_CURVE('',#8806,(#8810,#8817),.PCURVE_S1.);
#8806 = LINE('',#8807,#8808);
#8807 = CARTESIAN_POINT('',(-34.00000384,-4.90999871,0.));
#8808 = VECTOR('',#8809,1.);
#8809 = DIRECTION('',(0.,1.,0.));
#8810 = PCURVE('',#7353,#8811);
#8811 = DEFINITIONAL_REPRESENTATION('',(#8812),#8816);
#8812 = LINE('',#8813,#8814);
#8813 = CARTESIAN_POINT('',(-34.00000384,-4.90999871));
#8814 = VECTOR('',#8815,1.);
#8815 = DIRECTION('',(0.,1.));
#8816 = ( GEOMETRIC_REPRESENTATION_CONTEXT(2) 
PARAMETRIC_REPRESENTATION_CONTEXT() REPRESENTATION_CONTEXT('2D SPACE',''
  ) );
#8817 = PCURVE('',#8818,#8823);
#8818 = PLANE('',#8819);
#8819 = AXIS2_PLACEMENT_3D('',#8820,#8821,#8822);
#8820 = CARTESIAN_POINT('',(-34.00000384,-4.90999871,0.));
#8821 = DIRECTION('',(-1.,0.,0.));
#8822 = DIRECTION('',(0.,1.,0.));
#8823 = DEFINITIONAL_REPRESENTATION('',(#8824),#8828);
#8824 = LINE('',#8825,#8826);
#8825 = CARTESIAN_POINT('',(0.,0.));
#8826 = VECTOR('',#8827,1.);
#8827 = DIRECTION('',(1.,0.));
#8828 = ( GEOMETRIC_REPRESENTATION_CONTEXT(2) 
PARAMETRIC_REPRESENTATION_CONTEXT() REPRESENTATION_CONTEXT('2D SPACE',''
  ) );
#8829 = ORIENTED_EDGE('',*,*,#8830,.T.);
#8830 = EDGE_CURVE('1_region0_Edge_146',#8803,#8831,#8833,.T.);
#8831 = VERTEX_POINT('1_region0_Vertex_98',#8832);
#8832 = CARTESIAN_POINT('',(-33.40000384,-1.00999871,0.));
#8833 = SURFACE_CURVE('',#8834,(#8839,#8846),.PCURVE_S1.);
#8834 = CIRCLE('',#8835,0.6);
#8835 = AXIS2_PLACEMENT_3D('',#8836,#8837,#8838);
#8836 = CARTESIAN_POINT('',(-34.00000384,-1.00999871,0.));
#8837 = DIRECTION('',(0.,-0.,1.));
#8838 = DIRECTION('',(1.,0.,0.));
#8839 = PCURVE('',#7353,#8840);
#8840 = DEFINITIONAL_REPRESENTATION('',(#8841),#8845);
#8841 = CIRCLE('',#8842,0.6);
#8842 = AXIS2_PLACEMENT_2D('',#8843,#8844);
#8843 = CARTESIAN_POINT('',(-34.00000384,-1.00999871));
#8844 = DIRECTION('',(1.,0.));
#8845 = ( GEOMETRIC_REPRESENTATION_CONTEXT(2) 
PARAMETRIC_REPRESENTATION_CONTEXT() REPRESENTATION_CONTEXT('2D SPACE',''
  ) );
#8846 = PCURVE('',#8847,#8852);
#8847 = CYLINDRICAL_SURFACE('',#8848,0.6);
#8848 = AXIS2_PLACEMENT_3D('',#8849,#8850,#8851);
#8849 = CARTESIAN_POINT('',(-34.00000384,-1.00999871,0.));
#8850 = DIRECTION('',(-0.,0.,-1.));
#8851 = DIRECTION('',(1.,0.,0.));
#8852 = DEFINITIONAL_REPRESENTATION('',(#8853),#8857);
#8853 = LINE('',#8854,#8855);
#8854 = CARTESIAN_POINT('',(-0.,0.));
#8855 = VECTOR('',#8856,1.);
#8856 = DIRECTION('',(-1.,0.));
#8857 = ( GEOMETRIC_REPRESENTATION_CONTEXT(2) 
PARAMETRIC_REPRESENTATION_CONTEXT() REPRESENTATION_CONTEXT('2D SPACE',''
  ) );
#8858 = ORIENTED_EDGE('',*,*,#8859,.T.);
#8859 = EDGE_CURVE('1_region0_Edge_149',#8831,#8860,#8862,.T.);
#8860 = VERTEX_POINT('1_region0_Vertex_100',#8861);
#8861 = CARTESIAN_POINT('',(-33.40000384,-0.10999871,0.));
#8862 = SURFACE_CURVE('',#8863,(#8867,#8874),.PCURVE_S1.);
#8863 = LINE('',#8864,#8865);
#8864 = CARTESIAN_POINT('',(-33.40000384,-1.00999871,0.));
#8865 = VECTOR('',#8866,1.);
#8866 = DIRECTION('',(0.,1.,0.));
#8867 = PCURVE('',#7353,#8868);
#8868 = DEFINITIONAL_REPRESENTATION('',(#8869),#8873);
#8869 = LINE('',#8870,#8871);
#8870 = CARTESIAN_POINT('',(-33.40000384,-1.00999871));
#8871 = VECTOR('',#8872,1.);
#8872 = DIRECTION('',(0.,1.));
#8873 = ( GEOMETRIC_REPRESENTATION_CONTEXT(2) 
PARAMETRIC_REPRESENTATION_CONTEXT() REPRESENTATION_CONTEXT('2D SPACE',''
  ) );
#8874 = PCURVE('',#8875,#8880);
#8875 = PLANE('',#8876);
#8876 = AXIS2_PLACEMENT_3D('',#8877,#8878,#8879);
#8877 = CARTESIAN_POINT('',(-33.40000384,-1.00999871,0.));
#8878 = DIRECTION('',(-1.,0.,0.));
#8879 = DIRECTION('',(0.,1.,0.));
#8880 = DEFINITIONAL_REPRESENTATION('',(#8881),#8885);
#8881 = LINE('',#8882,#8883);
#8882 = CARTESIAN_POINT('',(0.,0.));
#8883 = VECTOR('',#8884,1.);
#8884 = DIRECTION('',(1.,0.));
#8885 = ( GEOMETRIC_REPRESENTATION_CONTEXT(2) 
PARAMETRIC_REPRESENTATION_CONTEXT() REPRESENTATION_CONTEXT('2D SPACE',''
  ) );
#8886 = ORIENTED_EDGE('',*,*,#8887,.T.);
#8887 = EDGE_CURVE('1_region0_Edge_152',#8860,#8888,#8890,.T.);
#8888 = VERTEX_POINT('1_region0_Vertex_102',#8889);
#8889 = CARTESIAN_POINT('',(-33.50000384,-9.99871E-03,0.));
#8890 = SURFACE_CURVE('',#8891,(#8896,#8903),.PCURVE_S1.);
#8891 = CIRCLE('',#8892,0.1);
#8892 = AXIS2_PLACEMENT_3D('',#8893,#8894,#8895);
#8893 = CARTESIAN_POINT('',(-33.50000384,-0.10999871,0.));
#8894 = DIRECTION('',(0.,-0.,1.));
#8895 = DIRECTION('',(1.,0.,0.));
#8896 = PCURVE('',#7353,#8897);
#8897 = DEFINITIONAL_REPRESENTATION('',(#8898),#8902);
#8898 = CIRCLE('',#8899,0.1);
#8899 = AXIS2_PLACEMENT_2D('',#8900,#8901);
#8900 = CARTESIAN_POINT('',(-33.50000384,-0.10999871));
#8901 = DIRECTION('',(1.,0.));
#8902 = ( GEOMETRIC_REPRESENTATION_CONTEXT(2) 
PARAMETRIC_REPRESENTATION_CONTEXT() REPRESENTATION_CONTEXT('2D SPACE',''
  ) );
#8903 = PCURVE('',#8904,#8909);
#8904 = CYLINDRICAL_SURFACE('',#8905,0.1);
#8905 = AXIS2_PLACEMENT_3D('',#8906,#8907,#8908);
#8906 = CARTESIAN_POINT('',(-33.50000384,-0.10999871,0.));
#8907 = DIRECTION('',(-0.,0.,-1.));
#8908 = DIRECTION('',(1.,0.,0.));
#8909 = DEFINITIONAL_REPRESENTATION('',(#8910),#8914);
#8910 = LINE('',#8911,#8912);
#8911 = CARTESIAN_POINT('',(-0.,0.));
#8912 = VECTOR('',#8913,1.);
#8913 = DIRECTION('',(-1.,0.));
#8914 = ( GEOMETRIC_REPRESENTATION_CONTEXT(2) 
PARAMETRIC_REPRESENTATION_CONTEXT() REPRESENTATION_CONTEXT('2D SPACE',''
  ) );
#8915 = ORIENTED_EDGE('',*,*,#8916,.T.);
#8916 = EDGE_CURVE('1_region0_Edge_155',#8888,#8917,#8919,.T.);
#8917 = VERTEX_POINT('1_region0_Vertex_104',#8918);
#8918 = CARTESIAN_POINT('',(-33.80000384,-9.99871E-03,0.));
#8919 = SURFACE_CURVE('',#8920,(#8924,#8931),.PCURVE_S1.);
#8920 = LINE('',#8921,#8922);
#8921 = CARTESIAN_POINT('',(-33.50000384,-9.99871E-03,0.));
#8922 = VECTOR('',#8923,1.);
#8923 = DIRECTION('',(-1.,0.,0.));
#8924 = PCURVE('',#7353,#8925);
#8925 = DEFINITIONAL_REPRESENTATION('',(#8926),#8930);
#8926 = LINE('',#8927,#8928);
#8927 = CARTESIAN_POINT('',(-33.50000384,-9.99871E-03));
#8928 = VECTOR('',#8929,1.);
#8929 = DIRECTION('',(-1.,0.));
#8930 = ( GEOMETRIC_REPRESENTATION_CONTEXT(2) 
PARAMETRIC_REPRESENTATION_CONTEXT() REPRESENTATION_CONTEXT('2D SPACE',''
  ) );
#8931 = PCURVE('',#8932,#8937);
#8932 = PLANE('',#8933);
#8933 = AXIS2_PLACEMENT_3D('',#8934,#8935,#8936);
#8934 = CARTESIAN_POINT('',(-33.50000384,-9.99871E-03,0.));
#8935 = DIRECTION('',(0.,-1.,0.));
#8936 = DIRECTION('',(-1.,0.,0.));
#8937 = DEFINITIONAL_REPRESENTATION('',(#8938),#8942);
#8938 = LINE('',#8939,#8940);
#8939 = CARTESIAN_POINT('',(0.,-0.));
#8940 = VECTOR('',#8941,1.);
#8941 = DIRECTION('',(1.,0.));
#8942 = ( GEOMETRIC_REPRESENTATION_CONTEXT(2) 
PARAMETRIC_REPRESENTATION_CONTEXT() REPRESENTATION_CONTEXT('2D SPACE',''
  ) );
#8943 = ORIENTED_EDGE('',*,*,#8944,.T.);
#8944 = EDGE_CURVE('1_region0_Edge_158',#8917,#8945,#8947,.T.);
#8945 = VERTEX_POINT('1_region0_Vertex_106',#8946);
#8946 = CARTESIAN_POINT('',(-33.90000384,-0.10999871,0.));
#8947 = SURFACE_CURVE('',#8948,(#8953,#8960),.PCURVE_S1.);
#8948 = CIRCLE('',#8949,0.1);
#8949 = AXIS2_PLACEMENT_3D('',#8950,#8951,#8952);
#8950 = CARTESIAN_POINT('',(-33.80000384,-0.10999871,0.));
#8951 = DIRECTION('',(0.,-0.,1.));
#8952 = DIRECTION('',(1.,0.,0.));
#8953 = PCURVE('',#7353,#8954);
#8954 = DEFINITIONAL_REPRESENTATION('',(#8955),#8959);
#8955 = CIRCLE('',#8956,0.1);
#8956 = AXIS2_PLACEMENT_2D('',#8957,#8958);
#8957 = CARTESIAN_POINT('',(-33.80000384,-0.10999871));
#8958 = DIRECTION('',(1.,0.));
#8959 = ( GEOMETRIC_REPRESENTATION_CONTEXT(2) 
PARAMETRIC_REPRESENTATION_CONTEXT() REPRESENTATION_CONTEXT('2D SPACE',''
  ) );
#8960 = PCURVE('',#8961,#8966);
#8961 = CYLINDRICAL_SURFACE('',#8962,0.1);
#8962 = AXIS2_PLACEMENT_3D('',#8963,#8964,#8965);
#8963 = CARTESIAN_POINT('',(-33.80000384,-0.10999871,0.));
#8964 = DIRECTION('',(-0.,0.,-1.));
#8965 = DIRECTION('',(1.,0.,0.));
#8966 = DEFINITIONAL_REPRESENTATION('',(#8967),#8971);
#8967 = LINE('',#8968,#8969);
#8968 = CARTESIAN_POINT('',(-0.,0.));
#8969 = VECTOR('',#8970,1.);
#8970 = DIRECTION('',(-1.,0.));
#8971 = ( GEOMETRIC_REPRESENTATION_CONTEXT(2) 
PARAMETRIC_REPRESENTATION_CONTEXT() REPRESENTATION_CONTEXT('2D SPACE',''
  ) );
#8972 = ORIENTED_EDGE('',*,*,#8973,.T.);
#8973 = EDGE_CURVE('1_region0_Edge_161',#8945,#7394,#8974,.T.);
#8974 = SURFACE_CURVE('',#8975,(#8979,#8986),.PCURVE_S1.);
#8975 = LINE('',#8976,#8977);
#8976 = CARTESIAN_POINT('',(-33.90000384,-0.10999871,0.));
#8977 = VECTOR('',#8978,1.);
#8978 = DIRECTION('',(0.,-1.,-0.));
#8979 = PCURVE('',#7353,#8980);
#8980 = DEFINITIONAL_REPRESENTATION('',(#8981),#8985);
#8981 = LINE('',#8982,#8983);
#8982 = CARTESIAN_POINT('',(-33.90000384,-0.10999871));
#8983 = VECTOR('',#8984,1.);
#8984 = DIRECTION('',(0.,-1.));
#8985 = ( GEOMETRIC_REPRESENTATION_CONTEXT(2) 
PARAMETRIC_REPRESENTATION_CONTEXT() REPRESENTATION_CONTEXT('2D SPACE',''
  ) );
#8986 = PCURVE('',#7409,#8987);
#8987 = DEFINITIONAL_REPRESENTATION('',(#8988),#8992);
#8988 = LINE('',#8989,#8990);
#8989 = CARTESIAN_POINT('',(0.,0.));
#8990 = VECTOR('',#8991,1.);
#8991 = DIRECTION('',(1.,0.));
#8992 = ( GEOMETRIC_REPRESENTATION_CONTEXT(2) 
PARAMETRIC_REPRESENTATION_CONTEXT() REPRESENTATION_CONTEXT('2D SPACE',''
  ) );
#8993 = ORIENTED_EDGE('',*,*,#7421,.F.);
#8994 = ADVANCED_FACE('1_region0_Face_end',(#8995),#7299,.T.);
#8995 = FACE_BOUND('',#8996,.T.);
#8996 = EDGE_LOOP('undefined shape id',(#8997,#8998,#8999,#9022,#9046,
    #9069,#9093,#9116,#9140,#9163,#9187,#9210,#9233,#9257,#9280,#9304,
    #9327,#9351,#9374,#9398,#9421,#9444,#9467,#9491,#9514,#9538,#9562,
    #9586,#9609,#9633,#9656,#9679,#9702,#9726,#9749,#9773,#9797,#9821,
    #9844,#9868,#9891,#9914,#9937,#9961,#9984,#10008,#10031,#10055,
    #10078,#10102,#10125,#10149,#10172,#10196,#10217));
#8997 = ORIENTED_EDGE('',*,*,#7283,.T.);
#8998 = ORIENTED_EDGE('',*,*,#7447,.T.);
#8999 = ORIENTED_EDGE('',*,*,#9000,.T.);
#9000 = EDGE_CURVE('1_region0_Edge_9',#7448,#9001,#9003,.T.);
#9001 = VERTEX_POINT('1_region0_Vertex_7',#9002);
#9002 = CARTESIAN_POINT('',(-35.40000384,-9.99871E-03,100.));
#9003 = SURFACE_CURVE('',#9004,(#9008,#9015),.PCURVE_S1.);
#9004 = LINE('',#9005,#9006);
#9005 = CARTESIAN_POINT('',(-34.90000384,-9.99871E-03,100.));
#9006 = VECTOR('',#9007,1.);
#9007 = DIRECTION('',(-1.,0.,0.));
#9008 = PCURVE('',#7299,#9009);
#9009 = DEFINITIONAL_REPRESENTATION('',(#9010),#9014);
#9010 = LINE('',#9011,#9012);
#9011 = CARTESIAN_POINT('',(-34.90000384,-9.99871E-03));
#9012 = VECTOR('',#9013,1.);
#9013 = DIRECTION('',(-1.,0.));
#9014 = ( GEOMETRIC_REPRESENTATION_CONTEXT(2) 
PARAMETRIC_REPRESENTATION_CONTEXT() REPRESENTATION_CONTEXT('2D SPACE',''
  ) );
#9015 = PCURVE('',#7487,#9016);
#9016 = DEFINITIONAL_REPRESENTATION('',(#9017),#9021);
#9017 = LINE('',#9018,#9019);
#9018 = CARTESIAN_POINT('',(0.,-100.));
#9019 = VECTOR('',#9020,1.);
#9020 = DIRECTION('',(1.,0.));
#9021 = ( GEOMETRIC_REPRESENTATION_CONTEXT(2) 
PARAMETRIC_REPRESENTATION_CONTEXT() REPRESENTATION_CONTEXT('2D SPACE',''
  ) );
#9022 = ORIENTED_EDGE('',*,*,#9023,.T.);
#9023 = EDGE_CURVE('1_region0_Edge_12',#9001,#9024,#9026,.T.);
#9024 = VERTEX_POINT('1_region0_Vertex_9',#9025);
#9025 = CARTESIAN_POINT('',(-35.50000384,-0.10999871,100.));
#9026 = SURFACE_CURVE('',#9027,(#9032,#9039),.PCURVE_S1.);
#9027 = CIRCLE('',#9028,0.1);
#9028 = AXIS2_PLACEMENT_3D('',#9029,#9030,#9031);
#9029 = CARTESIAN_POINT('',(-35.40000384,-0.10999871,100.));
#9030 = DIRECTION('',(0.,-0.,1.));
#9031 = DIRECTION('',(1.,0.,0.));
#9032 = PCURVE('',#7299,#9033);
#9033 = DEFINITIONAL_REPRESENTATION('',(#9034),#9038);
#9034 = CIRCLE('',#9035,0.1);
#9035 = AXIS2_PLACEMENT_2D('',#9036,#9037);
#9036 = CARTESIAN_POINT('',(-35.40000384,-0.10999871));
#9037 = DIRECTION('',(1.,0.));
#9038 = ( GEOMETRIC_REPRESENTATION_CONTEXT(2) 
PARAMETRIC_REPRESENTATION_CONTEXT() REPRESENTATION_CONTEXT('2D SPACE',''
  ) );
#9039 = PCURVE('',#7566,#9040);
#9040 = DEFINITIONAL_REPRESENTATION('',(#9041),#9045);
#9041 = LINE('',#9042,#9043);
#9042 = CARTESIAN_POINT('',(-0.,-100.));
#9043 = VECTOR('',#9044,1.);
#9044 = DIRECTION('',(-1.,0.));
#9045 = ( GEOMETRIC_REPRESENTATION_CONTEXT(2) 
PARAMETRIC_REPRESENTATION_CONTEXT() REPRESENTATION_CONTEXT('2D SPACE',''
  ) );
#9046 = ORIENTED_EDGE('',*,*,#9047,.T.);
#9047 = EDGE_CURVE('1_region0_Edge_15',#9024,#9048,#9050,.T.);
#9048 = VERTEX_POINT('1_region0_Vertex_11',#9049);
#9049 = CARTESIAN_POINT('',(-35.50000384,-10.25999871,100.));
#9050 = SURFACE_CURVE('',#9051,(#9055,#9062),.PCURVE_S1.);
#9051 = LINE('',#9052,#9053);
#9052 = CARTESIAN_POINT('',(-35.50000384,-0.10999871,100.));
#9053 = VECTOR('',#9054,1.);
#9054 = DIRECTION('',(0.,-1.,-0.));
#9055 = PCURVE('',#7299,#9056);
#9056 = DEFINITIONAL_REPRESENTATION('',(#9057),#9061);
#9057 = LINE('',#9058,#9059);
#9058 = CARTESIAN_POINT('',(-35.50000384,-0.10999871));
#9059 = VECTOR('',#9060,1.);
#9060 = DIRECTION('',(0.,-1.));
#9061 = ( GEOMETRIC_REPRESENTATION_CONTEXT(2) 
PARAMETRIC_REPRESENTATION_CONTEXT() REPRESENTATION_CONTEXT('2D SPACE',''
  ) );
#9062 = PCURVE('',#7594,#9063);
#9063 = DEFINITIONAL_REPRESENTATION('',(#9064),#9068);
#9064 = LINE('',#9065,#9066);
#9065 = CARTESIAN_POINT('',(0.,-100.));
#9066 = VECTOR('',#9067,1.);
#9067 = DIRECTION('',(1.,0.));
#9068 = ( GEOMETRIC_REPRESENTATION_CONTEXT(2) 
PARAMETRIC_REPRESENTATION_CONTEXT() REPRESENTATION_CONTEXT('2D SPACE',''
  ) );
#9069 = ORIENTED_EDGE('',*,*,#9070,.T.);
#9070 = EDGE_CURVE('1_region0_Edge_18',#9048,#9071,#9073,.T.);
#9071 = VERTEX_POINT('1_region0_Vertex_13',#9072);
#9072 = CARTESIAN_POINT('',(-32.50000384,-13.25999871,100.));
#9073 = SURFACE_CURVE('',#9074,(#9079,#9086),.PCURVE_S1.);
#9074 = CIRCLE('',#9075,3.);
#9075 = AXIS2_PLACEMENT_3D('',#9076,#9077,#9078);
#9076 = CARTESIAN_POINT('',(-32.50000384,-10.25999871,100.));
#9077 = DIRECTION('',(0.,-0.,1.));
#9078 = DIRECTION('',(1.,0.,0.));
#9079 = PCURVE('',#7299,#9080);
#9080 = DEFINITIONAL_REPRESENTATION('',(#9081),#9085);
#9081 = CIRCLE('',#9082,3.);
#9082 = AXIS2_PLACEMENT_2D('',#9083,#9084);
#9083 = CARTESIAN_POINT('',(-32.50000384,-10.25999871));
#9084 = DIRECTION('',(1.,0.));
#9085 = ( GEOMETRIC_REPRESENTATION_CONTEXT(2) 
PARAMETRIC_REPRESENTATION_CONTEXT() REPRESENTATION_CONTEXT('2D SPACE',''
  ) );
#9086 = PCURVE('',#7623,#9087);
#9087 = DEFINITIONAL_REPRESENTATION('',(#9088),#9092);
#9088 = LINE('',#9089,#9090);
#9089 = CARTESIAN_POINT('',(-0.,-100.));
#9090 = VECTOR('',#9091,1.);
#9091 = DIRECTION('',(-1.,0.));
#9092 = ( GEOMETRIC_REPRESENTATION_CONTEXT(2) 
PARAMETRIC_REPRESENTATION_CONTEXT() REPRESENTATION_CONTEXT('2D SPACE',''
  ) );
#9093 = ORIENTED_EDGE('',*,*,#9094,.T.);
#9094 = EDGE_CURVE('1_region0_Edge_21',#9071,#9095,#9097,.T.);
#9095 = VERTEX_POINT('1_region0_Vertex_15',#9096);
#9096 = CARTESIAN_POINT('',(32.49999616,-13.25999871,100.));
#9097 = SURFACE_CURVE('',#9098,(#9102,#9109),.PCURVE_S1.);
#9098 = LINE('',#9099,#9100);
#9099 = CARTESIAN_POINT('',(-32.50000384,-13.25999871,100.));
#9100 = VECTOR('',#9101,1.);
#9101 = DIRECTION('',(1.,0.,0.));
#9102 = PCURVE('',#7299,#9103);
#9103 = DEFINITIONAL_REPRESENTATION('',(#9104),#9108);
#9104 = LINE('',#9105,#9106);
#9105 = CARTESIAN_POINT('',(-32.50000384,-13.25999871));
#9106 = VECTOR('',#9107,1.);
#9107 = DIRECTION('',(1.,0.));
#9108 = ( GEOMETRIC_REPRESENTATION_CONTEXT(2) 
PARAMETRIC_REPRESENTATION_CONTEXT() REPRESENTATION_CONTEXT('2D SPACE',''
  ) );
#9109 = PCURVE('',#7651,#9110);
#9110 = DEFINITIONAL_REPRESENTATION('',(#9111),#9115);
#9111 = LINE('',#9112,#9113);
#9112 = CARTESIAN_POINT('',(0.,-100.));
#9113 = VECTOR('',#9114,1.);
#9114 = DIRECTION('',(1.,0.));
#9115 = ( GEOMETRIC_REPRESENTATION_CONTEXT(2) 
PARAMETRIC_REPRESENTATION_CONTEXT() REPRESENTATION_CONTEXT('2D SPACE',''
  ) );
#9116 = ORIENTED_EDGE('',*,*,#9117,.T.);
#9117 = EDGE_CURVE('1_region0_Edge_24',#9095,#9118,#9120,.T.);
#9118 = VERTEX_POINT('1_region0_Vertex_17',#9119);
#9119 = CARTESIAN_POINT('',(35.49999616,-10.25999871,100.));
#9120 = SURFACE_CURVE('',#9121,(#9126,#9133),.PCURVE_S1.);
#9121 = CIRCLE('',#9122,3.);
#9122 = AXIS2_PLACEMENT_3D('',#9123,#9124,#9125);
#9123 = CARTESIAN_POINT('',(32.49999616,-10.25999871,100.));
#9124 = DIRECTION('',(0.,-0.,1.));
#9125 = DIRECTION('',(1.,0.,0.));
#9126 = PCURVE('',#7299,#9127);
#9127 = DEFINITIONAL_REPRESENTATION('',(#9128),#9132);
#9128 = CIRCLE('',#9129,3.);
#9129 = AXIS2_PLACEMENT_2D('',#9130,#9131);
#9130 = CARTESIAN_POINT('',(32.49999616,-10.25999871));
#9131 = DIRECTION('',(1.,0.));
#9132 = ( GEOMETRIC_REPRESENTATION_CONTEXT(2) 
PARAMETRIC_REPRESENTATION_CONTEXT() REPRESENTATION_CONTEXT('2D SPACE',''
  ) );
#9133 = PCURVE('',#7680,#9134);
#9134 = DEFINITIONAL_REPRESENTATION('',(#9135),#9139);
#9135 = LINE('',#9136,#9137);
#9136 = CARTESIAN_POINT('',(-0.,-100.));
#9137 = VECTOR('',#9138,1.);
#9138 = DIRECTION('',(-1.,0.));
#9139 = ( GEOMETRIC_REPRESENTATION_CONTEXT(2) 
PARAMETRIC_REPRESENTATION_CONTEXT() REPRESENTATION_CONTEXT('2D SPACE',''
  ) );
#9140 = ORIENTED_EDGE('',*,*,#9141,.T.);
#9141 = EDGE_CURVE('1_region0_Edge_27',#9118,#9142,#9144,.T.);
#9142 = VERTEX_POINT('1_region0_Vertex_19',#9143);
#9143 = CARTESIAN_POINT('',(35.49999616,-0.10999871,100.));
#9144 = SURFACE_CURVE('',#9145,(#9149,#9156),.PCURVE_S1.);
#9145 = LINE('',#9146,#9147);
#9146 = CARTESIAN_POINT('',(35.49999616,-10.25999871,100.));
#9147 = VECTOR('',#9148,1.);
#9148 = DIRECTION('',(0.,1.,0.));
#9149 = PCURVE('',#7299,#9150);
#9150 = DEFINITIONAL_REPRESENTATION('',(#9151),#9155);
#9151 = LINE('',#9152,#9153);
#9152 = CARTESIAN_POINT('',(35.49999616,-10.25999871));
#9153 = VECTOR('',#9154,1.);
#9154 = DIRECTION('',(0.,1.));
#9155 = ( GEOMETRIC_REPRESENTATION_CONTEXT(2) 
PARAMETRIC_REPRESENTATION_CONTEXT() REPRESENTATION_CONTEXT('2D SPACE',''
  ) );
#9156 = PCURVE('',#7708,#9157);
#9157 = DEFINITIONAL_REPRESENTATION('',(#9158),#9162);
#9158 = LINE('',#9159,#9160);
#9159 = CARTESIAN_POINT('',(0.,-100.));
#9160 = VECTOR('',#9161,1.);
#9161 = DIRECTION('',(1.,0.));
#9162 = ( GEOMETRIC_REPRESENTATION_CONTEXT(2) 
PARAMETRIC_REPRESENTATION_CONTEXT() REPRESENTATION_CONTEXT('2D SPACE',''
  ) );
#9163 = ORIENTED_EDGE('',*,*,#9164,.T.);
#9164 = EDGE_CURVE('1_region0_Edge_30',#9142,#9165,#9167,.T.);
#9165 = VERTEX_POINT('1_region0_Vertex_21',#9166);
#9166 = CARTESIAN_POINT('',(35.39999616,-9.99871E-03,100.));
#9167 = SURFACE_CURVE('',#9168,(#9173,#9180),.PCURVE_S1.);
#9168 = CIRCLE('',#9169,0.1);
#9169 = AXIS2_PLACEMENT_3D('',#9170,#9171,#9172);
#9170 = CARTESIAN_POINT('',(35.39999616,-0.10999871,100.));
#9171 = DIRECTION('',(0.,-0.,1.));
#9172 = DIRECTION('',(1.,0.,0.));
#9173 = PCURVE('',#7299,#9174);
#9174 = DEFINITIONAL_REPRESENTATION('',(#9175),#9179);
#9175 = CIRCLE('',#9176,0.1);
#9176 = AXIS2_PLACEMENT_2D('',#9177,#9178);
#9177 = CARTESIAN_POINT('',(35.39999616,-0.10999871));
#9178 = DIRECTION('',(1.,0.));
#9179 = ( GEOMETRIC_REPRESENTATION_CONTEXT(2) 
PARAMETRIC_REPRESENTATION_CONTEXT() REPRESENTATION_CONTEXT('2D SPACE',''
  ) );
#9180 = PCURVE('',#7737,#9181);
#9181 = DEFINITIONAL_REPRESENTATION('',(#9182),#9186);
#9182 = LINE('',#9183,#9184);
#9183 = CARTESIAN_POINT('',(-0.,-100.));
#9184 = VECTOR('',#9185,1.);
#9185 = DIRECTION('',(-1.,0.));
#9186 = ( GEOMETRIC_REPRESENTATION_CONTEXT(2) 
PARAMETRIC_REPRESENTATION_CONTEXT() REPRESENTATION_CONTEXT('2D SPACE',''
  ) );
#9187 = ORIENTED_EDGE('',*,*,#9188,.T.);
#9188 = EDGE_CURVE('1_region0_Edge_33',#9165,#9189,#9191,.T.);
#9189 = VERTEX_POINT('1_region0_Vertex_23',#9190);
#9190 = CARTESIAN_POINT('',(34.69999616,-9.99871E-03,100.));
#9191 = SURFACE_CURVE('',#9192,(#9196,#9203),.PCURVE_S1.);
#9192 = LINE('',#9193,#9194);
#9193 = CARTESIAN_POINT('',(35.39999616,-9.99871E-03,100.));
#9194 = VECTOR('',#9195,1.);
#9195 = DIRECTION('',(-1.,0.,0.));
#9196 = PCURVE('',#7299,#9197);
#9197 = DEFINITIONAL_REPRESENTATION('',(#9198),#9202);
#9198 = LINE('',#9199,#9200);
#9199 = CARTESIAN_POINT('',(35.39999616,-9.99871E-03));
#9200 = VECTOR('',#9201,1.);
#9201 = DIRECTION('',(-1.,0.));
#9202 = ( GEOMETRIC_REPRESENTATION_CONTEXT(2) 
PARAMETRIC_REPRESENTATION_CONTEXT() REPRESENTATION_CONTEXT('2D SPACE',''
  ) );
#9203 = PCURVE('',#7765,#9204);
#9204 = DEFINITIONAL_REPRESENTATION('',(#9205),#9209);
#9205 = LINE('',#9206,#9207);
#9206 = CARTESIAN_POINT('',(0.,-100.));
#9207 = VECTOR('',#9208,1.);
#9208 = DIRECTION('',(1.,0.));
#9209 = ( GEOMETRIC_REPRESENTATION_CONTEXT(2) 
PARAMETRIC_REPRESENTATION_CONTEXT() REPRESENTATION_CONTEXT('2D SPACE',''
  ) );
#9210 = ORIENTED_EDGE('',*,*,#9211,.T.);
#9211 = EDGE_CURVE('1_region0_Edge_36',#9189,#9212,#9214,.T.);
#9212 = VERTEX_POINT('1_region0_Vertex_25',#9213);
#9213 = CARTESIAN_POINT('',(34.69999616,0.49000129,100.));
#9214 = SURFACE_CURVE('',#9215,(#9219,#9226),.PCURVE_S1.);
#9215 = LINE('',#9216,#9217);
#9216 = CARTESIAN_POINT('',(34.69999616,-9.99871E-03,100.));
#9217 = VECTOR('',#9218,1.);
#9218 = DIRECTION('',(0.,1.,0.));
#9219 = PCURVE('',#7299,#9220);
#9220 = DEFINITIONAL_REPRESENTATION('',(#9221),#9225);
#9221 = LINE('',#9222,#9223);
#9222 = CARTESIAN_POINT('',(34.69999616,-9.99871E-03));
#9223 = VECTOR('',#9224,1.);
#9224 = DIRECTION('',(0.,1.));
#9225 = ( GEOMETRIC_REPRESENTATION_CONTEXT(2) 
PARAMETRIC_REPRESENTATION_CONTEXT() REPRESENTATION_CONTEXT('2D SPACE',''
  ) );
#9226 = PCURVE('',#7793,#9227);
#9227 = DEFINITIONAL_REPRESENTATION('',(#9228),#9232);
#9228 = LINE('',#9229,#9230);
#9229 = CARTESIAN_POINT('',(0.,-100.));
#9230 = VECTOR('',#9231,1.);
#9231 = DIRECTION('',(1.,0.));
#9232 = ( GEOMETRIC_REPRESENTATION_CONTEXT(2) 
PARAMETRIC_REPRESENTATION_CONTEXT() REPRESENTATION_CONTEXT('2D SPACE',''
  ) );
#9233 = ORIENTED_EDGE('',*,*,#9234,.T.);
#9234 = EDGE_CURVE('1_region0_Edge_39',#9212,#9235,#9237,.T.);
#9235 = VERTEX_POINT('1_region0_Vertex_27',#9236);
#9236 = CARTESIAN_POINT('',(33.99999616,0.49000129,100.));
#9237 = SURFACE_CURVE('',#9238,(#9243,#9250),.PCURVE_S1.);
#9238 = CIRCLE('',#9239,0.35);
#9239 = AXIS2_PLACEMENT_3D('',#9240,#9241,#9242);
#9240 = CARTESIAN_POINT('',(34.34999616,0.49000129,100.));
#9241 = DIRECTION('',(0.,-0.,1.));
#9242 = DIRECTION('',(1.,0.,0.));
#9243 = PCURVE('',#7299,#9244);
#9244 = DEFINITIONAL_REPRESENTATION('',(#9245),#9249);
#9245 = CIRCLE('',#9246,0.35);
#9246 = AXIS2_PLACEMENT_2D('',#9247,#9248);
#9247 = CARTESIAN_POINT('',(34.34999616,0.49000129));
#9248 = DIRECTION('',(1.,0.));
#9249 = ( GEOMETRIC_REPRESENTATION_CONTEXT(2) 
PARAMETRIC_REPRESENTATION_CONTEXT() REPRESENTATION_CONTEXT('2D SPACE',''
  ) );
#9250 = PCURVE('',#7822,#9251);
#9251 = DEFINITIONAL_REPRESENTATION('',(#9252),#9256);
#9252 = LINE('',#9253,#9254);
#9253 = CARTESIAN_POINT('',(-0.,-100.));
#9254 = VECTOR('',#9255,1.);
#9255 = DIRECTION('',(-1.,0.));
#9256 = ( GEOMETRIC_REPRESENTATION_CONTEXT(2) 
PARAMETRIC_REPRESENTATION_CONTEXT() REPRESENTATION_CONTEXT('2D SPACE',''
  ) );
#9257 = ORIENTED_EDGE('',*,*,#9258,.T.);
#9258 = EDGE_CURVE('1_region0_Edge_42',#9235,#9259,#9261,.T.);
#9259 = VERTEX_POINT('1_region0_Vertex_29',#9260);
#9260 = CARTESIAN_POINT('',(33.99999616,-4.90999871,100.));
#9261 = SURFACE_CURVE('',#9262,(#9266,#9273),.PCURVE_S1.);
#9262 = LINE('',#9263,#9264);
#9263 = CARTESIAN_POINT('',(33.99999616,0.49000129,100.));
#9264 = VECTOR('',#9265,1.);
#9265 = DIRECTION('',(0.,-1.,-0.));
#9266 = PCURVE('',#7299,#9267);
#9267 = DEFINITIONAL_REPRESENTATION('',(#9268),#9272);
#9268 = LINE('',#9269,#9270);
#9269 = CARTESIAN_POINT('',(33.99999616,0.49000129));
#9270 = VECTOR('',#9271,1.);
#9271 = DIRECTION('',(0.,-1.));
#9272 = ( GEOMETRIC_REPRESENTATION_CONTEXT(2) 
PARAMETRIC_REPRESENTATION_CONTEXT() REPRESENTATION_CONTEXT('2D SPACE',''
  ) );
#9273 = PCURVE('',#7850,#9274);
#9274 = DEFINITIONAL_REPRESENTATION('',(#9275),#9279);
#9275 = LINE('',#9276,#9277);
#9276 = CARTESIAN_POINT('',(0.,-100.));
#9277 = VECTOR('',#9278,1.);
#9278 = DIRECTION('',(1.,0.));
#9279 = ( GEOMETRIC_REPRESENTATION_CONTEXT(2) 
PARAMETRIC_REPRESENTATION_CONTEXT() REPRESENTATION_CONTEXT('2D SPACE',''
  ) );
#9280 = ORIENTED_EDGE('',*,*,#9281,.F.);
#9281 = EDGE_CURVE('1_region0_Edge_45',#9282,#9259,#9284,.T.);
#9282 = VERTEX_POINT('1_region0_Vertex_31',#9283);
#9283 = CARTESIAN_POINT('',(33.79999616,-5.10999871,100.));
#9284 = SURFACE_CURVE('',#9285,(#9290,#9297),.PCURVE_S1.);
#9285 = CIRCLE('',#9286,0.2);
#9286 = AXIS2_PLACEMENT_3D('',#9287,#9288,#9289);
#9287 = CARTESIAN_POINT('',(33.79999616,-4.90999871,100.));
#9288 = DIRECTION('',(0.,-0.,1.));
#9289 = DIRECTION('',(1.,0.,0.));
#9290 = PCURVE('',#7299,#9291);
#9291 = DEFINITIONAL_REPRESENTATION('',(#9292),#9296);
#9292 = CIRCLE('',#9293,0.2);
#9293 = AXIS2_PLACEMENT_2D('',#9294,#9295);
#9294 = CARTESIAN_POINT('',(33.79999616,-4.90999871));
#9295 = DIRECTION('',(1.,0.));
#9296 = ( GEOMETRIC_REPRESENTATION_CONTEXT(2) 
PARAMETRIC_REPRESENTATION_CONTEXT() REPRESENTATION_CONTEXT('2D SPACE',''
  ) );
#9297 = PCURVE('',#7879,#9298);
#9298 = DEFINITIONAL_REPRESENTATION('',(#9299),#9303);
#9299 = LINE('',#9300,#9301);
#9300 = CARTESIAN_POINT('',(-0.,-100.));
#9301 = VECTOR('',#9302,1.);
#9302 = DIRECTION('',(-1.,0.));
#9303 = ( GEOMETRIC_REPRESENTATION_CONTEXT(2) 
PARAMETRIC_REPRESENTATION_CONTEXT() REPRESENTATION_CONTEXT('2D SPACE',''
  ) );
#9304 = ORIENTED_EDGE('',*,*,#9305,.T.);
#9305 = EDGE_CURVE('1_region0_Edge_48',#9282,#9306,#9308,.T.);
#9306 = VERTEX_POINT('1_region0_Vertex_33',#9307);
#9307 = CARTESIAN_POINT('',(31.99999616,-5.10999871,100.));
#9308 = SURFACE_CURVE('',#9309,(#9313,#9320),.PCURVE_S1.);
#9309 = LINE('',#9310,#9311);
#9310 = CARTESIAN_POINT('',(33.79999616,-5.10999871,100.));
#9311 = VECTOR('',#9312,1.);
#9312 = DIRECTION('',(-1.,0.,0.));
#9313 = PCURVE('',#7299,#9314);
#9314 = DEFINITIONAL_REPRESENTATION('',(#9315),#9319);
#9315 = LINE('',#9316,#9317);
#9316 = CARTESIAN_POINT('',(33.79999616,-5.10999871));
#9317 = VECTOR('',#9318,1.);
#9318 = DIRECTION('',(-1.,0.));
#9319 = ( GEOMETRIC_REPRESENTATION_CONTEXT(2) 
PARAMETRIC_REPRESENTATION_CONTEXT() REPRESENTATION_CONTEXT('2D SPACE',''
  ) );
#9320 = PCURVE('',#7907,#9321);
#9321 = DEFINITIONAL_REPRESENTATION('',(#9322),#9326);
#9322 = LINE('',#9323,#9324);
#9323 = CARTESIAN_POINT('',(0.,-100.));
#9324 = VECTOR('',#9325,1.);
#9325 = DIRECTION('',(1.,0.));
#9326 = ( GEOMETRIC_REPRESENTATION_CONTEXT(2) 
PARAMETRIC_REPRESENTATION_CONTEXT() REPRESENTATION_CONTEXT('2D SPACE',''
  ) );
#9327 = ORIENTED_EDGE('',*,*,#9328,.T.);
#9328 = EDGE_CURVE('1_region0_Edge_51',#9306,#9329,#9331,.T.);
#9329 = VERTEX_POINT('1_region0_Vertex_35',#9330);
#9330 = CARTESIAN_POINT('',(31.79999616,-5.30999871,100.));
#9331 = SURFACE_CURVE('',#9332,(#9337,#9344),.PCURVE_S1.);
#9332 = CIRCLE('',#9333,0.2);
#9333 = AXIS2_PLACEMENT_3D('',#9334,#9335,#9336);
#9334 = CARTESIAN_POINT('',(31.99999616,-5.30999871,100.));
#9335 = DIRECTION('',(0.,-0.,1.));
#9336 = DIRECTION('',(1.,0.,0.));
#9337 = PCURVE('',#7299,#9338);
#9338 = DEFINITIONAL_REPRESENTATION('',(#9339),#9343);
#9339 = CIRCLE('',#9340,0.2);
#9340 = AXIS2_PLACEMENT_2D('',#9341,#9342);
#9341 = CARTESIAN_POINT('',(31.99999616,-5.30999871));
#9342 = DIRECTION('',(1.,0.));
#9343 = ( GEOMETRIC_REPRESENTATION_CONTEXT(2) 
PARAMETRIC_REPRESENTATION_CONTEXT() REPRESENTATION_CONTEXT('2D SPACE',''
  ) );
#9344 = PCURVE('',#7936,#9345);
#9345 = DEFINITIONAL_REPRESENTATION('',(#9346),#9350);
#9346 = LINE('',#9347,#9348);
#9347 = CARTESIAN_POINT('',(-0.,-100.));
#9348 = VECTOR('',#9349,1.);
#9349 = DIRECTION('',(-1.,0.));
#9350 = ( GEOMETRIC_REPRESENTATION_CONTEXT(2) 
PARAMETRIC_REPRESENTATION_CONTEXT() REPRESENTATION_CONTEXT('2D SPACE',''
  ) );
#9351 = ORIENTED_EDGE('',*,*,#9352,.T.);
#9352 = EDGE_CURVE('1_region0_Edge_54',#9329,#9353,#9355,.T.);
#9353 = VERTEX_POINT('1_region0_Vertex_37',#9354);
#9354 = CARTESIAN_POINT('',(31.79999616,-6.05999871,100.));
#9355 = SURFACE_CURVE('',#9356,(#9360,#9367),.PCURVE_S1.);
#9356 = LINE('',#9357,#9358);
#9357 = CARTESIAN_POINT('',(31.79999616,-5.30999871,100.));
#9358 = VECTOR('',#9359,1.);
#9359 = DIRECTION('',(0.,-1.,-0.));
#9360 = PCURVE('',#7299,#9361);
#9361 = DEFINITIONAL_REPRESENTATION('',(#9362),#9366);
#9362 = LINE('',#9363,#9364);
#9363 = CARTESIAN_POINT('',(31.79999616,-5.30999871));
#9364 = VECTOR('',#9365,1.);
#9365 = DIRECTION('',(0.,-1.));
#9366 = ( GEOMETRIC_REPRESENTATION_CONTEXT(2) 
PARAMETRIC_REPRESENTATION_CONTEXT() REPRESENTATION_CONTEXT('2D SPACE',''
  ) );
#9367 = PCURVE('',#7964,#9368);
#9368 = DEFINITIONAL_REPRESENTATION('',(#9369),#9373);
#9369 = LINE('',#9370,#9371);
#9370 = CARTESIAN_POINT('',(0.,-100.));
#9371 = VECTOR('',#9372,1.);
#9372 = DIRECTION('',(1.,0.));
#9373 = ( GEOMETRIC_REPRESENTATION_CONTEXT(2) 
PARAMETRIC_REPRESENTATION_CONTEXT() REPRESENTATION_CONTEXT('2D SPACE',''
  ) );
#9374 = ORIENTED_EDGE('',*,*,#9375,.T.);
#9375 = EDGE_CURVE('1_region0_Edge_57',#9353,#9376,#9378,.T.);
#9376 = VERTEX_POINT('1_region0_Vertex_39',#9377);
#9377 = CARTESIAN_POINT('',(31.99999616,-6.25999871,100.));
#9378 = SURFACE_CURVE('',#9379,(#9384,#9391),.PCURVE_S1.);
#9379 = CIRCLE('',#9380,0.2);
#9380 = AXIS2_PLACEMENT_3D('',#9381,#9382,#9383);
#9381 = CARTESIAN_POINT('',(31.99999616,-6.05999871,100.));
#9382 = DIRECTION('',(0.,-0.,1.));
#9383 = DIRECTION('',(1.,0.,0.));
#9384 = PCURVE('',#7299,#9385);
#9385 = DEFINITIONAL_REPRESENTATION('',(#9386),#9390);
#9386 = CIRCLE('',#9387,0.2);
#9387 = AXIS2_PLACEMENT_2D('',#9388,#9389);
#9388 = CARTESIAN_POINT('',(31.99999616,-6.05999871));
#9389 = DIRECTION('',(1.,0.));
#9390 = ( GEOMETRIC_REPRESENTATION_CONTEXT(2) 
PARAMETRIC_REPRESENTATION_CONTEXT() REPRESENTATION_CONTEXT('2D SPACE',''
  ) );
#9391 = PCURVE('',#7993,#9392);
#9392 = DEFINITIONAL_REPRESENTATION('',(#9393),#9397);
#9393 = LINE('',#9394,#9395);
#9394 = CARTESIAN_POINT('',(-0.,-100.));
#9395 = VECTOR('',#9396,1.);
#9396 = DIRECTION('',(-1.,0.));
#9397 = ( GEOMETRIC_REPRESENTATION_CONTEXT(2) 
PARAMETRIC_REPRESENTATION_CONTEXT() REPRESENTATION_CONTEXT('2D SPACE',''
  ) );
#9398 = ORIENTED_EDGE('',*,*,#9399,.T.);
#9399 = EDGE_CURVE('1_region0_Edge_60',#9376,#9400,#9402,.T.);
#9400 = VERTEX_POINT('1_region0_Vertex_41',#9401);
#9401 = CARTESIAN_POINT('',(33.99999616,-6.25999871,100.));
#9402 = SURFACE_CURVE('',#9403,(#9407,#9414),.PCURVE_S1.);
#9403 = LINE('',#9404,#9405);
#9404 = CARTESIAN_POINT('',(31.99999616,-6.25999871,100.));
#9405 = VECTOR('',#9406,1.);
#9406 = DIRECTION('',(1.,0.,0.));
#9407 = PCURVE('',#7299,#9408);
#9408 = DEFINITIONAL_REPRESENTATION('',(#9409),#9413);
#9409 = LINE('',#9410,#9411);
#9410 = CARTESIAN_POINT('',(31.99999616,-6.25999871));
#9411 = VECTOR('',#9412,1.);
#9412 = DIRECTION('',(1.,0.));
#9413 = ( GEOMETRIC_REPRESENTATION_CONTEXT(2) 
PARAMETRIC_REPRESENTATION_CONTEXT() REPRESENTATION_CONTEXT('2D SPACE',''
  ) );
#9414 = PCURVE('',#8021,#9415);
#9415 = DEFINITIONAL_REPRESENTATION('',(#9416),#9420);
#9416 = LINE('',#9417,#9418);
#9417 = CARTESIAN_POINT('',(0.,-100.));
#9418 = VECTOR('',#9419,1.);
#9419 = DIRECTION('',(1.,0.));
#9420 = ( GEOMETRIC_REPRESENTATION_CONTEXT(2) 
PARAMETRIC_REPRESENTATION_CONTEXT() REPRESENTATION_CONTEXT('2D SPACE',''
  ) );
#9421 = ORIENTED_EDGE('',*,*,#9422,.T.);
#9422 = EDGE_CURVE('1_region0_Edge_63',#9400,#9423,#9425,.T.);
#9423 = VERTEX_POINT('1_region0_Vertex_43',#9424);
#9424 = CARTESIAN_POINT('',(33.99999616,-8.10999871,100.));
#9425 = SURFACE_CURVE('',#9426,(#9430,#9437),.PCURVE_S1.);
#9426 = LINE('',#9427,#9428);
#9427 = CARTESIAN_POINT('',(33.99999616,-6.25999871,100.));
#9428 = VECTOR('',#9429,1.);
#9429 = DIRECTION('',(0.,-1.,-0.));
#9430 = PCURVE('',#7299,#9431);
#9431 = DEFINITIONAL_REPRESENTATION('',(#9432),#9436);
#9432 = LINE('',#9433,#9434);
#9433 = CARTESIAN_POINT('',(33.99999616,-6.25999871));
#9434 = VECTOR('',#9435,1.);
#9435 = DIRECTION('',(0.,-1.));
#9436 = ( GEOMETRIC_REPRESENTATION_CONTEXT(2) 
PARAMETRIC_REPRESENTATION_CONTEXT() REPRESENTATION_CONTEXT('2D SPACE',''
  ) );
#9437 = PCURVE('',#8049,#9438);
#9438 = DEFINITIONAL_REPRESENTATION('',(#9439),#9443);
#9439 = LINE('',#9440,#9441);
#9440 = CARTESIAN_POINT('',(0.,-100.));
#9441 = VECTOR('',#9442,1.);
#9442 = DIRECTION('',(1.,0.));
#9443 = ( GEOMETRIC_REPRESENTATION_CONTEXT(2) 
PARAMETRIC_REPRESENTATION_CONTEXT() REPRESENTATION_CONTEXT('2D SPACE',''
  ) );
#9444 = ORIENTED_EDGE('',*,*,#9445,.T.);
#9445 = EDGE_CURVE('1_region0_Edge_66',#9423,#9446,#9448,.T.);
#9446 = VERTEX_POINT('1_region0_Vertex_45',#9447);
#9447 = CARTESIAN_POINT('',(32.00308975,-8.10999871,100.));
#9448 = SURFACE_CURVE('',#9449,(#9453,#9460),.PCURVE_S1.);
#9449 = LINE('',#9450,#9451);
#9450 = CARTESIAN_POINT('',(33.99999616,-8.10999871,100.));
#9451 = VECTOR('',#9452,1.);
#9452 = DIRECTION('',(-1.,0.,0.));
#9453 = PCURVE('',#7299,#9454);
#9454 = DEFINITIONAL_REPRESENTATION('',(#9455),#9459);
#9455 = LINE('',#9456,#9457);
#9456 = CARTESIAN_POINT('',(33.99999616,-8.10999871));
#9457 = VECTOR('',#9458,1.);
#9458 = DIRECTION('',(-1.,0.));
#9459 = ( GEOMETRIC_REPRESENTATION_CONTEXT(2) 
PARAMETRIC_REPRESENTATION_CONTEXT() REPRESENTATION_CONTEXT('2D SPACE',''
  ) );
#9460 = PCURVE('',#8077,#9461);
#9461 = DEFINITIONAL_REPRESENTATION('',(#9462),#9466);
#9462 = LINE('',#9463,#9464);
#9463 = CARTESIAN_POINT('',(0.,-100.));
#9464 = VECTOR('',#9465,1.);
#9465 = DIRECTION('',(1.,0.));
#9466 = ( GEOMETRIC_REPRESENTATION_CONTEXT(2) 
PARAMETRIC_REPRESENTATION_CONTEXT() REPRESENTATION_CONTEXT('2D SPACE',''
  ) );
#9467 = ORIENTED_EDGE('',*,*,#9468,.T.);
#9468 = EDGE_CURVE('1_region0_Edge_69',#9446,#9469,#9471,.T.);
#9469 = VERTEX_POINT('1_region0_Vertex_47',#9470);
#9470 = CARTESIAN_POINT('',(31.81515123,-8.37840274,100.));
#9471 = SURFACE_CURVE('',#9472,(#9477,#9484),.PCURVE_S1.);
#9472 = CIRCLE('',#9473,0.199999995955);
#9473 = AXIS2_PLACEMENT_3D('',#9474,#9475,#9476);
#9474 = CARTESIAN_POINT('',(32.003089747894,-8.309998705955,100.));
#9475 = DIRECTION('',(0.,-0.,1.));
#9476 = DIRECTION('',(1.,0.,0.));
#9477 = PCURVE('',#7299,#9478);
#9478 = DEFINITIONAL_REPRESENTATION('',(#9479),#9483);
#9479 = CIRCLE('',#9480,0.199999995955);
#9480 = AXIS2_PLACEMENT_2D('',#9481,#9482);
#9481 = CARTESIAN_POINT('',(32.003089747894,-8.309998705955));
#9482 = DIRECTION('',(1.,0.));
#9483 = ( GEOMETRIC_REPRESENTATION_CONTEXT(2) 
PARAMETRIC_REPRESENTATION_CONTEXT() REPRESENTATION_CONTEXT('2D SPACE',''
  ) );
#9484 = PCURVE('',#8106,#9485);
#9485 = DEFINITIONAL_REPRESENTATION('',(#9486),#9490);
#9486 = LINE('',#9487,#9488);
#9487 = CARTESIAN_POINT('',(-0.,-100.));
#9488 = VECTOR('',#9489,1.);
#9489 = DIRECTION('',(-1.,0.));
#9490 = ( GEOMETRIC_REPRESENTATION_CONTEXT(2) 
PARAMETRIC_REPRESENTATION_CONTEXT() REPRESENTATION_CONTEXT('2D SPACE',''
  ) );
#9491 = ORIENTED_EDGE('',*,*,#9492,.T.);
#9492 = EDGE_CURVE('1_region0_Edge_72',#9469,#9493,#9495,.T.);
#9493 = VERTEX_POINT('1_region0_Vertex_49',#9494);
#9494 = CARTESIAN_POINT('',(32.077978776762,-9.100515491191,100.));
#9495 = SURFACE_CURVE('',#9496,(#9500,#9507),.PCURVE_S1.);
#9496 = LINE('',#9497,#9498);
#9497 = CARTESIAN_POINT('',(31.81515123,-8.37840274,100.));
#9498 = VECTOR('',#9499,1.);
#9499 = DIRECTION('',(0.342020142802,-0.939692620976,-0.));
#9500 = PCURVE('',#7299,#9501);
#9501 = DEFINITIONAL_REPRESENTATION('',(#9502),#9506);
#9502 = LINE('',#9503,#9504);
#9503 = CARTESIAN_POINT('',(31.81515123,-8.37840274));
#9504 = VECTOR('',#9505,1.);
#9505 = DIRECTION('',(0.342020142802,-0.939692620976));
#9506 = ( GEOMETRIC_REPRESENTATION_CONTEXT(2) 
PARAMETRIC_REPRESENTATION_CONTEXT() REPRESENTATION_CONTEXT('2D SPACE',''
  ) );
#9507 = PCURVE('',#8134,#9508);
#9508 = DEFINITIONAL_REPRESENTATION('',(#9509),#9513);
#9509 = LINE('',#9510,#9511);
#9510 = CARTESIAN_POINT('',(0.,-100.));
#9511 = VECTOR('',#9512,1.);
#9512 = DIRECTION('',(1.,0.));
#9513 = ( GEOMETRIC_REPRESENTATION_CONTEXT(2) 
PARAMETRIC_REPRESENTATION_CONTEXT() REPRESENTATION_CONTEXT('2D SPACE',''
  ) );
#9514 = ORIENTED_EDGE('',*,*,#9515,.T.);
#9515 = EDGE_CURVE('1_region0_Edge_75',#9493,#9516,#9518,.T.);
#9516 = VERTEX_POINT('1_region0_Vertex_51',#9517);
#9517 = CARTESIAN_POINT('',(32.303369920608,-9.22857342333,100.));
#9518 = SURFACE_CURVE('',#9519,(#9524,#9531),.PCURVE_S1.);
#9519 = CIRCLE('',#9520,0.200000009572);
#9520 = AXIS2_PLACEMENT_3D('',#9521,#9522,#9523);
#9521 = CARTESIAN_POINT('',(32.265917307791,-9.032111453417,100.));
#9522 = DIRECTION('',(0.,-0.,1.));
#9523 = DIRECTION('',(1.,0.,0.));
#9524 = PCURVE('',#7299,#9525);
#9525 = DEFINITIONAL_REPRESENTATION('',(#9526),#9530);
#9526 = CIRCLE('',#9527,0.200000009572);
#9527 = AXIS2_PLACEMENT_2D('',#9528,#9529);
#9528 = CARTESIAN_POINT('',(32.265917307791,-9.032111453417));
#9529 = DIRECTION('',(1.,0.));
#9530 = ( GEOMETRIC_REPRESENTATION_CONTEXT(2) 
PARAMETRIC_REPRESENTATION_CONTEXT() REPRESENTATION_CONTEXT('2D SPACE',''
  ) );
#9531 = PCURVE('',#8163,#9532);
#9532 = DEFINITIONAL_REPRESENTATION('',(#9533),#9537);
#9533 = LINE('',#9534,#9535);
#9534 = CARTESIAN_POINT('',(-0.,-100.));
#9535 = VECTOR('',#9536,1.);
#9536 = DIRECTION('',(-1.,0.));
#9537 = ( GEOMETRIC_REPRESENTATION_CONTEXT(2) 
PARAMETRIC_REPRESENTATION_CONTEXT() REPRESENTATION_CONTEXT('2D SPACE',''
  ) );
#9538 = ORIENTED_EDGE('',*,*,#9539,.F.);
#9539 = EDGE_CURVE('1_region0_Edge_78',#9540,#9516,#9542,.T.);
#9540 = VERTEX_POINT('1_region0_Vertex_53',#9541);
#9541 = CARTESIAN_POINT('',(31.450096749401,-10.24546478998,100.));
#9542 = SURFACE_CURVE('',#9543,(#9548,#9555),.PCURVE_S1.);
#9543 = CIRCLE('',#9544,1.050000000967);
#9544 = AXIS2_PLACEMENT_3D('',#9545,#9546,#9547);
#9545 = CARTESIAN_POINT('',(32.499996157515,-10.25999871145,100.));
#9546 = DIRECTION('',(0.,-0.,1.));
#9547 = DIRECTION('',(1.,0.,0.));
#9548 = PCURVE('',#7299,#9549);
#9549 = DEFINITIONAL_REPRESENTATION('',(#9550),#9554);
#9550 = CIRCLE('',#9551,1.050000000967);
#9551 = AXIS2_PLACEMENT_2D('',#9552,#9553);
#9552 = CARTESIAN_POINT('',(32.499996157515,-10.25999871145));
#9553 = DIRECTION('',(1.,0.));
#9554 = ( GEOMETRIC_REPRESENTATION_CONTEXT(2) 
PARAMETRIC_REPRESENTATION_CONTEXT() REPRESENTATION_CONTEXT('2D SPACE',''
  ) );
#9555 = PCURVE('',#8192,#9556);
#9556 = DEFINITIONAL_REPRESENTATION('',(#9557),#9561);
#9557 = LINE('',#9558,#9559);
#9558 = CARTESIAN_POINT('',(-0.,-100.));
#9559 = VECTOR('',#9560,1.);
#9560 = DIRECTION('',(-1.,0.));
#9561 = ( GEOMETRIC_REPRESENTATION_CONTEXT(2) 
PARAMETRIC_REPRESENTATION_CONTEXT() REPRESENTATION_CONTEXT('2D SPACE',''
  ) );
#9562 = ORIENTED_EDGE('',*,*,#9563,.T.);
#9563 = EDGE_CURVE('1_region0_Edge_81',#9540,#9564,#9566,.T.);
#9564 = VERTEX_POINT('1_region0_Vertex_55',#9565);
#9565 = CARTESIAN_POINT('',(31.28484554,-10.04573487,100.));
#9566 = SURFACE_CURVE('',#9567,(#9572,#9579),.PCURVE_S1.);
#9567 = CIRCLE('',#9568,0.199999996741);
#9568 = AXIS2_PLACEMENT_3D('',#9569,#9570,#9571);
#9569 = CARTESIAN_POINT('',(31.250115913276,-10.24269641884,100.));
#9570 = DIRECTION('',(0.,-0.,1.));
#9571 = DIRECTION('',(1.,0.,0.));
#9572 = PCURVE('',#7299,#9573);
#9573 = DEFINITIONAL_REPRESENTATION('',(#9574),#9578);
#9574 = CIRCLE('',#9575,0.199999996741);
#9575 = AXIS2_PLACEMENT_2D('',#9576,#9577);
#9576 = CARTESIAN_POINT('',(31.250115913276,-10.24269641884));
#9577 = DIRECTION('',(1.,0.));
#9578 = ( GEOMETRIC_REPRESENTATION_CONTEXT(2) 
PARAMETRIC_REPRESENTATION_CONTEXT() REPRESENTATION_CONTEXT('2D SPACE',''
  ) );
#9579 = PCURVE('',#8221,#9580);
#9580 = DEFINITIONAL_REPRESENTATION('',(#9581),#9585);
#9581 = LINE('',#9582,#9583);
#9582 = CARTESIAN_POINT('',(-0.,-100.));
#9583 = VECTOR('',#9584,1.);
#9584 = DIRECTION('',(-1.,0.));
#9585 = ( GEOMETRIC_REPRESENTATION_CONTEXT(2) 
PARAMETRIC_REPRESENTATION_CONTEXT() REPRESENTATION_CONTEXT('2D SPACE',''
  ) );
#9586 = ORIENTED_EDGE('',*,*,#9587,.T.);
#9587 = EDGE_CURVE('1_region0_Edge_84',#9564,#9588,#9590,.T.);
#9588 = VERTEX_POINT('1_region0_Vertex_57',#9589);
#9589 = CARTESIAN_POINT('',(30.584725790274,-9.92228486847,100.));
#9590 = SURFACE_CURVE('',#9591,(#9595,#9602),.PCURVE_S1.);
#9591 = LINE('',#9592,#9593);
#9592 = CARTESIAN_POINT('',(31.28484554,-10.04573487,100.));
#9593 = VECTOR('',#9594,1.);
#9594 = DIRECTION('',(-0.98480775303,0.173648177566,0.));
#9595 = PCURVE('',#7299,#9596);
#9596 = DEFINITIONAL_REPRESENTATION('',(#9597),#9601);
#9597 = LINE('',#9598,#9599);
#9598 = CARTESIAN_POINT('',(31.28484554,-10.04573487));
#9599 = VECTOR('',#9600,1.);
#9600 = DIRECTION('',(-0.98480775303,0.173648177566));
#9601 = ( GEOMETRIC_REPRESENTATION_CONTEXT(2) 
PARAMETRIC_REPRESENTATION_CONTEXT() REPRESENTATION_CONTEXT('2D SPACE',''
  ) );
#9602 = PCURVE('',#8249,#9603);
#9603 = DEFINITIONAL_REPRESENTATION('',(#9604),#9608);
#9604 = LINE('',#9605,#9606);
#9605 = CARTESIAN_POINT('',(0.,-100.));
#9606 = VECTOR('',#9607,1.);
#9607 = DIRECTION('',(1.,0.));
#9608 = ( GEOMETRIC_REPRESENTATION_CONTEXT(2) 
PARAMETRIC_REPRESENTATION_CONTEXT() REPRESENTATION_CONTEXT('2D SPACE',''
  ) );
#9609 = ORIENTED_EDGE('',*,*,#9610,.T.);
#9610 = EDGE_CURVE('1_region0_Edge_87',#9588,#9611,#9613,.T.);
#9611 = VERTEX_POINT('1_region0_Vertex_59',#9612);
#9612 = CARTESIAN_POINT('',(30.34999616,-10.11924642,100.));
#9613 = SURFACE_CURVE('',#9614,(#9619,#9626),.PCURVE_S1.);
#9614 = CIRCLE('',#9615,0.2);
#9615 = AXIS2_PLACEMENT_3D('',#9616,#9617,#9618);
#9616 = CARTESIAN_POINT('',(30.54999616,-10.11924642,100.));
#9617 = DIRECTION('',(0.,-0.,1.));
#9618 = DIRECTION('',(1.,0.,0.));
#9619 = PCURVE('',#7299,#9620);
#9620 = DEFINITIONAL_REPRESENTATION('',(#9621),#9625);
#9621 = CIRCLE('',#9622,0.2);
#9622 = AXIS2_PLACEMENT_2D('',#9623,#9624);
#9623 = CARTESIAN_POINT('',(30.54999616,-10.11924642));
#9624 = DIRECTION('',(1.,0.));
#9625 = ( GEOMETRIC_REPRESENTATION_CONTEXT(2) 
PARAMETRIC_REPRESENTATION_CONTEXT() REPRESENTATION_CONTEXT('2D SPACE',''
  ) );
#9626 = PCURVE('',#8278,#9627);
#9627 = DEFINITIONAL_REPRESENTATION('',(#9628),#9632);
#9628 = LINE('',#9629,#9630);
#9629 = CARTESIAN_POINT('',(-0.,-100.));
#9630 = VECTOR('',#9631,1.);
#9631 = DIRECTION('',(-1.,0.));
#9632 = ( GEOMETRIC_REPRESENTATION_CONTEXT(2) 
PARAMETRIC_REPRESENTATION_CONTEXT() REPRESENTATION_CONTEXT('2D SPACE',''
  ) );
#9633 = ORIENTED_EDGE('',*,*,#9634,.T.);
#9634 = EDGE_CURVE('1_region0_Edge_90',#9611,#9635,#9637,.T.);
#9635 = VERTEX_POINT('1_region0_Vertex_61',#9636);
#9636 = CARTESIAN_POINT('',(30.34999616,-11.95999871,100.));
#9637 = SURFACE_CURVE('',#9638,(#9642,#9649),.PCURVE_S1.);
#9638 = LINE('',#9639,#9640);
#9639 = CARTESIAN_POINT('',(30.34999616,-10.11924642,100.));
#9640 = VECTOR('',#9641,1.);
#9641 = DIRECTION('',(0.,-1.,-0.));
#9642 = PCURVE('',#7299,#9643);
#9643 = DEFINITIONAL_REPRESENTATION('',(#9644),#9648);
#9644 = LINE('',#9645,#9646);
#9645 = CARTESIAN_POINT('',(30.34999616,-10.11924642));
#9646 = VECTOR('',#9647,1.);
#9647 = DIRECTION('',(0.,-1.));
#9648 = ( GEOMETRIC_REPRESENTATION_CONTEXT(2) 
PARAMETRIC_REPRESENTATION_CONTEXT() REPRESENTATION_CONTEXT('2D SPACE',''
  ) );
#9649 = PCURVE('',#8306,#9650);
#9650 = DEFINITIONAL_REPRESENTATION('',(#9651),#9655);
#9651 = LINE('',#9652,#9653);
#9652 = CARTESIAN_POINT('',(0.,-100.));
#9653 = VECTOR('',#9654,1.);
#9654 = DIRECTION('',(1.,0.));
#9655 = ( GEOMETRIC_REPRESENTATION_CONTEXT(2) 
PARAMETRIC_REPRESENTATION_CONTEXT() REPRESENTATION_CONTEXT('2D SPACE',''
  ) );
#9656 = ORIENTED_EDGE('',*,*,#9657,.T.);
#9657 = EDGE_CURVE('1_region0_Edge_93',#9635,#9658,#9660,.T.);
#9658 = VERTEX_POINT('1_region0_Vertex_63',#9659);
#9659 = CARTESIAN_POINT('',(-30.35000384,-11.95999871,100.));
#9660 = SURFACE_CURVE('',#9661,(#9665,#9672),.PCURVE_S1.);
#9661 = LINE('',#9662,#9663);
#9662 = CARTESIAN_POINT('',(30.34999616,-11.95999871,100.));
#9663 = VECTOR('',#9664,1.);
#9664 = DIRECTION('',(-1.,0.,0.));
#9665 = PCURVE('',#7299,#9666);
#9666 = DEFINITIONAL_REPRESENTATION('',(#9667),#9671);
#9667 = LINE('',#9668,#9669);
#9668 = CARTESIAN_POINT('',(30.34999616,-11.95999871));
#9669 = VECTOR('',#9670,1.);
#9670 = DIRECTION('',(-1.,0.));
#9671 = ( GEOMETRIC_REPRESENTATION_CONTEXT(2) 
PARAMETRIC_REPRESENTATION_CONTEXT() REPRESENTATION_CONTEXT('2D SPACE',''
  ) );
#9672 = PCURVE('',#8334,#9673);
#9673 = DEFINITIONAL_REPRESENTATION('',(#9674),#9678);
#9674 = LINE('',#9675,#9676);
#9675 = CARTESIAN_POINT('',(0.,-100.));
#9676 = VECTOR('',#9677,1.);
#9677 = DIRECTION('',(1.,0.));
#9678 = ( GEOMETRIC_REPRESENTATION_CONTEXT(2) 
PARAMETRIC_REPRESENTATION_CONTEXT() REPRESENTATION_CONTEXT('2D SPACE',''
  ) );
#9679 = ORIENTED_EDGE('',*,*,#9680,.T.);
#9680 = EDGE_CURVE('1_region0_Edge_96',#9658,#9681,#9683,.T.);
#9681 = VERTEX_POINT('1_region0_Vertex_65',#9682);
#9682 = CARTESIAN_POINT('',(-30.35000384,-10.11924642,100.));
#9683 = SURFACE_CURVE('',#9684,(#9688,#9695),.PCURVE_S1.);
#9684 = LINE('',#9685,#9686);
#9685 = CARTESIAN_POINT('',(-30.35000384,-11.95999871,100.));
#9686 = VECTOR('',#9687,1.);
#9687 = DIRECTION('',(0.,1.,0.));
#9688 = PCURVE('',#7299,#9689);
#9689 = DEFINITIONAL_REPRESENTATION('',(#9690),#9694);
#9690 = LINE('',#9691,#9692);
#9691 = CARTESIAN_POINT('',(-30.35000384,-11.95999871));
#9692 = VECTOR('',#9693,1.);
#9693 = DIRECTION('',(0.,1.));
#9694 = ( GEOMETRIC_REPRESENTATION_CONTEXT(2) 
PARAMETRIC_REPRESENTATION_CONTEXT() REPRESENTATION_CONTEXT('2D SPACE',''
  ) );
#9695 = PCURVE('',#8362,#9696);
#9696 = DEFINITIONAL_REPRESENTATION('',(#9697),#9701);
#9697 = LINE('',#9698,#9699);
#9698 = CARTESIAN_POINT('',(0.,-100.));
#9699 = VECTOR('',#9700,1.);
#9700 = DIRECTION('',(1.,0.));
#9701 = ( GEOMETRIC_REPRESENTATION_CONTEXT(2) 
PARAMETRIC_REPRESENTATION_CONTEXT() REPRESENTATION_CONTEXT('2D SPACE',''
  ) );
#9702 = ORIENTED_EDGE('',*,*,#9703,.T.);
#9703 = EDGE_CURVE('1_region0_Edge_99',#9681,#9704,#9706,.T.);
#9704 = VERTEX_POINT('1_region0_Vertex_67',#9705);
#9705 = CARTESIAN_POINT('',(-30.58473348,-9.92228487,100.));
#9706 = SURFACE_CURVE('',#9707,(#9712,#9719),.PCURVE_S1.);
#9707 = CIRCLE('',#9708,0.200000000255);
#9708 = AXIS2_PLACEMENT_3D('',#9709,#9710,#9711);
#9709 = CARTESIAN_POINT('',(-30.55000384025,-10.11924642011,100.));
#9710 = DIRECTION('',(0.,-0.,1.));
#9711 = DIRECTION('',(1.,0.,0.));
#9712 = PCURVE('',#7299,#9713);
#9713 = DEFINITIONAL_REPRESENTATION('',(#9714),#9718);
#9714 = CIRCLE('',#9715,0.200000000255);
#9715 = AXIS2_PLACEMENT_2D('',#9716,#9717);
#9716 = CARTESIAN_POINT('',(-30.55000384025,-10.11924642011));
#9717 = DIRECTION('',(1.,0.));
#9718 = ( GEOMETRIC_REPRESENTATION_CONTEXT(2) 
PARAMETRIC_REPRESENTATION_CONTEXT() REPRESENTATION_CONTEXT('2D SPACE',''
  ) );
#9719 = PCURVE('',#8391,#9720);
#9720 = DEFINITIONAL_REPRESENTATION('',(#9721),#9725);
#9721 = LINE('',#9722,#9723);
#9722 = CARTESIAN_POINT('',(-0.,-100.));
#9723 = VECTOR('',#9724,1.);
#9724 = DIRECTION('',(-1.,0.));
#9725 = ( GEOMETRIC_REPRESENTATION_CONTEXT(2) 
PARAMETRIC_REPRESENTATION_CONTEXT() REPRESENTATION_CONTEXT('2D SPACE',''
  ) );
#9726 = ORIENTED_EDGE('',*,*,#9727,.T.);
#9727 = EDGE_CURVE('1_region0_Edge_102',#9704,#9728,#9730,.T.);
#9728 = VERTEX_POINT('1_region0_Vertex_69',#9729);
#9729 = CARTESIAN_POINT('',(-31.28485323027,-10.04573486847,100.));
#9730 = SURFACE_CURVE('',#9731,(#9735,#9742),.PCURVE_S1.);
#9731 = LINE('',#9732,#9733);
#9732 = CARTESIAN_POINT('',(-30.58473348,-9.92228487,100.));
#9733 = VECTOR('',#9734,1.);
#9734 = DIRECTION('',(-0.984807753789,-0.173648173261,0.));
#9735 = PCURVE('',#7299,#9736);
#9736 = DEFINITIONAL_REPRESENTATION('',(#9737),#9741);
#9737 = LINE('',#9738,#9739);
#9738 = CARTESIAN_POINT('',(-30.58473348,-9.92228487));
#9739 = VECTOR('',#9740,1.);
#9740 = DIRECTION('',(-0.984807753789,-0.173648173261));
#9741 = ( GEOMETRIC_REPRESENTATION_CONTEXT(2) 
PARAMETRIC_REPRESENTATION_CONTEXT() REPRESENTATION_CONTEXT('2D SPACE',''
  ) );
#9742 = PCURVE('',#8419,#9743);
#9743 = DEFINITIONAL_REPRESENTATION('',(#9744),#9748);
#9744 = LINE('',#9745,#9746);
#9745 = CARTESIAN_POINT('',(0.,-100.));
#9746 = VECTOR('',#9747,1.);
#9747 = DIRECTION('',(1.,0.));
#9748 = ( GEOMETRIC_REPRESENTATION_CONTEXT(2) 
PARAMETRIC_REPRESENTATION_CONTEXT() REPRESENTATION_CONTEXT('2D SPACE',''
  ) );
#9749 = ORIENTED_EDGE('',*,*,#9750,.T.);
#9750 = EDGE_CURVE('1_region0_Edge_105',#9728,#9751,#9753,.T.);
#9751 = VERTEX_POINT('1_region0_Vertex_71',#9752);
#9752 = CARTESIAN_POINT('',(-31.45010443283,-10.24546479009,100.));
#9753 = SURFACE_CURVE('',#9754,(#9759,#9766),.PCURVE_S1.);
#9754 = CIRCLE('',#9755,0.199999986228);
#9755 = AXIS2_PLACEMENT_3D('',#9756,#9757,#9758);
#9756 = CARTESIAN_POINT('',(-31.25012360738,-10.24269640731,100.));
#9757 = DIRECTION('',(0.,-0.,1.));
#9758 = DIRECTION('',(1.,0.,0.));
#9759 = PCURVE('',#7299,#9760);
#9760 = DEFINITIONAL_REPRESENTATION('',(#9761),#9765);
#9761 = CIRCLE('',#9762,0.199999986228);
#9762 = AXIS2_PLACEMENT_2D('',#9763,#9764);
#9763 = CARTESIAN_POINT('',(-31.25012360738,-10.24269640731));
#9764 = DIRECTION('',(1.,0.));
#9765 = ( GEOMETRIC_REPRESENTATION_CONTEXT(2) 
PARAMETRIC_REPRESENTATION_CONTEXT() REPRESENTATION_CONTEXT('2D SPACE',''
  ) );
#9766 = PCURVE('',#8448,#9767);
#9767 = DEFINITIONAL_REPRESENTATION('',(#9768),#9772);
#9768 = LINE('',#9769,#9770);
#9769 = CARTESIAN_POINT('',(-0.,-100.));
#9770 = VECTOR('',#9771,1.);
#9771 = DIRECTION('',(-1.,0.));
#9772 = ( GEOMETRIC_REPRESENTATION_CONTEXT(2) 
PARAMETRIC_REPRESENTATION_CONTEXT() REPRESENTATION_CONTEXT('2D SPACE',''
  ) );
#9773 = ORIENTED_EDGE('',*,*,#9774,.F.);
#9774 = EDGE_CURVE('1_region0_Edge_108',#9775,#9751,#9777,.T.);
#9775 = VERTEX_POINT('1_region0_Vertex_73',#9776);
#9776 = CARTESIAN_POINT('',(-32.30337760977,-9.228573418843,100.));
#9777 = SURFACE_CURVE('',#9778,(#9783,#9790),.PCURVE_S1.);
#9778 = CIRCLE('',#9779,1.050000000758);
#9779 = AXIS2_PLACEMENT_3D('',#9780,#9781,#9782);
#9780 = CARTESIAN_POINT('',(-32.50000384078,-10.25999870788,100.));
#9781 = DIRECTION('',(0.,-0.,1.));
#9782 = DIRECTION('',(1.,0.,0.));
#9783 = PCURVE('',#7299,#9784);
#9784 = DEFINITIONAL_REPRESENTATION('',(#9785),#9789);
#9785 = CIRCLE('',#9786,1.050000000758);
#9786 = AXIS2_PLACEMENT_2D('',#9787,#9788);
#9787 = CARTESIAN_POINT('',(-32.50000384078,-10.25999870788));
#9788 = DIRECTION('',(1.,0.));
#9789 = ( GEOMETRIC_REPRESENTATION_CONTEXT(2) 
PARAMETRIC_REPRESENTATION_CONTEXT() REPRESENTATION_CONTEXT('2D SPACE',''
  ) );
#9790 = PCURVE('',#8477,#9791);
#9791 = DEFINITIONAL_REPRESENTATION('',(#9792),#9796);
#9792 = LINE('',#9793,#9794);
#9793 = CARTESIAN_POINT('',(-0.,-100.));
#9794 = VECTOR('',#9795,1.);
#9795 = DIRECTION('',(-1.,0.));
#9796 = ( GEOMETRIC_REPRESENTATION_CONTEXT(2) 
PARAMETRIC_REPRESENTATION_CONTEXT() REPRESENTATION_CONTEXT('2D SPACE',''
  ) );
#9797 = ORIENTED_EDGE('',*,*,#9798,.T.);
#9798 = EDGE_CURVE('1_region0_Edge_111',#9775,#9799,#9801,.T.);
#9799 = VERTEX_POINT('1_region0_Vertex_75',#9800);
#9800 = CARTESIAN_POINT('',(-32.07798647,-9.10051549,100.));
#9801 = SURFACE_CURVE('',#9802,(#9807,#9814),.PCURVE_S1.);
#9802 = CIRCLE('',#9803,0.199999992765);
#9803 = AXIS2_PLACEMENT_3D('',#9804,#9805,#9806);
#9804 = CARTESIAN_POINT('',(-32.26592498874,-9.032111467605,100.));
#9805 = DIRECTION('',(0.,-0.,1.));
#9806 = DIRECTION('',(1.,0.,0.));
#9807 = PCURVE('',#7299,#9808);
#9808 = DEFINITIONAL_REPRESENTATION('',(#9809),#9813);
#9809 = CIRCLE('',#9810,0.199999992765);
#9810 = AXIS2_PLACEMENT_2D('',#9811,#9812);
#9811 = CARTESIAN_POINT('',(-32.26592498874,-9.032111467605));
#9812 = DIRECTION('',(1.,0.));
#9813 = ( GEOMETRIC_REPRESENTATION_CONTEXT(2) 
PARAMETRIC_REPRESENTATION_CONTEXT() REPRESENTATION_CONTEXT('2D SPACE',''
  ) );
#9814 = PCURVE('',#8506,#9815);
#9815 = DEFINITIONAL_REPRESENTATION('',(#9816),#9820);
#9816 = LINE('',#9817,#9818);
#9817 = CARTESIAN_POINT('',(-0.,-100.));
#9818 = VECTOR('',#9819,1.);
#9819 = DIRECTION('',(-1.,0.));
#9820 = ( GEOMETRIC_REPRESENTATION_CONTEXT(2) 
PARAMETRIC_REPRESENTATION_CONTEXT() REPRESENTATION_CONTEXT('2D SPACE',''
  ) );
#9821 = ORIENTED_EDGE('',*,*,#9822,.T.);
#9822 = EDGE_CURVE('1_region0_Edge_114',#9799,#9823,#9825,.T.);
#9823 = VERTEX_POINT('1_region0_Vertex_77',#9824);
#9824 = CARTESIAN_POINT('',(-31.81515891676,-8.378402741191,100.));
#9825 = SURFACE_CURVE('',#9826,(#9830,#9837),.PCURVE_S1.);
#9826 = LINE('',#9827,#9828);
#9827 = CARTESIAN_POINT('',(-32.07798647,-9.10051549,100.));
#9828 = VECTOR('',#9829,1.);
#9829 = DIRECTION('',(0.34202015124,0.939692617905,0.));
#9830 = PCURVE('',#7299,#9831);
#9831 = DEFINITIONAL_REPRESENTATION('',(#9832),#9836);
#9832 = LINE('',#9833,#9834);
#9833 = CARTESIAN_POINT('',(-32.07798647,-9.10051549));
#9834 = VECTOR('',#9835,1.);
#9835 = DIRECTION('',(0.34202015124,0.939692617905));
#9836 = ( GEOMETRIC_REPRESENTATION_CONTEXT(2) 
PARAMETRIC_REPRESENTATION_CONTEXT() REPRESENTATION_CONTEXT('2D SPACE',''
  ) );
#9837 = PCURVE('',#8534,#9838);
#9838 = DEFINITIONAL_REPRESENTATION('',(#9839),#9843);
#9839 = LINE('',#9840,#9841);
#9840 = CARTESIAN_POINT('',(0.,-100.));
#9841 = VECTOR('',#9842,1.);
#9842 = DIRECTION('',(1.,0.));
#9843 = ( GEOMETRIC_REPRESENTATION_CONTEXT(2) 
PARAMETRIC_REPRESENTATION_CONTEXT() REPRESENTATION_CONTEXT('2D SPACE',''
  ) );
#9844 = ORIENTED_EDGE('',*,*,#9845,.T.);
#9845 = EDGE_CURVE('1_region0_Edge_117',#9823,#9846,#9848,.T.);
#9846 = VERTEX_POINT('1_region0_Vertex_79',#9847);
#9847 = CARTESIAN_POINT('',(-32.00309744,-8.10999871,100.));
#9848 = SURFACE_CURVE('',#9849,(#9854,#9861),.PCURVE_S1.);
#9849 = CIRCLE('',#9850,0.2);
#9850 = AXIS2_PLACEMENT_3D('',#9851,#9852,#9853);
#9851 = CARTESIAN_POINT('',(-32.00309744,-8.30999871,100.));
#9852 = DIRECTION('',(0.,-0.,1.));
#9853 = DIRECTION('',(1.,0.,0.));
#9854 = PCURVE('',#7299,#9855);
#9855 = DEFINITIONAL_REPRESENTATION('',(#9856),#9860);
#9856 = CIRCLE('',#9857,0.2);
#9857 = AXIS2_PLACEMENT_2D('',#9858,#9859);
#9858 = CARTESIAN_POINT('',(-32.00309744,-8.30999871));
#9859 = DIRECTION('',(1.,0.));
#9860 = ( GEOMETRIC_REPRESENTATION_CONTEXT(2) 
PARAMETRIC_REPRESENTATION_CONTEXT() REPRESENTATION_CONTEXT('2D SPACE',''
  ) );
#9861 = PCURVE('',#8563,#9862);
#9862 = DEFINITIONAL_REPRESENTATION('',(#9863),#9867);
#9863 = LINE('',#9864,#9865);
#9864 = CARTESIAN_POINT('',(-0.,-100.));
#9865 = VECTOR('',#9866,1.);
#9866 = DIRECTION('',(-1.,0.));
#9867 = ( GEOMETRIC_REPRESENTATION_CONTEXT(2) 
PARAMETRIC_REPRESENTATION_CONTEXT() REPRESENTATION_CONTEXT('2D SPACE',''
  ) );
#9868 = ORIENTED_EDGE('',*,*,#9869,.T.);
#9869 = EDGE_CURVE('1_region0_Edge_120',#9846,#9870,#9872,.T.);
#9870 = VERTEX_POINT('1_region0_Vertex_81',#9871);
#9871 = CARTESIAN_POINT('',(-34.00000384,-8.10999871,100.));
#9872 = SURFACE_CURVE('',#9873,(#9877,#9884),.PCURVE_S1.);
#9873 = LINE('',#9874,#9875);
#9874 = CARTESIAN_POINT('',(-32.00309744,-8.10999871,100.));
#9875 = VECTOR('',#9876,1.);
#9876 = DIRECTION('',(-1.,0.,0.));
#9877 = PCURVE('',#7299,#9878);
#9878 = DEFINITIONAL_REPRESENTATION('',(#9879),#9883);
#9879 = LINE('',#9880,#9881);
#9880 = CARTESIAN_POINT('',(-32.00309744,-8.10999871));
#9881 = VECTOR('',#9882,1.);
#9882 = DIRECTION('',(-1.,0.));
#9883 = ( GEOMETRIC_REPRESENTATION_CONTEXT(2) 
PARAMETRIC_REPRESENTATION_CONTEXT() REPRESENTATION_CONTEXT('2D SPACE',''
  ) );
#9884 = PCURVE('',#8591,#9885);
#9885 = DEFINITIONAL_REPRESENTATION('',(#9886),#9890);
#9886 = LINE('',#9887,#9888);
#9887 = CARTESIAN_POINT('',(0.,-100.));
#9888 = VECTOR('',#9889,1.);
#9889 = DIRECTION('',(1.,0.));
#9890 = ( GEOMETRIC_REPRESENTATION_CONTEXT(2) 
PARAMETRIC_REPRESENTATION_CONTEXT() REPRESENTATION_CONTEXT('2D SPACE',''
  ) );
#9891 = ORIENTED_EDGE('',*,*,#9892,.T.);
#9892 = EDGE_CURVE('1_region0_Edge_123',#9870,#9893,#9895,.T.);
#9893 = VERTEX_POINT('1_region0_Vertex_83',#9894);
#9894 = CARTESIAN_POINT('',(-34.00000384,-6.25999871,100.));
#9895 = SURFACE_CURVE('',#9896,(#9900,#9907),.PCURVE_S1.);
#9896 = LINE('',#9897,#9898);
#9897 = CARTESIAN_POINT('',(-34.00000384,-8.10999871,100.));
#9898 = VECTOR('',#9899,1.);
#9899 = DIRECTION('',(0.,1.,0.));
#9900 = PCURVE('',#7299,#9901);
#9901 = DEFINITIONAL_REPRESENTATION('',(#9902),#9906);
#9902 = LINE('',#9903,#9904);
#9903 = CARTESIAN_POINT('',(-34.00000384,-8.10999871));
#9904 = VECTOR('',#9905,1.);
#9905 = DIRECTION('',(0.,1.));
#9906 = ( GEOMETRIC_REPRESENTATION_CONTEXT(2) 
PARAMETRIC_REPRESENTATION_CONTEXT() REPRESENTATION_CONTEXT('2D SPACE',''
  ) );
#9907 = PCURVE('',#8619,#9908);
#9908 = DEFINITIONAL_REPRESENTATION('',(#9909),#9913);
#9909 = LINE('',#9910,#9911);
#9910 = CARTESIAN_POINT('',(0.,-100.));
#9911 = VECTOR('',#9912,1.);
#9912 = DIRECTION('',(1.,0.));
#9913 = ( GEOMETRIC_REPRESENTATION_CONTEXT(2) 
PARAMETRIC_REPRESENTATION_CONTEXT() REPRESENTATION_CONTEXT('2D SPACE',''
  ) );
#9914 = ORIENTED_EDGE('',*,*,#9915,.T.);
#9915 = EDGE_CURVE('1_region0_Edge_126',#9893,#9916,#9918,.T.);
#9916 = VERTEX_POINT('1_region0_Vertex_85',#9917);
#9917 = CARTESIAN_POINT('',(-32.00000384,-6.25999871,100.));
#9918 = SURFACE_CURVE('',#9919,(#9923,#9930),.PCURVE_S1.);
#9919 = LINE('',#9920,#9921);
#9920 = CARTESIAN_POINT('',(-34.00000384,-6.25999871,100.));
#9921 = VECTOR('',#9922,1.);
#9922 = DIRECTION('',(1.,0.,0.));
#9923 = PCURVE('',#7299,#9924);
#9924 = DEFINITIONAL_REPRESENTATION('',(#9925),#9929);
#9925 = LINE('',#9926,#9927);
#9926 = CARTESIAN_POINT('',(-34.00000384,-6.25999871));
#9927 = VECTOR('',#9928,1.);
#9928 = DIRECTION('',(1.,0.));
#9929 = ( GEOMETRIC_REPRESENTATION_CONTEXT(2) 
PARAMETRIC_REPRESENTATION_CONTEXT() REPRESENTATION_CONTEXT('2D SPACE',''
  ) );
#9930 = PCURVE('',#8647,#9931);
#9931 = DEFINITIONAL_REPRESENTATION('',(#9932),#9936);
#9932 = LINE('',#9933,#9934);
#9933 = CARTESIAN_POINT('',(0.,-100.));
#9934 = VECTOR('',#9935,1.);
#9935 = DIRECTION('',(1.,0.));
#9936 = ( GEOMETRIC_REPRESENTATION_CONTEXT(2) 
PARAMETRIC_REPRESENTATION_CONTEXT() REPRESENTATION_CONTEXT('2D SPACE',''
  ) );
#9937 = ORIENTED_EDGE('',*,*,#9938,.T.);
#9938 = EDGE_CURVE('1_region0_Edge_129',#9916,#9939,#9941,.T.);
#9939 = VERTEX_POINT('1_region0_Vertex_87',#9940);
#9940 = CARTESIAN_POINT('',(-31.80000384,-6.05999871,100.));
#9941 = SURFACE_CURVE('',#9942,(#9947,#9954),.PCURVE_S1.);
#9942 = CIRCLE('',#9943,0.2);
#9943 = AXIS2_PLACEMENT_3D('',#9944,#9945,#9946);
#9944 = CARTESIAN_POINT('',(-32.00000384,-6.05999871,100.));
#9945 = DIRECTION('',(0.,-0.,1.));
#9946 = DIRECTION('',(1.,0.,0.));
#9947 = PCURVE('',#7299,#9948);
#9948 = DEFINITIONAL_REPRESENTATION('',(#9949),#9953);
#9949 = CIRCLE('',#9950,0.2);
#9950 = AXIS2_PLACEMENT_2D('',#9951,#9952);
#9951 = CARTESIAN_POINT('',(-32.00000384,-6.05999871));
#9952 = DIRECTION('',(1.,0.));
#9953 = ( GEOMETRIC_REPRESENTATION_CONTEXT(2) 
PARAMETRIC_REPRESENTATION_CONTEXT() REPRESENTATION_CONTEXT('2D SPACE',''
  ) );
#9954 = PCURVE('',#8676,#9955);
#9955 = DEFINITIONAL_REPRESENTATION('',(#9956),#9960);
#9956 = LINE('',#9957,#9958);
#9957 = CARTESIAN_POINT('',(-0.,-100.));
#9958 = VECTOR('',#9959,1.);
#9959 = DIRECTION('',(-1.,0.));
#9960 = ( GEOMETRIC_REPRESENTATION_CONTEXT(2) 
PARAMETRIC_REPRESENTATION_CONTEXT() REPRESENTATION_CONTEXT('2D SPACE',''
  ) );
#9961 = ORIENTED_EDGE('',*,*,#9962,.T.);
#9962 = EDGE_CURVE('1_region0_Edge_132',#9939,#9963,#9965,.T.);
#9963 = VERTEX_POINT('1_region0_Vertex_89',#9964);
#9964 = CARTESIAN_POINT('',(-31.80000384,-5.30999871,100.));
#9965 = SURFACE_CURVE('',#9966,(#9970,#9977),.PCURVE_S1.);
#9966 = LINE('',#9967,#9968);
#9967 = CARTESIAN_POINT('',(-31.80000384,-6.05999871,100.));
#9968 = VECTOR('',#9969,1.);
#9969 = DIRECTION('',(0.,1.,0.));
#9970 = PCURVE('',#7299,#9971);
#9971 = DEFINITIONAL_REPRESENTATION('',(#9972),#9976);
#9972 = LINE('',#9973,#9974);
#9973 = CARTESIAN_POINT('',(-31.80000384,-6.05999871));
#9974 = VECTOR('',#9975,1.);
#9975 = DIRECTION('',(0.,1.));
#9976 = ( GEOMETRIC_REPRESENTATION_CONTEXT(2) 
PARAMETRIC_REPRESENTATION_CONTEXT() REPRESENTATION_CONTEXT('2D SPACE',''
  ) );
#9977 = PCURVE('',#8704,#9978);
#9978 = DEFINITIONAL_REPRESENTATION('',(#9979),#9983);
#9979 = LINE('',#9980,#9981);
#9980 = CARTESIAN_POINT('',(0.,-100.));
#9981 = VECTOR('',#9982,1.);
#9982 = DIRECTION('',(1.,0.));
#9983 = ( GEOMETRIC_REPRESENTATION_CONTEXT(2) 
PARAMETRIC_REPRESENTATION_CONTEXT() REPRESENTATION_CONTEXT('2D SPACE',''
  ) );
#9984 = ORIENTED_EDGE('',*,*,#9985,.T.);
#9985 = EDGE_CURVE('1_region0_Edge_135',#9963,#9986,#9988,.T.);
#9986 = VERTEX_POINT('1_region0_Vertex_91',#9987);
#9987 = CARTESIAN_POINT('',(-32.00000384,-5.10999871,100.));
#9988 = SURFACE_CURVE('',#9989,(#9994,#10001),.PCURVE_S1.);
#9989 = CIRCLE('',#9990,0.2);
#9990 = AXIS2_PLACEMENT_3D('',#9991,#9992,#9993);
#9991 = CARTESIAN_POINT('',(-32.00000384,-5.30999871,100.));
#9992 = DIRECTION('',(0.,-0.,1.));
#9993 = DIRECTION('',(1.,0.,0.));
#9994 = PCURVE('',#7299,#9995);
#9995 = DEFINITIONAL_REPRESENTATION('',(#9996),#10000);
#9996 = CIRCLE('',#9997,0.2);
#9997 = AXIS2_PLACEMENT_2D('',#9998,#9999);
#9998 = CARTESIAN_POINT('',(-32.00000384,-5.30999871));
#9999 = DIRECTION('',(1.,0.));
#10000 = ( GEOMETRIC_REPRESENTATION_CONTEXT(2) 
PARAMETRIC_REPRESENTATION_CONTEXT() REPRESENTATION_CONTEXT('2D SPACE',''
  ) );
#10001 = PCURVE('',#8733,#10002);
#10002 = DEFINITIONAL_REPRESENTATION('',(#10003),#10007);
#10003 = LINE('',#10004,#10005);
#10004 = CARTESIAN_POINT('',(-0.,-100.));
#10005 = VECTOR('',#10006,1.);
#10006 = DIRECTION('',(-1.,0.));
#10007 = ( GEOMETRIC_REPRESENTATION_CONTEXT(2) 
PARAMETRIC_REPRESENTATION_CONTEXT() REPRESENTATION_CONTEXT('2D SPACE',''
  ) );
#10008 = ORIENTED_EDGE('',*,*,#10009,.T.);
#10009 = EDGE_CURVE('1_region0_Edge_138',#9986,#10010,#10012,.T.);
#10010 = VERTEX_POINT('1_region0_Vertex_93',#10011);
#10011 = CARTESIAN_POINT('',(-33.80000384,-5.10999871,100.));
#10012 = SURFACE_CURVE('',#10013,(#10017,#10024),.PCURVE_S1.);
#10013 = LINE('',#10014,#10015);
#10014 = CARTESIAN_POINT('',(-32.00000384,-5.10999871,100.));
#10015 = VECTOR('',#10016,1.);
#10016 = DIRECTION('',(-1.,0.,0.));
#10017 = PCURVE('',#7299,#10018);
#10018 = DEFINITIONAL_REPRESENTATION('',(#10019),#10023);
#10019 = LINE('',#10020,#10021);
#10020 = CARTESIAN_POINT('',(-32.00000384,-5.10999871));
#10021 = VECTOR('',#10022,1.);
#10022 = DIRECTION('',(-1.,0.));
#10023 = ( GEOMETRIC_REPRESENTATION_CONTEXT(2) 
PARAMETRIC_REPRESENTATION_CONTEXT() REPRESENTATION_CONTEXT('2D SPACE',''
  ) );
#10024 = PCURVE('',#8761,#10025);
#10025 = DEFINITIONAL_REPRESENTATION('',(#10026),#10030);
#10026 = LINE('',#10027,#10028);
#10027 = CARTESIAN_POINT('',(0.,-100.));
#10028 = VECTOR('',#10029,1.);
#10029 = DIRECTION('',(1.,0.));
#10030 = ( GEOMETRIC_REPRESENTATION_CONTEXT(2) 
PARAMETRIC_REPRESENTATION_CONTEXT() REPRESENTATION_CONTEXT('2D SPACE',''
  ) );
#10031 = ORIENTED_EDGE('',*,*,#10032,.F.);
#10032 = EDGE_CURVE('1_region0_Edge_141',#10033,#10010,#10035,.T.);
#10033 = VERTEX_POINT('1_region0_Vertex_95',#10034);
#10034 = CARTESIAN_POINT('',(-34.00000384,-4.90999871,100.));
#10035 = SURFACE_CURVE('',#10036,(#10041,#10048),.PCURVE_S1.);
#10036 = CIRCLE('',#10037,0.2);
#10037 = AXIS2_PLACEMENT_3D('',#10038,#10039,#10040);
#10038 = CARTESIAN_POINT('',(-33.80000384,-4.90999871,100.));
#10039 = DIRECTION('',(0.,-0.,1.));
#10040 = DIRECTION('',(1.,0.,0.));
#10041 = PCURVE('',#7299,#10042);
#10042 = DEFINITIONAL_REPRESENTATION('',(#10043),#10047);
#10043 = CIRCLE('',#10044,0.2);
#10044 = AXIS2_PLACEMENT_2D('',#10045,#10046);
#10045 = CARTESIAN_POINT('',(-33.80000384,-4.90999871));
#10046 = DIRECTION('',(1.,0.));
#10047 = ( GEOMETRIC_REPRESENTATION_CONTEXT(2) 
PARAMETRIC_REPRESENTATION_CONTEXT() REPRESENTATION_CONTEXT('2D SPACE',''
  ) );
#10048 = PCURVE('',#8790,#10049);
#10049 = DEFINITIONAL_REPRESENTATION('',(#10050),#10054);
#10050 = LINE('',#10051,#10052);
#10051 = CARTESIAN_POINT('',(-0.,-100.));
#10052 = VECTOR('',#10053,1.);
#10053 = DIRECTION('',(-1.,0.));
#10054 = ( GEOMETRIC_REPRESENTATION_CONTEXT(2) 
PARAMETRIC_REPRESENTATION_CONTEXT() REPRESENTATION_CONTEXT('2D SPACE',''
  ) );
#10055 = ORIENTED_EDGE('',*,*,#10056,.T.);
#10056 = EDGE_CURVE('1_region0_Edge_144',#10033,#10057,#10059,.T.);
#10057 = VERTEX_POINT('1_region0_Vertex_97',#10058);
#10058 = CARTESIAN_POINT('',(-34.00000384,-1.60999871,100.));
#10059 = SURFACE_CURVE('',#10060,(#10064,#10071),.PCURVE_S1.);
#10060 = LINE('',#10061,#10062);
#10061 = CARTESIAN_POINT('',(-34.00000384,-4.90999871,100.));
#10062 = VECTOR('',#10063,1.);
#10063 = DIRECTION('',(0.,1.,0.));
#10064 = PCURVE('',#7299,#10065);
#10065 = DEFINITIONAL_REPRESENTATION('',(#10066),#10070);
#10066 = LINE('',#10067,#10068);
#10067 = CARTESIAN_POINT('',(-34.00000384,-4.90999871));
#10068 = VECTOR('',#10069,1.);
#10069 = DIRECTION('',(0.,1.));
#10070 = ( GEOMETRIC_REPRESENTATION_CONTEXT(2) 
PARAMETRIC_REPRESENTATION_CONTEXT() REPRESENTATION_CONTEXT('2D SPACE',''
  ) );
#10071 = PCURVE('',#8818,#10072);
#10072 = DEFINITIONAL_REPRESENTATION('',(#10073),#10077);
#10073 = LINE('',#10074,#10075);
#10074 = CARTESIAN_POINT('',(0.,-100.));
#10075 = VECTOR('',#10076,1.);
#10076 = DIRECTION('',(1.,0.));
#10077 = ( GEOMETRIC_REPRESENTATION_CONTEXT(2) 
PARAMETRIC_REPRESENTATION_CONTEXT() REPRESENTATION_CONTEXT('2D SPACE',''
  ) );
#10078 = ORIENTED_EDGE('',*,*,#10079,.T.);
#10079 = EDGE_CURVE('1_region0_Edge_147',#10057,#10080,#10082,.T.);
#10080 = VERTEX_POINT('1_region0_Vertex_99',#10081);
#10081 = CARTESIAN_POINT('',(-33.40000384,-1.00999871,100.));
#10082 = SURFACE_CURVE('',#10083,(#10088,#10095),.PCURVE_S1.);
#10083 = CIRCLE('',#10084,0.6);
#10084 = AXIS2_PLACEMENT_3D('',#10085,#10086,#10087);
#10085 = CARTESIAN_POINT('',(-34.00000384,-1.00999871,100.));
#10086 = DIRECTION('',(0.,-0.,1.));
#10087 = DIRECTION('',(1.,0.,0.));
#10088 = PCURVE('',#7299,#10089);
#10089 = DEFINITIONAL_REPRESENTATION('',(#10090),#10094);
#10090 = CIRCLE('',#10091,0.6);
#10091 = AXIS2_PLACEMENT_2D('',#10092,#10093);
#10092 = CARTESIAN_POINT('',(-34.00000384,-1.00999871));
#10093 = DIRECTION('',(1.,0.));
#10094 = ( GEOMETRIC_REPRESENTATION_CONTEXT(2) 
PARAMETRIC_REPRESENTATION_CONTEXT() REPRESENTATION_CONTEXT('2D SPACE',''
  ) );
#10095 = PCURVE('',#8847,#10096);
#10096 = DEFINITIONAL_REPRESENTATION('',(#10097),#10101);
#10097 = LINE('',#10098,#10099);
#10098 = CARTESIAN_POINT('',(-0.,-100.));
#10099 = VECTOR('',#10100,1.);
#10100 = DIRECTION('',(-1.,0.));
#10101 = ( GEOMETRIC_REPRESENTATION_CONTEXT(2) 
PARAMETRIC_REPRESENTATION_CONTEXT() REPRESENTATION_CONTEXT('2D SPACE',''
  ) );
#10102 = ORIENTED_EDGE('',*,*,#10103,.T.);
#10103 = EDGE_CURVE('1_region0_Edge_150',#10080,#10104,#10106,.T.);
#10104 = VERTEX_POINT('1_region0_Vertex_101',#10105);
#10105 = CARTESIAN_POINT('',(-33.40000384,-0.10999871,100.));
#10106 = SURFACE_CURVE('',#10107,(#10111,#10118),.PCURVE_S1.);
#10107 = LINE('',#10108,#10109);
#10108 = CARTESIAN_POINT('',(-33.40000384,-1.00999871,100.));
#10109 = VECTOR('',#10110,1.);
#10110 = DIRECTION('',(0.,1.,0.));
#10111 = PCURVE('',#7299,#10112);
#10112 = DEFINITIONAL_REPRESENTATION('',(#10113),#10117);
#10113 = LINE('',#10114,#10115);
#10114 = CARTESIAN_POINT('',(-33.40000384,-1.00999871));
#10115 = VECTOR('',#10116,1.);
#10116 = DIRECTION('',(0.,1.));
#10117 = ( GEOMETRIC_REPRESENTATION_CONTEXT(2) 
PARAMETRIC_REPRESENTATION_CONTEXT() REPRESENTATION_CONTEXT('2D SPACE',''
  ) );
#10118 = PCURVE('',#8875,#10119);
#10119 = DEFINITIONAL_REPRESENTATION('',(#10120),#10124);
#10120 = LINE('',#10121,#10122);
#10121 = CARTESIAN_POINT('',(0.,-100.));
#10122 = VECTOR('',#10123,1.);
#10123 = DIRECTION('',(1.,0.));
#10124 = ( GEOMETRIC_REPRESENTATION_CONTEXT(2) 
PARAMETRIC_REPRESENTATION_CONTEXT() REPRESENTATION_CONTEXT('2D SPACE',''
  ) );
#10125 = ORIENTED_EDGE('',*,*,#10126,.T.);
#10126 = EDGE_CURVE('1_region0_Edge_153',#10104,#10127,#10129,.T.);
#10127 = VERTEX_POINT('1_region0_Vertex_103',#10128);
#10128 = CARTESIAN_POINT('',(-33.50000384,-9.99871E-03,100.));
#10129 = SURFACE_CURVE('',#10130,(#10135,#10142),.PCURVE_S1.);
#10130 = CIRCLE('',#10131,0.1);
#10131 = AXIS2_PLACEMENT_3D('',#10132,#10133,#10134);
#10132 = CARTESIAN_POINT('',(-33.50000384,-0.10999871,100.));
#10133 = DIRECTION('',(0.,-0.,1.));
#10134 = DIRECTION('',(1.,0.,0.));
#10135 = PCURVE('',#7299,#10136);
#10136 = DEFINITIONAL_REPRESENTATION('',(#10137),#10141);
#10137 = CIRCLE('',#10138,0.1);
#10138 = AXIS2_PLACEMENT_2D('',#10139,#10140);
#10139 = CARTESIAN_POINT('',(-33.50000384,-0.10999871));
#10140 = DIRECTION('',(1.,0.));
#10141 = ( GEOMETRIC_REPRESENTATION_CONTEXT(2) 
PARAMETRIC_REPRESENTATION_CONTEXT() REPRESENTATION_CONTEXT('2D SPACE',''
  ) );
#10142 = PCURVE('',#8904,#10143);
#10143 = DEFINITIONAL_REPRESENTATION('',(#10144),#10148);
#10144 = LINE('',#10145,#10146);
#10145 = CARTESIAN_POINT('',(-0.,-100.));
#10146 = VECTOR('',#10147,1.);
#10147 = DIRECTION('',(-1.,0.));
#10148 = ( GEOMETRIC_REPRESENTATION_CONTEXT(2) 
PARAMETRIC_REPRESENTATION_CONTEXT() REPRESENTATION_CONTEXT('2D SPACE',''
  ) );
#10149 = ORIENTED_EDGE('',*,*,#10150,.T.);
#10150 = EDGE_CURVE('1_region0_Edge_156',#10127,#10151,#10153,.T.);
#10151 = VERTEX_POINT('1_region0_Vertex_105',#10152);
#10152 = CARTESIAN_POINT('',(-33.80000384,-9.99871E-03,100.));
#10153 = SURFACE_CURVE('',#10154,(#10158,#10165),.PCURVE_S1.);
#10154 = LINE('',#10155,#10156);
#10155 = CARTESIAN_POINT('',(-33.50000384,-9.99871E-03,100.));
#10156 = VECTOR('',#10157,1.);
#10157 = DIRECTION('',(-1.,0.,0.));
#10158 = PCURVE('',#7299,#10159);
#10159 = DEFINITIONAL_REPRESENTATION('',(#10160),#10164);
#10160 = LINE('',#10161,#10162);
#10161 = CARTESIAN_POINT('',(-33.50000384,-9.99871E-03));
#10162 = VECTOR('',#10163,1.);
#10163 = DIRECTION('',(-1.,0.));
#10164 = ( GEOMETRIC_REPRESENTATION_CONTEXT(2) 
PARAMETRIC_REPRESENTATION_CONTEXT() REPRESENTATION_CONTEXT('2D SPACE',''
  ) );
#10165 = PCURVE('',#8932,#10166);
#10166 = DEFINITIONAL_REPRESENTATION('',(#10167),#10171);
#10167 = LINE('',#10168,#10169);
#10168 = CARTESIAN_POINT('',(0.,-100.));
#10169 = VECTOR('',#10170,1.);
#10170 = DIRECTION('',(1.,0.));
#10171 = ( GEOMETRIC_REPRESENTATION_CONTEXT(2) 
PARAMETRIC_REPRESENTATION_CONTEXT() REPRESENTATION_CONTEXT('2D SPACE',''
  ) );
#10172 = ORIENTED_EDGE('',*,*,#10173,.T.);
#10173 = EDGE_CURVE('1_region0_Edge_159',#10151,#10174,#10176,.T.);
#10174 = VERTEX_POINT('1_region0_Vertex_107',#10175);
#10175 = CARTESIAN_POINT('',(-33.90000384,-0.10999871,100.));
#10176 = SURFACE_CURVE('',#10177,(#10182,#10189),.PCURVE_S1.);
#10177 = CIRCLE('',#10178,0.1);
#10178 = AXIS2_PLACEMENT_3D('',#10179,#10180,#10181);
#10179 = CARTESIAN_POINT('',(-33.80000384,-0.10999871,100.));
#10180 = DIRECTION('',(0.,-0.,1.));
#10181 = DIRECTION('',(1.,0.,0.));
#10182 = PCURVE('',#7299,#10183);
#10183 = DEFINITIONAL_REPRESENTATION('',(#10184),#10188);
#10184 = CIRCLE('',#10185,0.1);
#10185 = AXIS2_PLACEMENT_2D('',#10186,#10187);
#10186 = CARTESIAN_POINT('',(-33.80000384,-0.10999871));
#10187 = DIRECTION('',(1.,0.));
#10188 = ( GEOMETRIC_REPRESENTATION_CONTEXT(2) 
PARAMETRIC_REPRESENTATION_CONTEXT() REPRESENTATION_CONTEXT('2D SPACE',''
  ) );
#10189 = PCURVE('',#8961,#10190);
#10190 = DEFINITIONAL_REPRESENTATION('',(#10191),#10195);
#10191 = LINE('',#10192,#10193);
#10192 = CARTESIAN_POINT('',(-0.,-100.));
#10193 = VECTOR('',#10194,1.);
#10194 = DIRECTION('',(-1.,0.));
#10195 = ( GEOMETRIC_REPRESENTATION_CONTEXT(2) 
PARAMETRIC_REPRESENTATION_CONTEXT() REPRESENTATION_CONTEXT('2D SPACE',''
  ) );
#10196 = ORIENTED_EDGE('',*,*,#10197,.T.);
#10197 = EDGE_CURVE('1_region0_Edge_162',#10174,#7370,#10198,.T.);
#10198 = SURFACE_CURVE('',#10199,(#10203,#10210),.PCURVE_S1.);
#10199 = LINE('',#10200,#10201);
#10200 = CARTESIAN_POINT('',(-33.90000384,-0.10999871,100.));
#10201 = VECTOR('',#10202,1.);
#10202 = DIRECTION('',(0.,-1.,-0.));
#10203 = PCURVE('',#7299,#10204);
#10204 = DEFINITIONAL_REPRESENTATION('',(#10205),#10209);
#10205 = LINE('',#10206,#10207);
#10206 = CARTESIAN_POINT('',(-33.90000384,-0.10999871));
#10207 = VECTOR('',#10208,1.);
#10208 = DIRECTION('',(0.,-1.));
#10209 = ( GEOMETRIC_REPRESENTATION_CONTEXT(2) 
PARAMETRIC_REPRESENTATION_CONTEXT() REPRESENTATION_CONTEXT('2D SPACE',''
  ) );
#10210 = PCURVE('',#7409,#10211);
#10211 = DEFINITIONAL_REPRESENTATION('',(#10212),#10216);
#10212 = LINE('',#10213,#10214);
#10213 = CARTESIAN_POINT('',(0.,-100.));
#10214 = VECTOR('',#10215,1.);
#10215 = DIRECTION('',(1.,0.));
#10216 = ( GEOMETRIC_REPRESENTATION_CONTEXT(2) 
PARAMETRIC_REPRESENTATION_CONTEXT() REPRESENTATION_CONTEXT('2D SPACE',''
  ) );
#10217 = ORIENTED_EDGE('',*,*,#7369,.F.);
#10218 = ADVANCED_FACE('1_region0_Face_147',(#10219),#7409,.F.);
#10219 = FACE_BOUND('',#10220,.F.);
#10220 = EDGE_LOOP('undefined shape id',(#10221,#10242,#10243,#10244));
#10221 = ORIENTED_EDGE('',*,*,#10222,.T.);
#10222 = EDGE_CURVE('1_region0_Edge_157',#8945,#10174,#10223,.T.);
#10223 = SURFACE_CURVE('',#10224,(#10228,#10235),.PCURVE_S1.);
#10224 = LINE('',#10225,#10226);
#10225 = CARTESIAN_POINT('',(-33.90000384,-0.10999871,0.));
#10226 = VECTOR('',#10227,1.);
#10227 = DIRECTION('',(0.,0.,1.));
#10228 = PCURVE('',#7409,#10229);
#10229 = DEFINITIONAL_REPRESENTATION('',(#10230),#10234);
#10230 = LINE('',#10231,#10232);
#10231 = CARTESIAN_POINT('',(0.,0.));
#10232 = VECTOR('',#10233,1.);
#10233 = DIRECTION('',(0.,-1.));
#10234 = ( GEOMETRIC_REPRESENTATION_CONTEXT(2) 
PARAMETRIC_REPRESENTATION_CONTEXT() REPRESENTATION_CONTEXT('2D SPACE',''
  ) );
#10235 = PCURVE('',#8961,#10236);
#10236 = DEFINITIONAL_REPRESENTATION('',(#10237),#10241);
#10237 = LINE('',#10238,#10239);
#10238 = CARTESIAN_POINT('',(-3.14159265359,0.));
#10239 = VECTOR('',#10240,1.);
#10240 = DIRECTION('',(-0.,-1.));
#10241 = ( GEOMETRIC_REPRESENTATION_CONTEXT(2) 
PARAMETRIC_REPRESENTATION_CONTEXT() REPRESENTATION_CONTEXT('2D SPACE',''
  ) );
#10242 = ORIENTED_EDGE('',*,*,#10197,.T.);
#10243 = ORIENTED_EDGE('',*,*,#7393,.F.);
#10244 = ORIENTED_EDGE('',*,*,#8973,.F.);
#10245 = ADVANCED_FACE('1_region0_Face_161',(#10246),#7487,.F.);
#10246 = FACE_BOUND('',#10247,.F.);
#10247 = EDGE_LOOP('undefined shape id',(#10248,#10249,#10250,#10271));
#10248 = ORIENTED_EDGE('',*,*,#7471,.T.);
#10249 = ORIENTED_EDGE('',*,*,#9000,.T.);
#10250 = ORIENTED_EDGE('',*,*,#10251,.F.);
#10251 = EDGE_CURVE('1_region0_Edge_7',#7527,#9001,#10252,.T.);
#10252 = SURFACE_CURVE('',#10253,(#10257,#10264),.PCURVE_S1.);
#10253 = LINE('',#10254,#10255);
#10254 = CARTESIAN_POINT('',(-35.40000384,-9.99871E-03,0.));
#10255 = VECTOR('',#10256,1.);
#10256 = DIRECTION('',(0.,0.,1.));
#10257 = PCURVE('',#7487,#10258);
#10258 = DEFINITIONAL_REPRESENTATION('',(#10259),#10263);
#10259 = LINE('',#10260,#10261);
#10260 = CARTESIAN_POINT('',(0.5,0.));
#10261 = VECTOR('',#10262,1.);
#10262 = DIRECTION('',(0.,-1.));
#10263 = ( GEOMETRIC_REPRESENTATION_CONTEXT(2) 
PARAMETRIC_REPRESENTATION_CONTEXT() REPRESENTATION_CONTEXT('2D SPACE',''
  ) );
#10264 = PCURVE('',#7566,#10265);
#10265 = DEFINITIONAL_REPRESENTATION('',(#10266),#10270);
#10266 = LINE('',#10267,#10268);
#10267 = CARTESIAN_POINT('',(-1.570796326795,0.));
#10268 = VECTOR('',#10269,1.);
#10269 = DIRECTION('',(-0.,-1.));
#10270 = ( GEOMETRIC_REPRESENTATION_CONTEXT(2) 
PARAMETRIC_REPRESENTATION_CONTEXT() REPRESENTATION_CONTEXT('2D SPACE',''
  ) );
#10271 = ORIENTED_EDGE('',*,*,#7526,.F.);
#10272 = ADVANCED_FACE('1_region0_Face_164',(#10273),#7566,.T.);
#10273 = FACE_BOUND('',#10274,.F.);
#10274 = EDGE_LOOP('undefined shape id',(#10275,#10276,#10277,#10298));
#10275 = ORIENTED_EDGE('',*,*,#10251,.T.);
#10276 = ORIENTED_EDGE('',*,*,#9023,.T.);
#10277 = ORIENTED_EDGE('',*,*,#10278,.F.);
#10278 = EDGE_CURVE('1_region0_Edge_10',#7550,#9024,#10279,.T.);
#10279 = SURFACE_CURVE('',#10280,(#10284,#10291),.PCURVE_S1.);
#10280 = LINE('',#10281,#10282);
#10281 = CARTESIAN_POINT('',(-35.50000384,-0.10999871,0.));
#10282 = VECTOR('',#10283,1.);
#10283 = DIRECTION('',(0.,0.,1.));
#10284 = PCURVE('',#7566,#10285);
#10285 = DEFINITIONAL_REPRESENTATION('',(#10286),#10290);
#10286 = LINE('',#10287,#10288);
#10287 = CARTESIAN_POINT('',(-3.14159265359,0.));
#10288 = VECTOR('',#10289,1.);
#10289 = DIRECTION('',(-0.,-1.));
#10290 = ( GEOMETRIC_REPRESENTATION_CONTEXT(2) 
PARAMETRIC_REPRESENTATION_CONTEXT() REPRESENTATION_CONTEXT('2D SPACE',''
  ) );
#10291 = PCURVE('',#7594,#10292);
#10292 = DEFINITIONAL_REPRESENTATION('',(#10293),#10297);
#10293 = LINE('',#10294,#10295);
#10294 = CARTESIAN_POINT('',(0.,0.));
#10295 = VECTOR('',#10296,1.);
#10296 = DIRECTION('',(0.,-1.));
#10297 = ( GEOMETRIC_REPRESENTATION_CONTEXT(2) 
PARAMETRIC_REPRESENTATION_CONTEXT() REPRESENTATION_CONTEXT('2D SPACE',''
  ) );
#10298 = ORIENTED_EDGE('',*,*,#7549,.F.);
#10299 = ADVANCED_FACE('1_region0_Face_168',(#10300),#7594,.F.);
#10300 = FACE_BOUND('',#10301,.F.);
#10301 = EDGE_LOOP('undefined shape id',(#10302,#10303,#10304,#10325));
#10302 = ORIENTED_EDGE('',*,*,#10278,.T.);
#10303 = ORIENTED_EDGE('',*,*,#9047,.T.);
#10304 = ORIENTED_EDGE('',*,*,#10305,.F.);
#10305 = EDGE_CURVE('1_region0_Edge_13',#7579,#9048,#10306,.T.);
#10306 = SURFACE_CURVE('',#10307,(#10311,#10318),.PCURVE_S1.);
#10307 = LINE('',#10308,#10309);
#10308 = CARTESIAN_POINT('',(-35.50000384,-10.25999871,0.));
#10309 = VECTOR('',#10310,1.);
#10310 = DIRECTION('',(0.,0.,1.));
#10311 = PCURVE('',#7594,#10312);
#10312 = DEFINITIONAL_REPRESENTATION('',(#10313),#10317);
#10313 = LINE('',#10314,#10315);
#10314 = CARTESIAN_POINT('',(10.15,0.));
#10315 = VECTOR('',#10316,1.);
#10316 = DIRECTION('',(0.,-1.));
#10317 = ( GEOMETRIC_REPRESENTATION_CONTEXT(2) 
PARAMETRIC_REPRESENTATION_CONTEXT() REPRESENTATION_CONTEXT('2D SPACE',''
  ) );
#10318 = PCURVE('',#7623,#10319);
#10319 = DEFINITIONAL_REPRESENTATION('',(#10320),#10324);
#10320 = LINE('',#10321,#10322);
#10321 = CARTESIAN_POINT('',(-3.14159265359,0.));
#10322 = VECTOR('',#10323,1.);
#10323 = DIRECTION('',(-0.,-1.));
#10324 = ( GEOMETRIC_REPRESENTATION_CONTEXT(2) 
PARAMETRIC_REPRESENTATION_CONTEXT() REPRESENTATION_CONTEXT('2D SPACE',''
  ) );
#10325 = ORIENTED_EDGE('',*,*,#7578,.F.);
#10326 = ADVANCED_FACE('1_region0_Face_171',(#10327),#7623,.T.);
#10327 = FACE_BOUND('',#10328,.F.);
#10328 = EDGE_LOOP('undefined shape id',(#10329,#10330,#10331,#10352));
#10329 = ORIENTED_EDGE('',*,*,#10305,.T.);
#10330 = ORIENTED_EDGE('',*,*,#9070,.T.);
#10331 = ORIENTED_EDGE('',*,*,#10332,.F.);
#10332 = EDGE_CURVE('1_region0_Edge_16',#7607,#9071,#10333,.T.);
#10333 = SURFACE_CURVE('',#10334,(#10338,#10345),.PCURVE_S1.);
#10334 = LINE('',#10335,#10336);
#10335 = CARTESIAN_POINT('',(-32.50000384,-13.25999871,0.));
#10336 = VECTOR('',#10337,1.);
#10337 = DIRECTION('',(0.,0.,1.));
#10338 = PCURVE('',#7623,#10339);
#10339 = DEFINITIONAL_REPRESENTATION('',(#10340),#10344);
#10340 = LINE('',#10341,#10342);
#10341 = CARTESIAN_POINT('',(-4.712388980385,0.));
#10342 = VECTOR('',#10343,1.);
#10343 = DIRECTION('',(-0.,-1.));
#10344 = ( GEOMETRIC_REPRESENTATION_CONTEXT(2) 
PARAMETRIC_REPRESENTATION_CONTEXT() REPRESENTATION_CONTEXT('2D SPACE',''
  ) );
#10345 = PCURVE('',#7651,#10346);
#10346 = DEFINITIONAL_REPRESENTATION('',(#10347),#10351);
#10347 = LINE('',#10348,#10349);
#10348 = CARTESIAN_POINT('',(0.,0.));
#10349 = VECTOR('',#10350,1.);
#10350 = DIRECTION('',(0.,-1.));
#10351 = ( GEOMETRIC_REPRESENTATION_CONTEXT(2) 
PARAMETRIC_REPRESENTATION_CONTEXT() REPRESENTATION_CONTEXT('2D SPACE',''
  ) );
#10352 = ORIENTED_EDGE('',*,*,#7606,.F.);
#10353 = ADVANCED_FACE('1_region0_Face_175',(#10354,#10380,#10411,#10442
    ,#10473),#7651,.F.);
#10354 = FACE_BOUND('',#10355,.F.);
#10355 = EDGE_LOOP('undefined shape id',(#10356,#10357,#10358,#10379));
#10356 = ORIENTED_EDGE('',*,*,#10332,.T.);
#10357 = ORIENTED_EDGE('',*,*,#9094,.T.);
#10358 = ORIENTED_EDGE('',*,*,#10359,.F.);
#10359 = EDGE_CURVE('1_region0_Edge_19',#7636,#9095,#10360,.T.);
#10360 = SURFACE_CURVE('',#10361,(#10365,#10372),.PCURVE_S1.);
#10361 = LINE('',#10362,#10363);
#10362 = CARTESIAN_POINT('',(32.49999616,-13.25999871,0.));
#10363 = VECTOR('',#10364,1.);
#10364 = DIRECTION('',(0.,0.,1.));
#10365 = PCURVE('',#7651,#10366);
#10366 = DEFINITIONAL_REPRESENTATION('',(#10367),#10371);
#10367 = LINE('',#10368,#10369);
#10368 = CARTESIAN_POINT('',(65.,0.));
#10369 = VECTOR('',#10370,1.);
#10370 = DIRECTION('',(0.,-1.));
#10371 = ( GEOMETRIC_REPRESENTATION_CONTEXT(2) 
PARAMETRIC_REPRESENTATION_CONTEXT() REPRESENTATION_CONTEXT('2D SPACE',''
  ) );
#10372 = PCURVE('',#7680,#10373);
#10373 = DEFINITIONAL_REPRESENTATION('',(#10374),#10378);
#10374 = LINE('',#10375,#10376);
#10375 = CARTESIAN_POINT('',(-4.712388980385,0.));
#10376 = VECTOR('',#10377,1.);
#10377 = DIRECTION('',(-0.,-1.));
#10378 = ( GEOMETRIC_REPRESENTATION_CONTEXT(2) 
PARAMETRIC_REPRESENTATION_CONTEXT() REPRESENTATION_CONTEXT('2D SPACE',''
  ) );
#10379 = ORIENTED_EDGE('',*,*,#7635,.F.);
#10380 = FACE_BOUND('',#10381,.F.);
#10381 = EDGE_LOOP('undefined shape id',(#10382));
#10382 = ORIENTED_EDGE('',*,*,#10383,.F.);
#10383 = EDGE_CURVE('30_region1_1_Edge_0',#10384,#10384,#10386,.T.);
#10384 = VERTEX_POINT('30_region1_1_Vertex_0',#10385);
#10385 = CARTESIAN_POINT('',(-25.00000384,-13.25999871,93.525));
#10386 = SURFACE_CURVE('',#10387,(#10392,#10399),.PCURVE_S1.);
#10387 = CIRCLE('',#10388,1.025);
#10388 = AXIS2_PLACEMENT_3D('',#10389,#10390,#10391);
#10389 = CARTESIAN_POINT('',(-25.00000384,-13.25999871,92.5));
#10390 = DIRECTION('',(-0.,1.,0.));
#10391 = DIRECTION('',(0.,0.,1.));
#10392 = PCURVE('',#7651,#10393);
#10393 = DEFINITIONAL_REPRESENTATION('',(#10394),#10398);
#10394 = CIRCLE('',#10395,1.025);
#10395 = AXIS2_PLACEMENT_2D('',#10396,#10397);
#10396 = CARTESIAN_POINT('',(7.5,-92.5));
#10397 = DIRECTION('',(0.,-1.));
#10398 = ( GEOMETRIC_REPRESENTATION_CONTEXT(2) 
PARAMETRIC_REPRESENTATION_CONTEXT() REPRESENTATION_CONTEXT('2D SPACE',''
  ) );
#10399 = PCURVE('',#10400,#10405);
#10400 = CYLINDRICAL_SURFACE('',#10401,1.025);
#10401 = AXIS2_PLACEMENT_3D('',#10402,#10403,#10404);
#10402 = CARTESIAN_POINT('',(-25.00000384,-3.25999871,92.5));
#10403 = DIRECTION('',(0.,-1.,0.));
#10404 = DIRECTION('',(0.,0.,1.));
#10405 = DEFINITIONAL_REPRESENTATION('',(#10406),#10410);
#10406 = LINE('',#10407,#10408);
#10407 = CARTESIAN_POINT('',(-0.,10.));
#10408 = VECTOR('',#10409,1.);
#10409 = DIRECTION('',(-1.,0.));
#10410 = ( GEOMETRIC_REPRESENTATION_CONTEXT(2) 
PARAMETRIC_REPRESENTATION_CONTEXT() REPRESENTATION_CONTEXT('2D SPACE',''
  ) );
#10411 = FACE_BOUND('',#10412,.F.);
#10412 = EDGE_LOOP('undefined shape id',(#10413));
#10413 = ORIENTED_EDGE('',*,*,#10414,.F.);
#10414 = EDGE_CURVE('26_region1_1_Edge_0',#10415,#10415,#10417,.T.);
#10415 = VERTEX_POINT('26_region1_1_Vertex_0',#10416);
#10416 = CARTESIAN_POINT('',(24.99999616,-13.25999871,94.025));
#10417 = SURFACE_CURVE('',#10418,(#10423,#10430),.PCURVE_S1.);
#10418 = CIRCLE('',#10419,1.025);
#10419 = AXIS2_PLACEMENT_3D('',#10420,#10421,#10422);
#10420 = CARTESIAN_POINT('',(24.99999616,-13.25999871,93.));
#10421 = DIRECTION('',(-0.,1.,0.));
#10422 = DIRECTION('',(0.,0.,1.));
#10423 = PCURVE('',#7651,#10424);
#10424 = DEFINITIONAL_REPRESENTATION('',(#10425),#10429);
#10425 = CIRCLE('',#10426,1.025);
#10426 = AXIS2_PLACEMENT_2D('',#10427,#10428);
#10427 = CARTESIAN_POINT('',(57.5,-93.));
#10428 = DIRECTION('',(0.,-1.));
#10429 = ( GEOMETRIC_REPRESENTATION_CONTEXT(2) 
PARAMETRIC_REPRESENTATION_CONTEXT() REPRESENTATION_CONTEXT('2D SPACE',''
  ) );
#10430 = PCURVE('',#10431,#10436);
#10431 = CYLINDRICAL_SURFACE('',#10432,1.025);
#10432 = AXIS2_PLACEMENT_3D('',#10433,#10434,#10435);
#10433 = CARTESIAN_POINT('',(24.99999616,-3.25999871,93.));
#10434 = DIRECTION('',(0.,-1.,0.));
#10435 = DIRECTION('',(0.,0.,1.));
#10436 = DEFINITIONAL_REPRESENTATION('',(#10437),#10441);
#10437 = LINE('',#10438,#10439);
#10438 = CARTESIAN_POINT('',(-0.,10.));
#10439 = VECTOR('',#10440,1.);
#10440 = DIRECTION('',(-1.,0.));
#10441 = ( GEOMETRIC_REPRESENTATION_CONTEXT(2) 
PARAMETRIC_REPRESENTATION_CONTEXT() REPRESENTATION_CONTEXT('2D SPACE',''
  ) );
#10442 = FACE_BOUND('',#10443,.F.);
#10443 = EDGE_LOOP('undefined shape id',(#10444));
#10444 = ORIENTED_EDGE('',*,*,#10445,.F.);
#10445 = EDGE_CURVE('22_region1_1_Edge_0',#10446,#10446,#10448,.T.);
#10446 = VERTEX_POINT('22_region1_1_Vertex_0',#10447);
#10447 = CARTESIAN_POINT('',(24.99999616,-13.25999871,68.525));
#10448 = SURFACE_CURVE('',#10449,(#10454,#10461),.PCURVE_S1.);
#10449 = CIRCLE('',#10450,1.025);
#10450 = AXIS2_PLACEMENT_3D('',#10451,#10452,#10453);
#10451 = CARTESIAN_POINT('',(24.99999616,-13.25999871,67.5));
#10452 = DIRECTION('',(-0.,1.,0.));
#10453 = DIRECTION('',(0.,0.,1.));
#10454 = PCURVE('',#7651,#10455);
#10455 = DEFINITIONAL_REPRESENTATION('',(#10456),#10460);
#10456 = CIRCLE('',#10457,1.025);
#10457 = AXIS2_PLACEMENT_2D('',#10458,#10459);
#10458 = CARTESIAN_POINT('',(57.5,-67.5));
#10459 = DIRECTION('',(0.,-1.));
#10460 = ( GEOMETRIC_REPRESENTATION_CONTEXT(2) 
PARAMETRIC_REPRESENTATION_CONTEXT() REPRESENTATION_CONTEXT('2D SPACE',''
  ) );
#10461 = PCURVE('',#10462,#10467);
#10462 = CYLINDRICAL_SURFACE('',#10463,1.025);
#10463 = AXIS2_PLACEMENT_3D('',#10464,#10465,#10466);
#10464 = CARTESIAN_POINT('',(24.99999616,-3.25999871,67.5));
#10465 = DIRECTION('',(0.,-1.,0.));
#10466 = DIRECTION('',(0.,0.,1.));
#10467 = DEFINITIONAL_REPRESENTATION('',(#10468),#10472);
#10468 = LINE('',#10469,#10470);
#10469 = CARTESIAN_POINT('',(-0.,10.));
#10470 = VECTOR('',#10471,1.);
#10471 = DIRECTION('',(-1.,0.));
#10472 = ( GEOMETRIC_REPRESENTATION_CONTEXT(2) 
PARAMETRIC_REPRESENTATION_CONTEXT() REPRESENTATION_CONTEXT('2D SPACE',''
  ) );
#10473 = FACE_BOUND('',#10474,.F.);
#10474 = EDGE_LOOP('undefined shape id',(#10475));
#10475 = ORIENTED_EDGE('',*,*,#10476,.F.);
#10476 = EDGE_CURVE('34_region1_1_Edge_0',#10477,#10477,#10479,.T.);
#10477 = VERTEX_POINT('34_region1_1_Vertex_0',#10478);
#10478 = CARTESIAN_POINT('',(-25.00000384,-13.25999871,8.525));
#10479 = SURFACE_CURVE('',#10480,(#10485,#10492),.PCURVE_S1.);
#10480 = CIRCLE('',#10481,1.025);
#10481 = AXIS2_PLACEMENT_3D('',#10482,#10483,#10484);
#10482 = CARTESIAN_POINT('',(-25.00000384,-13.25999871,7.5));
#10483 = DIRECTION('',(-0.,1.,0.));
#10484 = DIRECTION('',(0.,0.,1.));
#10485 = PCURVE('',#7651,#10486);
#10486 = DEFINITIONAL_REPRESENTATION('',(#10487),#10491);
#10487 = CIRCLE('',#10488,1.025);
#10488 = AXIS2_PLACEMENT_2D('',#10489,#10490);
#10489 = CARTESIAN_POINT('',(7.5,-7.5));
#10490 = DIRECTION('',(0.,-1.));
#10491 = ( GEOMETRIC_REPRESENTATION_CONTEXT(2) 
PARAMETRIC_REPRESENTATION_CONTEXT() REPRESENTATION_CONTEXT('2D SPACE',''
  ) );
#10492 = PCURVE('',#10493,#10498);
#10493 = CYLINDRICAL_SURFACE('',#10494,1.025);
#10494 = AXIS2_PLACEMENT_3D('',#10495,#10496,#10497);
#10495 = CARTESIAN_POINT('',(-25.00000384,-3.25999871,7.5));
#10496 = DIRECTION('',(0.,-1.,0.));
#10497 = DIRECTION('',(0.,0.,1.));
#10498 = DEFINITIONAL_REPRESENTATION('',(#10499),#10503);
#10499 = LINE('',#10500,#10501);
#10500 = CARTESIAN_POINT('',(-0.,10.));
#10501 = VECTOR('',#10502,1.);
#10502 = DIRECTION('',(-1.,0.));
#10503 = ( GEOMETRIC_REPRESENTATION_CONTEXT(2) 
PARAMETRIC_REPRESENTATION_CONTEXT() REPRESENTATION_CONTEXT('2D SPACE',''
  ) );
#10504 = ADVANCED_FACE('1_region0_Face_178',(#10505),#7680,.T.);
#10505 = FACE_BOUND('',#10506,.F.);
#10506 = EDGE_LOOP('undefined shape id',(#10507,#10508,#10509,#10530));
#10507 = ORIENTED_EDGE('',*,*,#10359,.T.);
#10508 = ORIENTED_EDGE('',*,*,#9117,.T.);
#10509 = ORIENTED_EDGE('',*,*,#10510,.F.);
#10510 = EDGE_CURVE('1_region0_Edge_22',#7664,#9118,#10511,.T.);
#10511 = SURFACE_CURVE('',#10512,(#10516,#10523),.PCURVE_S1.);
#10512 = LINE('',#10513,#10514);
#10513 = CARTESIAN_POINT('',(35.49999616,-10.25999871,0.));
#10514 = VECTOR('',#10515,1.);
#10515 = DIRECTION('',(0.,0.,1.));
#10516 = PCURVE('',#7680,#10517);
#10517 = DEFINITIONAL_REPRESENTATION('',(#10518),#10522);
#10518 = LINE('',#10519,#10520);
#10519 = CARTESIAN_POINT('',(-6.28318530718,0.));
#10520 = VECTOR('',#10521,1.);
#10521 = DIRECTION('',(-0.,-1.));
#10522 = ( GEOMETRIC_REPRESENTATION_CONTEXT(2) 
PARAMETRIC_REPRESENTATION_CONTEXT() REPRESENTATION_CONTEXT('2D SPACE',''
  ) );
#10523 = PCURVE('',#7708,#10524);
#10524 = DEFINITIONAL_REPRESENTATION('',(#10525),#10529);
#10525 = LINE('',#10526,#10527);
#10526 = CARTESIAN_POINT('',(0.,0.));
#10527 = VECTOR('',#10528,1.);
#10528 = DIRECTION('',(0.,-1.));
#10529 = ( GEOMETRIC_REPRESENTATION_CONTEXT(2) 
PARAMETRIC_REPRESENTATION_CONTEXT() REPRESENTATION_CONTEXT('2D SPACE',''
  ) );
#10530 = ORIENTED_EDGE('',*,*,#7663,.F.);
#10531 = ADVANCED_FACE('1_region0_Face_182',(#10532),#7708,.F.);
#10532 = FACE_BOUND('',#10533,.F.);
#10533 = EDGE_LOOP('undefined shape id',(#10534,#10535,#10536,#10557));
#10534 = ORIENTED_EDGE('',*,*,#10510,.T.);
#10535 = ORIENTED_EDGE('',*,*,#9141,.T.);
#10536 = ORIENTED_EDGE('',*,*,#10537,.F.);
#10537 = EDGE_CURVE('1_region0_Edge_25',#7693,#9142,#10538,.T.);
#10538 = SURFACE_CURVE('',#10539,(#10543,#10550),.PCURVE_S1.);
#10539 = LINE('',#10540,#10541);
#10540 = CARTESIAN_POINT('',(35.49999616,-0.10999871,0.));
#10541 = VECTOR('',#10542,1.);
#10542 = DIRECTION('',(0.,0.,1.));
#10543 = PCURVE('',#7708,#10544);
#10544 = DEFINITIONAL_REPRESENTATION('',(#10545),#10549);
#10545 = LINE('',#10546,#10547);
#10546 = CARTESIAN_POINT('',(10.15,0.));
#10547 = VECTOR('',#10548,1.);
#10548 = DIRECTION('',(0.,-1.));
#10549 = ( GEOMETRIC_REPRESENTATION_CONTEXT(2) 
PARAMETRIC_REPRESENTATION_CONTEXT() REPRESENTATION_CONTEXT('2D SPACE',''
  ) );
#10550 = PCURVE('',#7737,#10551);
#10551 = DEFINITIONAL_REPRESENTATION('',(#10552),#10556);
#10552 = LINE('',#10553,#10554);
#10553 = CARTESIAN_POINT('',(-0.,0.));
#10554 = VECTOR('',#10555,1.);
#10555 = DIRECTION('',(-0.,-1.));
#10556 = ( GEOMETRIC_REPRESENTATION_CONTEXT(2) 
PARAMETRIC_REPRESENTATION_CONTEXT() REPRESENTATION_CONTEXT('2D SPACE',''
  ) );
#10557 = ORIENTED_EDGE('',*,*,#7692,.F.);
#10558 = ADVANCED_FACE('1_region0_Face_185',(#10559),#7737,.T.);
#10559 = FACE_BOUND('',#10560,.F.);
#10560 = EDGE_LOOP('undefined shape id',(#10561,#10562,#10563,#10584));
#10561 = ORIENTED_EDGE('',*,*,#10537,.T.);
#10562 = ORIENTED_EDGE('',*,*,#9164,.T.);
#10563 = ORIENTED_EDGE('',*,*,#10564,.F.);
#10564 = EDGE_CURVE('1_region0_Edge_28',#7721,#9165,#10565,.T.);
#10565 = SURFACE_CURVE('',#10566,(#10570,#10577),.PCURVE_S1.);
#10566 = LINE('',#10567,#10568);
#10567 = CARTESIAN_POINT('',(35.39999616,-9.99871E-03,0.));
#10568 = VECTOR('',#10569,1.);
#10569 = DIRECTION('',(0.,0.,1.));
#10570 = PCURVE('',#7737,#10571);
#10571 = DEFINITIONAL_REPRESENTATION('',(#10572),#10576);
#10572 = LINE('',#10573,#10574);
#10573 = CARTESIAN_POINT('',(-1.570796326795,0.));
#10574 = VECTOR('',#10575,1.);
#10575 = DIRECTION('',(-0.,-1.));
#10576 = ( GEOMETRIC_REPRESENTATION_CONTEXT(2) 
PARAMETRIC_REPRESENTATION_CONTEXT() REPRESENTATION_CONTEXT('2D SPACE',''
  ) );
#10577 = PCURVE('',#7765,#10578);
#10578 = DEFINITIONAL_REPRESENTATION('',(#10579),#10583);
#10579 = LINE('',#10580,#10581);
#10580 = CARTESIAN_POINT('',(0.,-0.));
#10581 = VECTOR('',#10582,1.);
#10582 = DIRECTION('',(0.,-1.));
#10583 = ( GEOMETRIC_REPRESENTATION_CONTEXT(2) 
PARAMETRIC_REPRESENTATION_CONTEXT() REPRESENTATION_CONTEXT('2D SPACE',''
  ) );
#10584 = ORIENTED_EDGE('',*,*,#7720,.F.);
#10585 = ADVANCED_FACE('1_region0_Face_189',(#10586),#7765,.F.);
#10586 = FACE_BOUND('',#10587,.F.);
#10587 = EDGE_LOOP('undefined shape id',(#10588,#10589,#10590,#10611));
#10588 = ORIENTED_EDGE('',*,*,#10564,.T.);
#10589 = ORIENTED_EDGE('',*,*,#9188,.T.);
#10590 = ORIENTED_EDGE('',*,*,#10591,.F.);
#10591 = EDGE_CURVE('1_region0_Edge_31',#7750,#9189,#10592,.T.);
#10592 = SURFACE_CURVE('',#10593,(#10597,#10604),.PCURVE_S1.);
#10593 = LINE('',#10594,#10595);
#10594 = CARTESIAN_POINT('',(34.69999616,-9.99871E-03,0.));
#10595 = VECTOR('',#10596,1.);
#10596 = DIRECTION('',(0.,0.,1.));
#10597 = PCURVE('',#7765,#10598);
#10598 = DEFINITIONAL_REPRESENTATION('',(#10599),#10603);
#10599 = LINE('',#10600,#10601);
#10600 = CARTESIAN_POINT('',(0.7,0.));
#10601 = VECTOR('',#10602,1.);
#10602 = DIRECTION('',(0.,-1.));
#10603 = ( GEOMETRIC_REPRESENTATION_CONTEXT(2) 
PARAMETRIC_REPRESENTATION_CONTEXT() REPRESENTATION_CONTEXT('2D SPACE',''
  ) );
#10604 = PCURVE('',#7793,#10605);
#10605 = DEFINITIONAL_REPRESENTATION('',(#10606),#10610);
#10606 = LINE('',#10607,#10608);
#10607 = CARTESIAN_POINT('',(0.,0.));
#10608 = VECTOR('',#10609,1.);
#10609 = DIRECTION('',(0.,-1.));
#10610 = ( GEOMETRIC_REPRESENTATION_CONTEXT(2) 
PARAMETRIC_REPRESENTATION_CONTEXT() REPRESENTATION_CONTEXT('2D SPACE',''
  ) );
#10611 = ORIENTED_EDGE('',*,*,#7749,.F.);
#10612 = ADVANCED_FACE('1_region0_Face_1',(#10613),#7793,.F.);
#10613 = FACE_BOUND('',#10614,.F.);
#10614 = EDGE_LOOP('undefined shape id',(#10615,#10616,#10617,#10638));
#10615 = ORIENTED_EDGE('',*,*,#10591,.T.);
#10616 = ORIENTED_EDGE('',*,*,#9211,.T.);
#10617 = ORIENTED_EDGE('',*,*,#10618,.F.);
#10618 = EDGE_CURVE('1_region0_Edge_34',#7778,#9212,#10619,.T.);
#10619 = SURFACE_CURVE('',#10620,(#10624,#10631),.PCURVE_S1.);
#10620 = LINE('',#10621,#10622);
#10621 = CARTESIAN_POINT('',(34.69999616,0.49000129,0.));
#10622 = VECTOR('',#10623,1.);
#10623 = DIRECTION('',(0.,0.,1.));
#10624 = PCURVE('',#7793,#10625);
#10625 = DEFINITIONAL_REPRESENTATION('',(#10626),#10630);
#10626 = LINE('',#10627,#10628);
#10627 = CARTESIAN_POINT('',(0.5,0.));
#10628 = VECTOR('',#10629,1.);
#10629 = DIRECTION('',(0.,-1.));
#10630 = ( GEOMETRIC_REPRESENTATION_CONTEXT(2) 
PARAMETRIC_REPRESENTATION_CONTEXT() REPRESENTATION_CONTEXT('2D SPACE',''
  ) );
#10631 = PCURVE('',#7822,#10632);
#10632 = DEFINITIONAL_REPRESENTATION('',(#10633),#10637);
#10633 = LINE('',#10634,#10635);
#10634 = CARTESIAN_POINT('',(-0.,0.));
#10635 = VECTOR('',#10636,1.);
#10636 = DIRECTION('',(-0.,-1.));
#10637 = ( GEOMETRIC_REPRESENTATION_CONTEXT(2) 
PARAMETRIC_REPRESENTATION_CONTEXT() REPRESENTATION_CONTEXT('2D SPACE',''
  ) );
#10638 = ORIENTED_EDGE('',*,*,#7777,.F.);
#10639 = ADVANCED_FACE('1_region0_Face_4',(#10640),#7822,.T.);
#10640 = FACE_BOUND('',#10641,.F.);
#10641 = EDGE_LOOP('undefined shape id',(#10642,#10643,#10644,#10665));
#10642 = ORIENTED_EDGE('',*,*,#10618,.T.);
#10643 = ORIENTED_EDGE('',*,*,#9234,.T.);
#10644 = ORIENTED_EDGE('',*,*,#10645,.F.);
#10645 = EDGE_CURVE('1_region0_Edge_37',#7806,#9235,#10646,.T.);
#10646 = SURFACE_CURVE('',#10647,(#10651,#10658),.PCURVE_S1.);
#10647 = LINE('',#10648,#10649);
#10648 = CARTESIAN_POINT('',(33.99999616,0.49000129,0.));
#10649 = VECTOR('',#10650,1.);
#10650 = DIRECTION('',(0.,0.,1.));
#10651 = PCURVE('',#7822,#10652);
#10652 = DEFINITIONAL_REPRESENTATION('',(#10653),#10657);
#10653 = LINE('',#10654,#10655);
#10654 = CARTESIAN_POINT('',(-3.14159265359,0.));
#10655 = VECTOR('',#10656,1.);
#10656 = DIRECTION('',(-0.,-1.));
#10657 = ( GEOMETRIC_REPRESENTATION_CONTEXT(2) 
PARAMETRIC_REPRESENTATION_CONTEXT() REPRESENTATION_CONTEXT('2D SPACE',''
  ) );
#10658 = PCURVE('',#7850,#10659);
#10659 = DEFINITIONAL_REPRESENTATION('',(#10660),#10664);
#10660 = LINE('',#10661,#10662);
#10661 = CARTESIAN_POINT('',(-5.551115123126E-17,0.));
#10662 = VECTOR('',#10663,1.);
#10663 = DIRECTION('',(0.,-1.));
#10664 = ( GEOMETRIC_REPRESENTATION_CONTEXT(2) 
PARAMETRIC_REPRESENTATION_CONTEXT() REPRESENTATION_CONTEXT('2D SPACE',''
  ) );
#10665 = ORIENTED_EDGE('',*,*,#7805,.F.);
#10666 = ADVANCED_FACE('1_region0_Face_8',(#10667),#7850,.F.);
#10667 = FACE_BOUND('',#10668,.F.);
#10668 = EDGE_LOOP('undefined shape id',(#10669,#10670,#10671,#10692));
#10669 = ORIENTED_EDGE('',*,*,#10645,.T.);
#10670 = ORIENTED_EDGE('',*,*,#9258,.T.);
#10671 = ORIENTED_EDGE('',*,*,#10672,.F.);
#10672 = EDGE_CURVE('1_region0_Edge_40',#7835,#9259,#10673,.T.);
#10673 = SURFACE_CURVE('',#10674,(#10678,#10685),.PCURVE_S1.);
#10674 = LINE('',#10675,#10676);
#10675 = CARTESIAN_POINT('',(33.99999616,-4.90999871,0.));
#10676 = VECTOR('',#10677,1.);
#10677 = DIRECTION('',(0.,0.,1.));
#10678 = PCURVE('',#7850,#10679);
#10679 = DEFINITIONAL_REPRESENTATION('',(#10680),#10684);
#10680 = LINE('',#10681,#10682);
#10681 = CARTESIAN_POINT('',(5.4,0.));
#10682 = VECTOR('',#10683,1.);
#10683 = DIRECTION('',(0.,-1.));
#10684 = ( GEOMETRIC_REPRESENTATION_CONTEXT(2) 
PARAMETRIC_REPRESENTATION_CONTEXT() REPRESENTATION_CONTEXT('2D SPACE',''
  ) );
#10685 = PCURVE('',#7879,#10686);
#10686 = DEFINITIONAL_REPRESENTATION('',(#10687),#10691);
#10687 = LINE('',#10688,#10689);
#10688 = CARTESIAN_POINT('',(-6.28318530718,0.));
#10689 = VECTOR('',#10690,1.);
#10690 = DIRECTION('',(-0.,-1.));
#10691 = ( GEOMETRIC_REPRESENTATION_CONTEXT(2) 
PARAMETRIC_REPRESENTATION_CONTEXT() REPRESENTATION_CONTEXT('2D SPACE',''
  ) );
#10692 = ORIENTED_EDGE('',*,*,#7834,.F.);
#10693 = ADVANCED_FACE('1_region0_Face_11',(#10694),#7879,.F.);
#10694 = FACE_BOUND('',#10695,.T.);
#10695 = EDGE_LOOP('undefined shape id',(#10696,#10717,#10718,#10719));
#10696 = ORIENTED_EDGE('',*,*,#10697,.T.);
#10697 = EDGE_CURVE('1_region0_Edge_43',#7863,#9282,#10698,.T.);
#10698 = SURFACE_CURVE('',#10699,(#10703,#10710),.PCURVE_S1.);
#10699 = LINE('',#10700,#10701);
#10700 = CARTESIAN_POINT('',(33.79999616,-5.10999871,0.));
#10701 = VECTOR('',#10702,1.);
#10702 = DIRECTION('',(0.,0.,1.));
#10703 = PCURVE('',#7879,#10704);
#10704 = DEFINITIONAL_REPRESENTATION('',(#10705),#10709);
#10705 = LINE('',#10706,#10707);
#10706 = CARTESIAN_POINT('',(-4.712388980385,0.));
#10707 = VECTOR('',#10708,1.);
#10708 = DIRECTION('',(-0.,-1.));
#10709 = ( GEOMETRIC_REPRESENTATION_CONTEXT(2) 
PARAMETRIC_REPRESENTATION_CONTEXT() REPRESENTATION_CONTEXT('2D SPACE',''
  ) );
#10710 = PCURVE('',#7907,#10711);
#10711 = DEFINITIONAL_REPRESENTATION('',(#10712),#10716);
#10712 = LINE('',#10713,#10714);
#10713 = CARTESIAN_POINT('',(0.,-0.));
#10714 = VECTOR('',#10715,1.);
#10715 = DIRECTION('',(0.,-1.));
#10716 = ( GEOMETRIC_REPRESENTATION_CONTEXT(2) 
PARAMETRIC_REPRESENTATION_CONTEXT() REPRESENTATION_CONTEXT('2D SPACE',''
  ) );
#10717 = ORIENTED_EDGE('',*,*,#9281,.T.);
#10718 = ORIENTED_EDGE('',*,*,#10672,.F.);
#10719 = ORIENTED_EDGE('',*,*,#7862,.F.);
#10720 = ADVANCED_FACE('1_region0_Face_15',(#10721),#7907,.F.);
#10721 = FACE_BOUND('',#10722,.F.);
#10722 = EDGE_LOOP('undefined shape id',(#10723,#10724,#10725,#10746));
#10723 = ORIENTED_EDGE('',*,*,#10697,.T.);
#10724 = ORIENTED_EDGE('',*,*,#9305,.T.);
#10725 = ORIENTED_EDGE('',*,*,#10726,.F.);
#10726 = EDGE_CURVE('1_region0_Edge_46',#7892,#9306,#10727,.T.);
#10727 = SURFACE_CURVE('',#10728,(#10732,#10739),.PCURVE_S1.);
#10728 = LINE('',#10729,#10730);
#10729 = CARTESIAN_POINT('',(31.99999616,-5.10999871,0.));
#10730 = VECTOR('',#10731,1.);
#10731 = DIRECTION('',(0.,0.,1.));
#10732 = PCURVE('',#7907,#10733);
#10733 = DEFINITIONAL_REPRESENTATION('',(#10734),#10738);
#10734 = LINE('',#10735,#10736);
#10735 = CARTESIAN_POINT('',(1.8,0.));
#10736 = VECTOR('',#10737,1.);
#10737 = DIRECTION('',(0.,-1.));
#10738 = ( GEOMETRIC_REPRESENTATION_CONTEXT(2) 
PARAMETRIC_REPRESENTATION_CONTEXT() REPRESENTATION_CONTEXT('2D SPACE',''
  ) );
#10739 = PCURVE('',#7936,#10740);
#10740 = DEFINITIONAL_REPRESENTATION('',(#10741),#10745);
#10741 = LINE('',#10742,#10743);
#10742 = CARTESIAN_POINT('',(-1.570796326795,0.));
#10743 = VECTOR('',#10744,1.);
#10744 = DIRECTION('',(-0.,-1.));
#10745 = ( GEOMETRIC_REPRESENTATION_CONTEXT(2) 
PARAMETRIC_REPRESENTATION_CONTEXT() REPRESENTATION_CONTEXT('2D SPACE',''
  ) );
#10746 = ORIENTED_EDGE('',*,*,#7891,.F.);
#10747 = ADVANCED_FACE('1_region0_Face_18',(#10748),#7936,.T.);
#10748 = FACE_BOUND('',#10749,.F.);
#10749 = EDGE_LOOP('undefined shape id',(#10750,#10751,#10752,#10773));
#10750 = ORIENTED_EDGE('',*,*,#10726,.T.);
#10751 = ORIENTED_EDGE('',*,*,#9328,.T.);
#10752 = ORIENTED_EDGE('',*,*,#10753,.F.);
#10753 = EDGE_CURVE('1_region0_Edge_49',#7920,#9329,#10754,.T.);
#10754 = SURFACE_CURVE('',#10755,(#10759,#10766),.PCURVE_S1.);
#10755 = LINE('',#10756,#10757);
#10756 = CARTESIAN_POINT('',(31.79999616,-5.30999871,0.));
#10757 = VECTOR('',#10758,1.);
#10758 = DIRECTION('',(0.,0.,1.));
#10759 = PCURVE('',#7936,#10760);
#10760 = DEFINITIONAL_REPRESENTATION('',(#10761),#10765);
#10761 = LINE('',#10762,#10763);
#10762 = CARTESIAN_POINT('',(-3.14159265359,0.));
#10763 = VECTOR('',#10764,1.);
#10764 = DIRECTION('',(-0.,-1.));
#10765 = ( GEOMETRIC_REPRESENTATION_CONTEXT(2) 
PARAMETRIC_REPRESENTATION_CONTEXT() REPRESENTATION_CONTEXT('2D SPACE',''
  ) );
#10766 = PCURVE('',#7964,#10767);
#10767 = DEFINITIONAL_REPRESENTATION('',(#10768),#10772);
#10768 = LINE('',#10769,#10770);
#10769 = CARTESIAN_POINT('',(0.,0.));
#10770 = VECTOR('',#10771,1.);
#10771 = DIRECTION('',(0.,-1.));
#10772 = ( GEOMETRIC_REPRESENTATION_CONTEXT(2) 
PARAMETRIC_REPRESENTATION_CONTEXT() REPRESENTATION_CONTEXT('2D SPACE',''
  ) );
#10773 = ORIENTED_EDGE('',*,*,#7919,.F.);
#10774 = ADVANCED_FACE('1_region0_Face_22',(#10775),#7964,.F.);
#10775 = FACE_BOUND('',#10776,.F.);
#10776 = EDGE_LOOP('undefined shape id',(#10777,#10778,#10779,#10800));
#10777 = ORIENTED_EDGE('',*,*,#10753,.T.);
#10778 = ORIENTED_EDGE('',*,*,#9352,.T.);
#10779 = ORIENTED_EDGE('',*,*,#10780,.F.);
#10780 = EDGE_CURVE('1_region0_Edge_52',#7949,#9353,#10781,.T.);
#10781 = SURFACE_CURVE('',#10782,(#10786,#10793),.PCURVE_S1.);
#10782 = LINE('',#10783,#10784);
#10783 = CARTESIAN_POINT('',(31.79999616,-6.05999871,0.));
#10784 = VECTOR('',#10785,1.);
#10785 = DIRECTION('',(0.,0.,1.));
#10786 = PCURVE('',#7964,#10787);
#10787 = DEFINITIONAL_REPRESENTATION('',(#10788),#10792);
#10788 = LINE('',#10789,#10790);
#10789 = CARTESIAN_POINT('',(0.75,0.));
#10790 = VECTOR('',#10791,1.);
#10791 = DIRECTION('',(0.,-1.));
#10792 = ( GEOMETRIC_REPRESENTATION_CONTEXT(2) 
PARAMETRIC_REPRESENTATION_CONTEXT() REPRESENTATION_CONTEXT('2D SPACE',''
  ) );
#10793 = PCURVE('',#7993,#10794);
#10794 = DEFINITIONAL_REPRESENTATION('',(#10795),#10799);
#10795 = LINE('',#10796,#10797);
#10796 = CARTESIAN_POINT('',(-3.14159265359,0.));
#10797 = VECTOR('',#10798,1.);
#10798 = DIRECTION('',(-0.,-1.));
#10799 = ( GEOMETRIC_REPRESENTATION_CONTEXT(2) 
PARAMETRIC_REPRESENTATION_CONTEXT() REPRESENTATION_CONTEXT('2D SPACE',''
  ) );
#10800 = ORIENTED_EDGE('',*,*,#7948,.F.);
#10801 = ADVANCED_FACE('1_region0_Face_25',(#10802),#7993,.T.);
#10802 = FACE_BOUND('',#10803,.F.);
#10803 = EDGE_LOOP('undefined shape id',(#10804,#10805,#10806,#10827));
#10804 = ORIENTED_EDGE('',*,*,#10780,.T.);
#10805 = ORIENTED_EDGE('',*,*,#9375,.T.);
#10806 = ORIENTED_EDGE('',*,*,#10807,.F.);
#10807 = EDGE_CURVE('1_region0_Edge_55',#7977,#9376,#10808,.T.);
#10808 = SURFACE_CURVE('',#10809,(#10813,#10820),.PCURVE_S1.);
#10809 = LINE('',#10810,#10811);
#10810 = CARTESIAN_POINT('',(31.99999616,-6.25999871,0.));
#10811 = VECTOR('',#10812,1.);
#10812 = DIRECTION('',(0.,0.,1.));
#10813 = PCURVE('',#7993,#10814);
#10814 = DEFINITIONAL_REPRESENTATION('',(#10815),#10819);
#10815 = LINE('',#10816,#10817);
#10816 = CARTESIAN_POINT('',(-4.712388980385,0.));
#10817 = VECTOR('',#10818,1.);
#10818 = DIRECTION('',(-0.,-1.));
#10819 = ( GEOMETRIC_REPRESENTATION_CONTEXT(2) 
PARAMETRIC_REPRESENTATION_CONTEXT() REPRESENTATION_CONTEXT('2D SPACE',''
  ) );
#10820 = PCURVE('',#8021,#10821);
#10821 = DEFINITIONAL_REPRESENTATION('',(#10822),#10826);
#10822 = LINE('',#10823,#10824);
#10823 = CARTESIAN_POINT('',(0.,0.));
#10824 = VECTOR('',#10825,1.);
#10825 = DIRECTION('',(0.,-1.));
#10826 = ( GEOMETRIC_REPRESENTATION_CONTEXT(2) 
PARAMETRIC_REPRESENTATION_CONTEXT() REPRESENTATION_CONTEXT('2D SPACE',''
  ) );
#10827 = ORIENTED_EDGE('',*,*,#7976,.F.);
#10828 = ADVANCED_FACE('1_region0_Face_29',(#10829),#8021,.F.);
#10829 = FACE_BOUND('',#10830,.F.);
#10830 = EDGE_LOOP('undefined shape id',(#10831,#10832,#10833,#10854));
#10831 = ORIENTED_EDGE('',*,*,#10807,.T.);
#10832 = ORIENTED_EDGE('',*,*,#9399,.T.);
#10833 = ORIENTED_EDGE('',*,*,#10834,.F.);
#10834 = EDGE_CURVE('1_region0_Edge_58',#8006,#9400,#10835,.T.);
#10835 = SURFACE_CURVE('',#10836,(#10840,#10847),.PCURVE_S1.);
#10836 = LINE('',#10837,#10838);
#10837 = CARTESIAN_POINT('',(33.99999616,-6.25999871,0.));
#10838 = VECTOR('',#10839,1.);
#10839 = DIRECTION('',(0.,0.,1.));
#10840 = PCURVE('',#8021,#10841);
#10841 = DEFINITIONAL_REPRESENTATION('',(#10842),#10846);
#10842 = LINE('',#10843,#10844);
#10843 = CARTESIAN_POINT('',(2.,0.));
#10844 = VECTOR('',#10845,1.);
#10845 = DIRECTION('',(0.,-1.));
#10846 = ( GEOMETRIC_REPRESENTATION_CONTEXT(2) 
PARAMETRIC_REPRESENTATION_CONTEXT() REPRESENTATION_CONTEXT('2D SPACE',''
  ) );
#10847 = PCURVE('',#8049,#10848);
#10848 = DEFINITIONAL_REPRESENTATION('',(#10849),#10853);
#10849 = LINE('',#10850,#10851);
#10850 = CARTESIAN_POINT('',(0.,0.));
#10851 = VECTOR('',#10852,1.);
#10852 = DIRECTION('',(0.,-1.));
#10853 = ( GEOMETRIC_REPRESENTATION_CONTEXT(2) 
PARAMETRIC_REPRESENTATION_CONTEXT() REPRESENTATION_CONTEXT('2D SPACE',''
  ) );
#10854 = ORIENTED_EDGE('',*,*,#8005,.F.);
#10855 = ADVANCED_FACE('1_region0_Face_32',(#10856),#8049,.F.);
#10856 = FACE_BOUND('',#10857,.F.);
#10857 = EDGE_LOOP('undefined shape id',(#10858,#10859,#10860,#10881));
#10858 = ORIENTED_EDGE('',*,*,#10834,.T.);
#10859 = ORIENTED_EDGE('',*,*,#9422,.T.);
#10860 = ORIENTED_EDGE('',*,*,#10861,.F.);
#10861 = EDGE_CURVE('1_region0_Edge_61',#8034,#9423,#10862,.T.);
#10862 = SURFACE_CURVE('',#10863,(#10867,#10874),.PCURVE_S1.);
#10863 = LINE('',#10864,#10865);
#10864 = CARTESIAN_POINT('',(33.99999616,-8.10999871,0.));
#10865 = VECTOR('',#10866,1.);
#10866 = DIRECTION('',(0.,0.,1.));
#10867 = PCURVE('',#8049,#10868);
#10868 = DEFINITIONAL_REPRESENTATION('',(#10869),#10873);
#10869 = LINE('',#10870,#10871);
#10870 = CARTESIAN_POINT('',(1.85,0.));
#10871 = VECTOR('',#10872,1.);
#10872 = DIRECTION('',(0.,-1.));
#10873 = ( GEOMETRIC_REPRESENTATION_CONTEXT(2) 
PARAMETRIC_REPRESENTATION_CONTEXT() REPRESENTATION_CONTEXT('2D SPACE',''
  ) );
#10874 = PCURVE('',#8077,#10875);
#10875 = DEFINITIONAL_REPRESENTATION('',(#10876),#10880);
#10876 = LINE('',#10877,#10878);
#10877 = CARTESIAN_POINT('',(0.,-0.));
#10878 = VECTOR('',#10879,1.);
#10879 = DIRECTION('',(0.,-1.));
#10880 = ( GEOMETRIC_REPRESENTATION_CONTEXT(2) 
PARAMETRIC_REPRESENTATION_CONTEXT() REPRESENTATION_CONTEXT('2D SPACE',''
  ) );
#10881 = ORIENTED_EDGE('',*,*,#8033,.F.);
#10882 = ADVANCED_FACE('1_region0_Face_35',(#10883),#8077,.F.);
#10883 = FACE_BOUND('',#10884,.F.);
#10884 = EDGE_LOOP('undefined shape id',(#10885,#10886,#10887,#10908));
#10885 = ORIENTED_EDGE('',*,*,#10861,.T.);
#10886 = ORIENTED_EDGE('',*,*,#9445,.T.);
#10887 = ORIENTED_EDGE('',*,*,#10888,.F.);
#10888 = EDGE_CURVE('1_region0_Edge_64',#8062,#9446,#10889,.T.);
#10889 = SURFACE_CURVE('',#10890,(#10894,#10901),.PCURVE_S1.);
#10890 = LINE('',#10891,#10892);
#10891 = CARTESIAN_POINT('',(32.00308975,-8.10999871,0.));
#10892 = VECTOR('',#10893,1.);
#10893 = DIRECTION('',(0.,0.,1.));
#10894 = PCURVE('',#8077,#10895);
#10895 = DEFINITIONAL_REPRESENTATION('',(#10896),#10900);
#10896 = LINE('',#10897,#10898);
#10897 = CARTESIAN_POINT('',(1.99690641,0.));
#10898 = VECTOR('',#10899,1.);
#10899 = DIRECTION('',(0.,-1.));
#10900 = ( GEOMETRIC_REPRESENTATION_CONTEXT(2) 
PARAMETRIC_REPRESENTATION_CONTEXT() REPRESENTATION_CONTEXT('2D SPACE',''
  ) );
#10901 = PCURVE('',#8106,#10902);
#10902 = DEFINITIONAL_REPRESENTATION('',(#10903),#10907);
#10903 = LINE('',#10904,#10905);
#10904 = CARTESIAN_POINT('',(-1.570796316266,0.));
#10905 = VECTOR('',#10906,1.);
#10906 = DIRECTION('',(-0.,-1.));
#10907 = ( GEOMETRIC_REPRESENTATION_CONTEXT(2) 
PARAMETRIC_REPRESENTATION_CONTEXT() REPRESENTATION_CONTEXT('2D SPACE',''
  ) );
#10908 = ORIENTED_EDGE('',*,*,#8061,.F.);
#10909 = ADVANCED_FACE('1_region0_Face_38',(#10910),#8106,.T.);
#10910 = FACE_BOUND('',#10911,.F.);
#10911 = EDGE_LOOP('undefined shape id',(#10912,#10913,#10914,#10935));
#10912 = ORIENTED_EDGE('',*,*,#10888,.T.);
#10913 = ORIENTED_EDGE('',*,*,#9468,.T.);
#10914 = ORIENTED_EDGE('',*,*,#10915,.F.);
#10915 = EDGE_CURVE('1_region0_Edge_67',#8090,#9469,#10916,.T.);
#10916 = SURFACE_CURVE('',#10917,(#10921,#10928),.PCURVE_S1.);
#10917 = LINE('',#10918,#10919);
#10918 = CARTESIAN_POINT('',(31.81515123,-8.37840274,0.));
#10919 = VECTOR('',#10920,1.);
#10920 = DIRECTION('',(0.,0.,1.));
#10921 = PCURVE('',#8106,#10922);
#10922 = DEFINITIONAL_REPRESENTATION('',(#10923),#10927);
#10923 = LINE('',#10924,#10925);
#10924 = CARTESIAN_POINT('',(-3.490658539977,0.));
#10925 = VECTOR('',#10926,1.);
#10926 = DIRECTION('',(-0.,-1.));
#10927 = ( GEOMETRIC_REPRESENTATION_CONTEXT(2) 
PARAMETRIC_REPRESENTATION_CONTEXT() REPRESENTATION_CONTEXT('2D SPACE',''
  ) );
#10928 = PCURVE('',#8134,#10929);
#10929 = DEFINITIONAL_REPRESENTATION('',(#10930),#10934);
#10930 = LINE('',#10931,#10932);
#10931 = CARTESIAN_POINT('',(0.,0.));
#10932 = VECTOR('',#10933,1.);
#10933 = DIRECTION('',(0.,-1.));
#10934 = ( GEOMETRIC_REPRESENTATION_CONTEXT(2) 
PARAMETRIC_REPRESENTATION_CONTEXT() REPRESENTATION_CONTEXT('2D SPACE',''
  ) );
#10935 = ORIENTED_EDGE('',*,*,#8089,.F.);
#10936 = ADVANCED_FACE('1_region0_Face_42',(#10937),#8134,.F.);
#10937 = FACE_BOUND('',#10938,.F.);
#10938 = EDGE_LOOP('undefined shape id',(#10939,#10940,#10941,#10962));
#10939 = ORIENTED_EDGE('',*,*,#10915,.T.);
#10940 = ORIENTED_EDGE('',*,*,#9492,.T.);
#10941 = ORIENTED_EDGE('',*,*,#10942,.F.);
#10942 = EDGE_CURVE('1_region0_Edge_70',#8119,#9493,#10943,.T.);
#10943 = SURFACE_CURVE('',#10944,(#10948,#10955),.PCURVE_S1.);
#10944 = LINE('',#10945,#10946);
#10945 = CARTESIAN_POINT('',(32.077978776762,-9.100515491191,0.));
#10946 = VECTOR('',#10947,1.);
#10947 = DIRECTION('',(0.,0.,1.));
#10948 = PCURVE('',#8134,#10949);
#10949 = DEFINITIONAL_REPRESENTATION('',(#10950),#10954);
#10950 = LINE('',#10951,#10952);
#10951 = CARTESIAN_POINT('',(0.768456338883,0.));
#10952 = VECTOR('',#10953,1.);
#10953 = DIRECTION('',(0.,-1.));
#10954 = ( GEOMETRIC_REPRESENTATION_CONTEXT(2) 
PARAMETRIC_REPRESENTATION_CONTEXT() REPRESENTATION_CONTEXT('2D SPACE',''
  ) );
#10955 = PCURVE('',#8163,#10956);
#10956 = DEFINITIONAL_REPRESENTATION('',(#10957),#10961);
#10957 = LINE('',#10958,#10959);
#10958 = CARTESIAN_POINT('',(-3.490658535036,0.));
#10959 = VECTOR('',#10960,1.);
#10960 = DIRECTION('',(-0.,-1.));
#10961 = ( GEOMETRIC_REPRESENTATION_CONTEXT(2) 
PARAMETRIC_REPRESENTATION_CONTEXT() REPRESENTATION_CONTEXT('2D SPACE',''
  ) );
#10962 = ORIENTED_EDGE('',*,*,#8118,.F.);
#10963 = ADVANCED_FACE('1_region0_Face_45',(#10964),#8163,.T.);
#10964 = FACE_BOUND('',#10965,.F.);
#10965 = EDGE_LOOP('undefined shape id',(#10966,#10967,#10968,#10989));
#10966 = ORIENTED_EDGE('',*,*,#10942,.T.);
#10967 = ORIENTED_EDGE('',*,*,#9515,.T.);
#10968 = ORIENTED_EDGE('',*,*,#10969,.F.);
#10969 = EDGE_CURVE('1_region0_Edge_73',#8147,#9516,#10970,.T.);
#10970 = SURFACE_CURVE('',#10971,(#10975,#10982),.PCURVE_S1.);
#10971 = LINE('',#10972,#10973);
#10972 = CARTESIAN_POINT('',(32.303369920608,-9.22857342333,0.));
#10973 = VECTOR('',#10974,1.);
#10974 = DIRECTION('',(0.,0.,1.));
#10975 = PCURVE('',#8163,#10976);
#10976 = DEFINITIONAL_REPRESENTATION('',(#10977),#10981);
#10977 = LINE('',#10978,#10979);
#10978 = CARTESIAN_POINT('',(-4.900764149046,0.));
#10979 = VECTOR('',#10980,1.);
#10980 = DIRECTION('',(-0.,-1.));
#10981 = ( GEOMETRIC_REPRESENTATION_CONTEXT(2) 
PARAMETRIC_REPRESENTATION_CONTEXT() REPRESENTATION_CONTEXT('2D SPACE',''
  ) );
#10982 = PCURVE('',#8192,#10983);
#10983 = DEFINITIONAL_REPRESENTATION('',(#10984),#10988);
#10984 = LINE('',#10985,#10986);
#10985 = CARTESIAN_POINT('',(-8.042356830605,0.));
#10986 = VECTOR('',#10987,1.);
#10987 = DIRECTION('',(-0.,-1.));
#10988 = ( GEOMETRIC_REPRESENTATION_CONTEXT(2) 
PARAMETRIC_REPRESENTATION_CONTEXT() REPRESENTATION_CONTEXT('2D SPACE',''
  ) );
#10989 = ORIENTED_EDGE('',*,*,#8146,.F.);
#10990 = ADVANCED_FACE('1_region0_Face_49',(#10991),#8192,.F.);
#10991 = FACE_BOUND('',#10992,.T.);
#10992 = EDGE_LOOP('undefined shape id',(#10993,#11014,#11015,#11016));
#10993 = ORIENTED_EDGE('',*,*,#10994,.T.);
#10994 = EDGE_CURVE('1_region0_Edge_76',#8176,#9540,#10995,.T.);
#10995 = SURFACE_CURVE('',#10996,(#11000,#11007),.PCURVE_S1.);
#10996 = LINE('',#10997,#10998);
#10997 = CARTESIAN_POINT('',(31.450096749401,-10.24546478998,0.));
#10998 = VECTOR('',#10999,1.);
#10999 = DIRECTION('',(0.,0.,1.));
#11000 = PCURVE('',#8192,#11001);
#11001 = DEFINITIONAL_REPRESENTATION('',(#11002),#11006);
#11002 = LINE('',#11003,#11004);
#11003 = CARTESIAN_POINT('',(-3.127750381587,0.));
#11004 = VECTOR('',#11005,1.);
#11005 = DIRECTION('',(-0.,-1.));
#11006 = ( GEOMETRIC_REPRESENTATION_CONTEXT(2) 
PARAMETRIC_REPRESENTATION_CONTEXT() REPRESENTATION_CONTEXT('2D SPACE',''
  ) );
#11007 = PCURVE('',#8221,#11008);
#11008 = DEFINITIONAL_REPRESENTATION('',(#11009),#11013);
#11009 = LINE('',#11010,#11011);
#11010 = CARTESIAN_POINT('',(-6.269343009191,0.));
#11011 = VECTOR('',#11012,1.);
#11012 = DIRECTION('',(-0.,-1.));
#11013 = ( GEOMETRIC_REPRESENTATION_CONTEXT(2) 
PARAMETRIC_REPRESENTATION_CONTEXT() REPRESENTATION_CONTEXT('2D SPACE',''
  ) );
#11014 = ORIENTED_EDGE('',*,*,#9539,.T.);
#11015 = ORIENTED_EDGE('',*,*,#10969,.F.);
#11016 = ORIENTED_EDGE('',*,*,#8175,.F.);
#11017 = ADVANCED_FACE('1_region0_Face_53',(#11018),#8221,.T.);
#11018 = FACE_BOUND('',#11019,.F.);
#11019 = EDGE_LOOP('undefined shape id',(#11020,#11021,#11022,#11043));
#11020 = ORIENTED_EDGE('',*,*,#10994,.T.);
#11021 = ORIENTED_EDGE('',*,*,#9563,.T.);
#11022 = ORIENTED_EDGE('',*,*,#11023,.F.);
#11023 = EDGE_CURVE('1_region0_Edge_79',#8205,#9564,#11024,.T.);
#11024 = SURFACE_CURVE('',#11025,(#11029,#11036),.PCURVE_S1.);
#11025 = LINE('',#11026,#11027);
#11026 = CARTESIAN_POINT('',(31.28484554,-10.04573487,0.));
#11027 = VECTOR('',#11028,1.);
#11028 = DIRECTION('',(0.,0.,1.));
#11029 = PCURVE('',#8221,#11030);
#11030 = DEFINITIONAL_REPRESENTATION('',(#11031),#11035);
#11031 = LINE('',#11032,#11033);
#11032 = CARTESIAN_POINT('',(-7.679448750626,0.));
#11033 = VECTOR('',#11034,1.);
#11034 = DIRECTION('',(-0.,-1.));
#11035 = ( GEOMETRIC_REPRESENTATION_CONTEXT(2) 
PARAMETRIC_REPRESENTATION_CONTEXT() REPRESENTATION_CONTEXT('2D SPACE',''
  ) );
#11036 = PCURVE('',#8249,#11037);
#11037 = DEFINITIONAL_REPRESENTATION('',(#11038),#11042);
#11038 = LINE('',#11039,#11040);
#11039 = CARTESIAN_POINT('',(0.,0.));
#11040 = VECTOR('',#11041,1.);
#11041 = DIRECTION('',(0.,-1.));
#11042 = ( GEOMETRIC_REPRESENTATION_CONTEXT(2) 
PARAMETRIC_REPRESENTATION_CONTEXT() REPRESENTATION_CONTEXT('2D SPACE',''
  ) );
#11043 = ORIENTED_EDGE('',*,*,#8204,.F.);
#11044 = ADVANCED_FACE('1_region0_Face_57',(#11045),#8249,.F.);
#11045 = FACE_BOUND('',#11046,.F.);
#11046 = EDGE_LOOP('undefined shape id',(#11047,#11048,#11049,#11070));
#11047 = ORIENTED_EDGE('',*,*,#11023,.T.);
#11048 = ORIENTED_EDGE('',*,*,#9587,.T.);
#11049 = ORIENTED_EDGE('',*,*,#11050,.F.);
#11050 = EDGE_CURVE('1_region0_Edge_82',#8234,#9588,#11051,.T.);
#11051 = SURFACE_CURVE('',#11052,(#11056,#11063),.PCURVE_S1.);
#11052 = LINE('',#11053,#11054);
#11053 = CARTESIAN_POINT('',(30.584725790274,-9.92228486847,0.));
#11054 = VECTOR('',#11055,1.);
#11055 = DIRECTION('',(0.,0.,1.));
#11056 = PCURVE('',#8249,#11057);
#11057 = DEFINITIONAL_REPRESENTATION('',(#11058),#11062);
#11058 = LINE('',#11059,#11060);
#11059 = CARTESIAN_POINT('',(0.710920225366,0.));
#11060 = VECTOR('',#11061,1.);
#11061 = DIRECTION('',(0.,-1.));
#11062 = ( GEOMETRIC_REPRESENTATION_CONTEXT(2) 
PARAMETRIC_REPRESENTATION_CONTEXT() REPRESENTATION_CONTEXT('2D SPACE',''
  ) );
#11063 = PCURVE('',#8278,#11064);
#11064 = DEFINITIONAL_REPRESENTATION('',(#11065),#11069);
#11065 = LINE('',#11066,#11067);
#11066 = CARTESIAN_POINT('',(-1.396263428299,0.));
#11067 = VECTOR('',#11068,1.);
#11068 = DIRECTION('',(-0.,-1.));
#11069 = ( GEOMETRIC_REPRESENTATION_CONTEXT(2) 
PARAMETRIC_REPRESENTATION_CONTEXT() REPRESENTATION_CONTEXT('2D SPACE',''
  ) );
#11070 = ORIENTED_EDGE('',*,*,#8233,.F.);
#11071 = ADVANCED_FACE('1_region0_Face_60',(#11072),#8278,.T.);
#11072 = FACE_BOUND('',#11073,.F.);
#11073 = EDGE_LOOP('undefined shape id',(#11074,#11075,#11076,#11097));
#11074 = ORIENTED_EDGE('',*,*,#11050,.T.);
#11075 = ORIENTED_EDGE('',*,*,#9610,.T.);
#11076 = ORIENTED_EDGE('',*,*,#11077,.F.);
#11077 = EDGE_CURVE('1_region0_Edge_85',#8262,#9611,#11078,.T.);
#11078 = SURFACE_CURVE('',#11079,(#11083,#11090),.PCURVE_S1.);
#11079 = LINE('',#11080,#11081);
#11080 = CARTESIAN_POINT('',(30.34999616,-10.11924642,0.));
#11081 = VECTOR('',#11082,1.);
#11082 = DIRECTION('',(0.,0.,1.));
#11083 = PCURVE('',#8278,#11084);
#11084 = DEFINITIONAL_REPRESENTATION('',(#11085),#11089);
#11085 = LINE('',#11086,#11087);
#11086 = CARTESIAN_POINT('',(-3.14159265359,0.));
#11087 = VECTOR('',#11088,1.);
#11088 = DIRECTION('',(-0.,-1.));
#11089 = ( GEOMETRIC_REPRESENTATION_CONTEXT(2) 
PARAMETRIC_REPRESENTATION_CONTEXT() REPRESENTATION_CONTEXT('2D SPACE',''
  ) );
#11090 = PCURVE('',#8306,#11091);
#11091 = DEFINITIONAL_REPRESENTATION('',(#11092),#11096);
#11092 = LINE('',#11093,#11094);
#11093 = CARTESIAN_POINT('',(0.,0.));
#11094 = VECTOR('',#11095,1.);
#11095 = DIRECTION('',(0.,-1.));
#11096 = ( GEOMETRIC_REPRESENTATION_CONTEXT(2) 
PARAMETRIC_REPRESENTATION_CONTEXT() REPRESENTATION_CONTEXT('2D SPACE',''
  ) );
#11097 = ORIENTED_EDGE('',*,*,#8261,.F.);
#11098 = ADVANCED_FACE('1_region0_Face_64',(#11099),#8306,.F.);
#11099 = FACE_BOUND('',#11100,.F.);
#11100 = EDGE_LOOP('undefined shape id',(#11101,#11102,#11103,#11124));
#11101 = ORIENTED_EDGE('',*,*,#11077,.T.);
#11102 = ORIENTED_EDGE('',*,*,#9634,.T.);
#11103 = ORIENTED_EDGE('',*,*,#11104,.F.);
#11104 = EDGE_CURVE('1_region0_Edge_88',#8291,#9635,#11105,.T.);
#11105 = SURFACE_CURVE('',#11106,(#11110,#11117),.PCURVE_S1.);
#11106 = LINE('',#11107,#11108);
#11107 = CARTESIAN_POINT('',(30.34999616,-11.95999871,0.));
#11108 = VECTOR('',#11109,1.);
#11109 = DIRECTION('',(0.,0.,1.));
#11110 = PCURVE('',#8306,#11111);
#11111 = DEFINITIONAL_REPRESENTATION('',(#11112),#11116);
#11112 = LINE('',#11113,#11114);
#11113 = CARTESIAN_POINT('',(1.84075229,0.));
#11114 = VECTOR('',#11115,1.);
#11115 = DIRECTION('',(0.,-1.));
#11116 = ( GEOMETRIC_REPRESENTATION_CONTEXT(2) 
PARAMETRIC_REPRESENTATION_CONTEXT() REPRESENTATION_CONTEXT('2D SPACE',''
  ) );
#11117 = PCURVE('',#8334,#11118);
#11118 = DEFINITIONAL_REPRESENTATION('',(#11119),#11123);
#11119 = LINE('',#11120,#11121);
#11120 = CARTESIAN_POINT('',(0.,-0.));
#11121 = VECTOR('',#11122,1.);
#11122 = DIRECTION('',(0.,-1.));
#11123 = ( GEOMETRIC_REPRESENTATION_CONTEXT(2) 
PARAMETRIC_REPRESENTATION_CONTEXT() REPRESENTATION_CONTEXT('2D SPACE',''
  ) );
#11124 = ORIENTED_EDGE('',*,*,#8290,.F.);
#11125 = ADVANCED_FACE('1_region0_Face_67',(#11126,#11152,#11178,#11204,
    #11230),#8334,.F.);
#11126 = FACE_BOUND('',#11127,.F.);
#11127 = EDGE_LOOP('undefined shape id',(#11128,#11129,#11130,#11151));
#11128 = ORIENTED_EDGE('',*,*,#11104,.T.);
#11129 = ORIENTED_EDGE('',*,*,#9657,.T.);
#11130 = ORIENTED_EDGE('',*,*,#11131,.F.);
#11131 = EDGE_CURVE('1_region0_Edge_91',#8319,#9658,#11132,.T.);
#11132 = SURFACE_CURVE('',#11133,(#11137,#11144),.PCURVE_S1.);
#11133 = LINE('',#11134,#11135);
#11134 = CARTESIAN_POINT('',(-30.35000384,-11.95999871,0.));
#11135 = VECTOR('',#11136,1.);
#11136 = DIRECTION('',(0.,0.,1.));
#11137 = PCURVE('',#8334,#11138);
#11138 = DEFINITIONAL_REPRESENTATION('',(#11139),#11143);
#11139 = LINE('',#11140,#11141);
#11140 = CARTESIAN_POINT('',(60.7,0.));
#11141 = VECTOR('',#11142,1.);
#11142 = DIRECTION('',(0.,-1.));
#11143 = ( GEOMETRIC_REPRESENTATION_CONTEXT(2) 
PARAMETRIC_REPRESENTATION_CONTEXT() REPRESENTATION_CONTEXT('2D SPACE',''
  ) );
#11144 = PCURVE('',#8362,#11145);
#11145 = DEFINITIONAL_REPRESENTATION('',(#11146),#11150);
#11146 = LINE('',#11147,#11148);
#11147 = CARTESIAN_POINT('',(0.,0.));
#11148 = VECTOR('',#11149,1.);
#11149 = DIRECTION('',(0.,-1.));
#11150 = ( GEOMETRIC_REPRESENTATION_CONTEXT(2) 
PARAMETRIC_REPRESENTATION_CONTEXT() REPRESENTATION_CONTEXT('2D SPACE',''
  ) );
#11151 = ORIENTED_EDGE('',*,*,#8318,.F.);
#11152 = FACE_BOUND('',#11153,.F.);
#11153 = EDGE_LOOP('undefined shape id',(#11154));
#11154 = ORIENTED_EDGE('',*,*,#11155,.F.);
#11155 = EDGE_CURVE('26_Sub_ae337c38d1919284e27e55e555009da8_Edge_0',
  #11156,#11156,#11158,.T.);
#11156 = VERTEX_POINT('26_Sub_ae337c38d1919284e27e55e555009da8_Vertex_0'
  ,#11157);
#11157 = CARTESIAN_POINT('',(24.99999616,-11.95999871,94.025));
#11158 = SURFACE_CURVE('',#11159,(#11164,#11171),.PCURVE_S1.);
#11159 = CIRCLE('',#11160,1.025);
#11160 = AXIS2_PLACEMENT_3D('',#11161,#11162,#11163);
#11161 = CARTESIAN_POINT('',(24.99999616,-11.95999871,93.));
#11162 = DIRECTION('',(0.,-1.,0.));
#11163 = DIRECTION('',(0.,0.,1.));
#11164 = PCURVE('',#8334,#11165);
#11165 = DEFINITIONAL_REPRESENTATION('',(#11166),#11170);
#11166 = CIRCLE('',#11167,1.025);
#11167 = AXIS2_PLACEMENT_2D('',#11168,#11169);
#11168 = CARTESIAN_POINT('',(5.35,-93.));
#11169 = DIRECTION('',(0.,-1.));
#11170 = ( GEOMETRIC_REPRESENTATION_CONTEXT(2) 
PARAMETRIC_REPRESENTATION_CONTEXT() REPRESENTATION_CONTEXT('2D SPACE',''
  ) );
#11171 = PCURVE('',#10431,#11172);
#11172 = DEFINITIONAL_REPRESENTATION('',(#11173),#11177);
#11173 = LINE('',#11174,#11175);
#11174 = CARTESIAN_POINT('',(-6.28318530718,8.7));
#11175 = VECTOR('',#11176,1.);
#11176 = DIRECTION('',(1.,-0.));
#11177 = ( GEOMETRIC_REPRESENTATION_CONTEXT(2) 
PARAMETRIC_REPRESENTATION_CONTEXT() REPRESENTATION_CONTEXT('2D SPACE',''
  ) );
#11178 = FACE_BOUND('',#11179,.F.);
#11179 = EDGE_LOOP('undefined shape id',(#11180));
#11180 = ORIENTED_EDGE('',*,*,#11181,.F.);
#11181 = EDGE_CURVE('22_Sub_region1_1_1_region0_Edge_0',#11182,#11182,
  #11184,.T.);
#11182 = VERTEX_POINT('22_Sub_region1_1_1_region0_Vertex_0',#11183);
#11183 = CARTESIAN_POINT('',(24.99999616,-11.95999871,68.525));
#11184 = SURFACE_CURVE('',#11185,(#11190,#11197),.PCURVE_S1.);
#11185 = CIRCLE('',#11186,1.025);
#11186 = AXIS2_PLACEMENT_3D('',#11187,#11188,#11189);
#11187 = CARTESIAN_POINT('',(24.99999616,-11.95999871,67.5));
#11188 = DIRECTION('',(0.,-1.,0.));
#11189 = DIRECTION('',(0.,0.,1.));
#11190 = PCURVE('',#8334,#11191);
#11191 = DEFINITIONAL_REPRESENTATION('',(#11192),#11196);
#11192 = CIRCLE('',#11193,1.025);
#11193 = AXIS2_PLACEMENT_2D('',#11194,#11195);
#11194 = CARTESIAN_POINT('',(5.35,-67.5));
#11195 = DIRECTION('',(0.,-1.));
#11196 = ( GEOMETRIC_REPRESENTATION_CONTEXT(2) 
PARAMETRIC_REPRESENTATION_CONTEXT() REPRESENTATION_CONTEXT('2D SPACE',''
  ) );
#11197 = PCURVE('',#10462,#11198);
#11198 = DEFINITIONAL_REPRESENTATION('',(#11199),#11203);
#11199 = LINE('',#11200,#11201);
#11200 = CARTESIAN_POINT('',(-6.28318530718,8.7));
#11201 = VECTOR('',#11202,1.);
#11202 = DIRECTION('',(1.,-0.));
#11203 = ( GEOMETRIC_REPRESENTATION_CONTEXT(2) 
PARAMETRIC_REPRESENTATION_CONTEXT() REPRESENTATION_CONTEXT('2D SPACE',''
  ) );
#11204 = FACE_BOUND('',#11205,.F.);
#11205 = EDGE_LOOP('undefined shape id',(#11206));
#11206 = ORIENTED_EDGE('',*,*,#11207,.F.);
#11207 = EDGE_CURVE('30_Sub_0837e1c3d9611e4cf690d77e0168f511_Edge_0',
  #11208,#11208,#11210,.T.);
#11208 = VERTEX_POINT('30_Sub_0837e1c3d9611e4cf690d77e0168f511_Vertex_0'
  ,#11209);
#11209 = CARTESIAN_POINT('',(-25.00000384,-11.95999871,93.525));
#11210 = SURFACE_CURVE('',#11211,(#11216,#11223),.PCURVE_S1.);
#11211 = CIRCLE('',#11212,1.025);
#11212 = AXIS2_PLACEMENT_3D('',#11213,#11214,#11215);
#11213 = CARTESIAN_POINT('',(-25.00000384,-11.95999871,92.5));
#11214 = DIRECTION('',(0.,-1.,0.));
#11215 = DIRECTION('',(0.,0.,1.));
#11216 = PCURVE('',#8334,#11217);
#11217 = DEFINITIONAL_REPRESENTATION('',(#11218),#11222);
#11218 = CIRCLE('',#11219,1.025);
#11219 = AXIS2_PLACEMENT_2D('',#11220,#11221);
#11220 = CARTESIAN_POINT('',(55.35,-92.5));
#11221 = DIRECTION('',(0.,-1.));
#11222 = ( GEOMETRIC_REPRESENTATION_CONTEXT(2) 
PARAMETRIC_REPRESENTATION_CONTEXT() REPRESENTATION_CONTEXT('2D SPACE',''
  ) );
#11223 = PCURVE('',#10400,#11224);
#11224 = DEFINITIONAL_REPRESENTATION('',(#11225),#11229);
#11225 = LINE('',#11226,#11227);
#11226 = CARTESIAN_POINT('',(-6.28318530718,8.7));
#11227 = VECTOR('',#11228,1.);
#11228 = DIRECTION('',(1.,-0.));
#11229 = ( GEOMETRIC_REPRESENTATION_CONTEXT(2) 
PARAMETRIC_REPRESENTATION_CONTEXT() REPRESENTATION_CONTEXT('2D SPACE',''
  ) );
#11230 = FACE_BOUND('',#11231,.F.);
#11231 = EDGE_LOOP('undefined shape id',(#11232));
#11232 = ORIENTED_EDGE('',*,*,#11233,.F.);
#11233 = EDGE_CURVE('34_Sub_0dd2abb0523598fb9ffd954dab92f79e_Edge_0',
  #11234,#11234,#11236,.T.);
#11234 = VERTEX_POINT('34_Sub_0dd2abb0523598fb9ffd954dab92f79e_Vertex_0'
  ,#11235);
#11235 = CARTESIAN_POINT('',(-25.00000384,-11.95999871,8.525));
#11236 = SURFACE_CURVE('',#11237,(#11242,#11249),.PCURVE_S1.);
#11237 = CIRCLE('',#11238,1.025);
#11238 = AXIS2_PLACEMENT_3D('',#11239,#11240,#11241);
#11239 = CARTESIAN_POINT('',(-25.00000384,-11.95999871,7.5));
#11240 = DIRECTION('',(0.,-1.,0.));
#11241 = DIRECTION('',(0.,0.,1.));
#11242 = PCURVE('',#8334,#11243);
#11243 = DEFINITIONAL_REPRESENTATION('',(#11244),#11248);
#11244 = CIRCLE('',#11245,1.025);
#11245 = AXIS2_PLACEMENT_2D('',#11246,#11247);
#11246 = CARTESIAN_POINT('',(55.35,-7.5));
#11247 = DIRECTION('',(0.,-1.));
#11248 = ( GEOMETRIC_REPRESENTATION_CONTEXT(2) 
PARAMETRIC_REPRESENTATION_CONTEXT() REPRESENTATION_CONTEXT('2D SPACE',''
  ) );
#11249 = PCURVE('',#10493,#11250);
#11250 = DEFINITIONAL_REPRESENTATION('',(#11251),#11255);
#11251 = LINE('',#11252,#11253);
#11252 = CARTESIAN_POINT('',(-6.28318530718,8.7));
#11253 = VECTOR('',#11254,1.);
#11254 = DIRECTION('',(1.,-0.));
#11255 = ( GEOMETRIC_REPRESENTATION_CONTEXT(2) 
PARAMETRIC_REPRESENTATION_CONTEXT() REPRESENTATION_CONTEXT('2D SPACE',''
  ) );
#11256 = ADVANCED_FACE('1_region0_Face_70',(#11257),#8362,.F.);
#11257 = FACE_BOUND('',#11258,.F.);
#11258 = EDGE_LOOP('undefined shape id',(#11259,#11260,#11261,#11282));
#11259 = ORIENTED_EDGE('',*,*,#11131,.T.);
#11260 = ORIENTED_EDGE('',*,*,#9680,.T.);
#11261 = ORIENTED_EDGE('',*,*,#11262,.F.);
#11262 = EDGE_CURVE('1_region0_Edge_94',#8347,#9681,#11263,.T.);
#11263 = SURFACE_CURVE('',#11264,(#11268,#11275),.PCURVE_S1.);
#11264 = LINE('',#11265,#11266);
#11265 = CARTESIAN_POINT('',(-30.35000384,-10.11924642,0.));
#11266 = VECTOR('',#11267,1.);
#11267 = DIRECTION('',(0.,0.,1.));
#11268 = PCURVE('',#8362,#11269);
#11269 = DEFINITIONAL_REPRESENTATION('',(#11270),#11274);
#11270 = LINE('',#11271,#11272);
#11271 = CARTESIAN_POINT('',(1.84075229,0.));
#11272 = VECTOR('',#11273,1.);
#11273 = DIRECTION('',(0.,-1.));
#11274 = ( GEOMETRIC_REPRESENTATION_CONTEXT(2) 
PARAMETRIC_REPRESENTATION_CONTEXT() REPRESENTATION_CONTEXT('2D SPACE',''
  ) );
#11275 = PCURVE('',#8391,#11276);
#11276 = DEFINITIONAL_REPRESENTATION('',(#11277),#11281);
#11277 = LINE('',#11278,#11279);
#11278 = CARTESIAN_POINT('',(-5.95044013303E-10,0.));
#11279 = VECTOR('',#11280,1.);
#11280 = DIRECTION('',(-0.,-1.));
#11281 = ( GEOMETRIC_REPRESENTATION_CONTEXT(2) 
PARAMETRIC_REPRESENTATION_CONTEXT() REPRESENTATION_CONTEXT('2D SPACE',''
  ) );
#11282 = ORIENTED_EDGE('',*,*,#8346,.F.);
#11283 = ADVANCED_FACE('1_region0_Face_73',(#11284),#8391,.T.);
#11284 = FACE_BOUND('',#11285,.F.);
#11285 = EDGE_LOOP('undefined shape id',(#11286,#11287,#11288,#11309));
#11286 = ORIENTED_EDGE('',*,*,#11262,.T.);
#11287 = ORIENTED_EDGE('',*,*,#9703,.T.);
#11288 = ORIENTED_EDGE('',*,*,#11289,.F.);
#11289 = EDGE_CURVE('1_region0_Edge_97',#8375,#9704,#11290,.T.);
#11290 = SURFACE_CURVE('',#11291,(#11295,#11302),.PCURVE_S1.);
#11291 = LINE('',#11292,#11293);
#11292 = CARTESIAN_POINT('',(-30.58473348,-9.92228487,0.));
#11293 = VECTOR('',#11294,1.);
#11294 = DIRECTION('',(0.,0.,1.));
#11295 = PCURVE('',#8391,#11296);
#11296 = DEFINITIONAL_REPRESENTATION('',(#11297),#11301);
#11297 = LINE('',#11298,#11299);
#11298 = CARTESIAN_POINT('',(-1.745329273151,0.));
#11299 = VECTOR('',#11300,1.);
#11300 = DIRECTION('',(-0.,-1.));
#11301 = ( GEOMETRIC_REPRESENTATION_CONTEXT(2) 
PARAMETRIC_REPRESENTATION_CONTEXT() REPRESENTATION_CONTEXT('2D SPACE',''
  ) );
#11302 = PCURVE('',#8419,#11303);
#11303 = DEFINITIONAL_REPRESENTATION('',(#11304),#11308);
#11304 = LINE('',#11305,#11306);
#11305 = CARTESIAN_POINT('',(0.,0.));
#11306 = VECTOR('',#11307,1.);
#11307 = DIRECTION('',(0.,-1.));
#11308 = ( GEOMETRIC_REPRESENTATION_CONTEXT(2) 
PARAMETRIC_REPRESENTATION_CONTEXT() REPRESENTATION_CONTEXT('2D SPACE',''
  ) );
#11309 = ORIENTED_EDGE('',*,*,#8374,.F.);
#11310 = ADVANCED_FACE('1_region0_Face_77',(#11311),#8419,.F.);
#11311 = FACE_BOUND('',#11312,.F.);
#11312 = EDGE_LOOP('undefined shape id',(#11313,#11314,#11315,#11336));
#11313 = ORIENTED_EDGE('',*,*,#11289,.T.);
#11314 = ORIENTED_EDGE('',*,*,#9727,.T.);
#11315 = ORIENTED_EDGE('',*,*,#11316,.F.);
#11316 = EDGE_CURVE('1_region0_Edge_100',#8404,#9728,#11317,.T.);
#11317 = SURFACE_CURVE('',#11318,(#11322,#11329),.PCURVE_S1.);
#11318 = LINE('',#11319,#11320);
#11319 = CARTESIAN_POINT('',(-31.28485323027,-10.04573486847,0.));
#11320 = VECTOR('',#11321,1.);
#11321 = DIRECTION('',(0.,0.,1.));
#11322 = PCURVE('',#8419,#11323);
#11323 = DEFINITIONAL_REPRESENTATION('',(#11324),#11328);
#11324 = LINE('',#11325,#11326);
#11325 = CARTESIAN_POINT('',(0.710920225374,0.));
#11326 = VECTOR('',#11327,1.);
#11327 = DIRECTION('',(0.,-1.));
#11328 = ( GEOMETRIC_REPRESENTATION_CONTEXT(2) 
PARAMETRIC_REPRESENTATION_CONTEXT() REPRESENTATION_CONTEXT('2D SPACE',''
  ) );
#11329 = PCURVE('',#8448,#11330);
#11330 = DEFINITIONAL_REPRESENTATION('',(#11331),#11335);
#11331 = LINE('',#11332,#11333);
#11332 = CARTESIAN_POINT('',(-1.745329199957,0.));
#11333 = VECTOR('',#11334,1.);
#11334 = DIRECTION('',(-0.,-1.));
#11335 = ( GEOMETRIC_REPRESENTATION_CONTEXT(2) 
PARAMETRIC_REPRESENTATION_CONTEXT() REPRESENTATION_CONTEXT('2D SPACE',''
  ) );
#11336 = ORIENTED_EDGE('',*,*,#8403,.F.);
#11337 = ADVANCED_FACE('1_region0_Face_80',(#11338),#8448,.T.);
#11338 = FACE_BOUND('',#11339,.F.);
#11339 = EDGE_LOOP('undefined shape id',(#11340,#11341,#11342,#11363));
#11340 = ORIENTED_EDGE('',*,*,#11316,.T.);
#11341 = ORIENTED_EDGE('',*,*,#9750,.T.);
#11342 = ORIENTED_EDGE('',*,*,#11343,.F.);
#11343 = EDGE_CURVE('1_region0_Edge_103',#8432,#9751,#11344,.T.);
#11344 = SURFACE_CURVE('',#11345,(#11349,#11356),.PCURVE_S1.);
#11345 = LINE('',#11346,#11347);
#11346 = CARTESIAN_POINT('',(-31.45010443283,-10.24546479009,0.));
#11347 = VECTOR('',#11348,1.);
#11348 = DIRECTION('',(0.,0.,1.));
#11349 = PCURVE('',#8448,#11350);
#11350 = DEFINITIONAL_REPRESENTATION('',(#11351),#11355);
#11351 = LINE('',#11352,#11353);
#11352 = CARTESIAN_POINT('',(-3.15543501049,0.));
#11353 = VECTOR('',#11354,1.);
#11354 = DIRECTION('',(-0.,-1.));
#11355 = ( GEOMETRIC_REPRESENTATION_CONTEXT(2) 
PARAMETRIC_REPRESENTATION_CONTEXT() REPRESENTATION_CONTEXT('2D SPACE',''
  ) );
#11356 = PCURVE('',#8477,#11357);
#11357 = DEFINITIONAL_REPRESENTATION('',(#11358),#11362);
#11358 = LINE('',#11359,#11360);
#11359 = CARTESIAN_POINT('',(-6.297027575677,0.));
#11360 = VECTOR('',#11361,1.);
#11361 = DIRECTION('',(-0.,-1.));
#11362 = ( GEOMETRIC_REPRESENTATION_CONTEXT(2) 
PARAMETRIC_REPRESENTATION_CONTEXT() REPRESENTATION_CONTEXT('2D SPACE',''
  ) );
#11363 = ORIENTED_EDGE('',*,*,#8431,.F.);
#11364 = ADVANCED_FACE('1_region0_Face_84',(#11365),#8477,.F.);
#11365 = FACE_BOUND('',#11366,.T.);
#11366 = EDGE_LOOP('undefined shape id',(#11367,#11388,#11389,#11390));
#11367 = ORIENTED_EDGE('',*,*,#11368,.T.);
#11368 = EDGE_CURVE('1_region0_Edge_106',#8461,#9775,#11369,.T.);
#11369 = SURFACE_CURVE('',#11370,(#11374,#11381),.PCURVE_S1.);
#11370 = LINE('',#11371,#11372);
#11371 = CARTESIAN_POINT('',(-32.30337760977,-9.228573418843,0.));
#11372 = VECTOR('',#11373,1.);
#11373 = DIRECTION('',(0.,0.,1.));
#11374 = PCURVE('',#8477,#11375);
#11375 = DEFINITIONAL_REPRESENTATION('',(#11376),#11380);
#11376 = LINE('',#11377,#11378);
#11377 = CARTESIAN_POINT('',(-1.382421135837,0.));
#11378 = VECTOR('',#11379,1.);
#11379 = DIRECTION('',(-0.,-1.));
#11380 = ( GEOMETRIC_REPRESENTATION_CONTEXT(2) 
PARAMETRIC_REPRESENTATION_CONTEXT() REPRESENTATION_CONTEXT('2D SPACE',''
  ) );
#11381 = PCURVE('',#8506,#11382);
#11382 = DEFINITIONAL_REPRESENTATION('',(#11383),#11387);
#11383 = LINE('',#11384,#11385);
#11384 = CARTESIAN_POINT('',(-4.524013753898,0.));
#11385 = VECTOR('',#11386,1.);
#11386 = DIRECTION('',(-0.,-1.));
#11387 = ( GEOMETRIC_REPRESENTATION_CONTEXT(2) 
PARAMETRIC_REPRESENTATION_CONTEXT() REPRESENTATION_CONTEXT('2D SPACE',''
  ) );
#11388 = ORIENTED_EDGE('',*,*,#9774,.T.);
#11389 = ORIENTED_EDGE('',*,*,#11343,.F.);
#11390 = ORIENTED_EDGE('',*,*,#8460,.F.);
#11391 = ADVANCED_FACE('1_region0_Face_88',(#11392),#8506,.T.);
#11392 = FACE_BOUND('',#11393,.F.);
#11393 = EDGE_LOOP('undefined shape id',(#11394,#11395,#11396,#11417));
#11394 = ORIENTED_EDGE('',*,*,#11368,.T.);
#11395 = ORIENTED_EDGE('',*,*,#9798,.T.);
#11396 = ORIENTED_EDGE('',*,*,#11397,.F.);
#11397 = EDGE_CURVE('1_region0_Edge_109',#8490,#9799,#11398,.T.);
#11398 = SURFACE_CURVE('',#11399,(#11403,#11410),.PCURVE_S1.);
#11399 = LINE('',#11400,#11401);
#11400 = CARTESIAN_POINT('',(-32.07798647,-9.10051549,0.));
#11401 = VECTOR('',#11402,1.);
#11402 = DIRECTION('',(0.,0.,1.));
#11403 = PCURVE('',#8506,#11404);
#11404 = DEFINITIONAL_REPRESENTATION('',(#11405),#11409);
#11405 = LINE('',#11406,#11407);
#11406 = CARTESIAN_POINT('',(-5.934119476979,0.));
#11407 = VECTOR('',#11408,1.);
#11408 = DIRECTION('',(-0.,-1.));
#11409 = ( GEOMETRIC_REPRESENTATION_CONTEXT(2) 
PARAMETRIC_REPRESENTATION_CONTEXT() REPRESENTATION_CONTEXT('2D SPACE',''
  ) );
#11410 = PCURVE('',#8534,#11411);
#11411 = DEFINITIONAL_REPRESENTATION('',(#11412),#11416);
#11412 = LINE('',#11413,#11414);
#11413 = CARTESIAN_POINT('',(0.,0.));
#11414 = VECTOR('',#11415,1.);
#11415 = DIRECTION('',(0.,-1.));
#11416 = ( GEOMETRIC_REPRESENTATION_CONTEXT(2) 
PARAMETRIC_REPRESENTATION_CONTEXT() REPRESENTATION_CONTEXT('2D SPACE',''
  ) );
#11417 = ORIENTED_EDGE('',*,*,#8489,.F.);
#11418 = ADVANCED_FACE('1_region0_Face_92',(#11419),#8534,.F.);
#11419 = FACE_BOUND('',#11420,.F.);
#11420 = EDGE_LOOP('undefined shape id',(#11421,#11422,#11423,#11444));
#11421 = ORIENTED_EDGE('',*,*,#11397,.T.);
#11422 = ORIENTED_EDGE('',*,*,#9822,.T.);
#11423 = ORIENTED_EDGE('',*,*,#11424,.F.);
#11424 = EDGE_CURVE('1_region0_Edge_112',#8519,#9823,#11425,.T.);
#11425 = SURFACE_CURVE('',#11426,(#11430,#11437),.PCURVE_S1.);
#11426 = LINE('',#11427,#11428);
#11427 = CARTESIAN_POINT('',(-31.81515891676,-8.378402741191,0.));
#11428 = VECTOR('',#11429,1.);
#11429 = DIRECTION('',(0.,0.,1.));
#11430 = PCURVE('',#8534,#11431);
#11431 = DEFINITIONAL_REPRESENTATION('',(#11432),#11436);
#11432 = LINE('',#11433,#11434);
#11433 = CARTESIAN_POINT('',(0.76845633886,0.));
#11434 = VECTOR('',#11435,1.);
#11435 = DIRECTION('',(0.,-1.));
#11436 = ( GEOMETRIC_REPRESENTATION_CONTEXT(2) 
PARAMETRIC_REPRESENTATION_CONTEXT() REPRESENTATION_CONTEXT('2D SPACE',''
  ) );
#11437 = PCURVE('',#8563,#11438);
#11438 = DEFINITIONAL_REPRESENTATION('',(#11439),#11443);
#11439 = LINE('',#11440,#11441);
#11440 = CARTESIAN_POINT('',(-5.934119443342,0.));
#11441 = VECTOR('',#11442,1.);
#11442 = DIRECTION('',(-0.,-1.));
#11443 = ( GEOMETRIC_REPRESENTATION_CONTEXT(2) 
PARAMETRIC_REPRESENTATION_CONTEXT() REPRESENTATION_CONTEXT('2D SPACE',''
  ) );
#11444 = ORIENTED_EDGE('',*,*,#8518,.F.);
#11445 = ADVANCED_FACE('1_region0_Face_95',(#11446),#8563,.T.);
#11446 = FACE_BOUND('',#11447,.F.);
#11447 = EDGE_LOOP('undefined shape id',(#11448,#11449,#11450,#11471));
#11448 = ORIENTED_EDGE('',*,*,#11424,.T.);
#11449 = ORIENTED_EDGE('',*,*,#9845,.T.);
#11450 = ORIENTED_EDGE('',*,*,#11451,.F.);
#11451 = EDGE_CURVE('1_region0_Edge_115',#8547,#9846,#11452,.T.);
#11452 = SURFACE_CURVE('',#11453,(#11457,#11464),.PCURVE_S1.);
#11453 = LINE('',#11454,#11455);
#11454 = CARTESIAN_POINT('',(-32.00309744,-8.10999871,0.));
#11455 = VECTOR('',#11456,1.);
#11456 = DIRECTION('',(0.,0.,1.));
#11457 = PCURVE('',#8563,#11458);
#11458 = DEFINITIONAL_REPRESENTATION('',(#11459),#11463);
#11459 = LINE('',#11460,#11461);
#11460 = CARTESIAN_POINT('',(-7.853981633974,0.));
#11461 = VECTOR('',#11462,1.);
#11462 = DIRECTION('',(-0.,-1.));
#11463 = ( GEOMETRIC_REPRESENTATION_CONTEXT(2) 
PARAMETRIC_REPRESENTATION_CONTEXT() REPRESENTATION_CONTEXT('2D SPACE',''
  ) );
#11464 = PCURVE('',#8591,#11465);
#11465 = DEFINITIONAL_REPRESENTATION('',(#11466),#11470);
#11466 = LINE('',#11467,#11468);
#11467 = CARTESIAN_POINT('',(0.,-0.));
#11468 = VECTOR('',#11469,1.);
#11469 = DIRECTION('',(0.,-1.));
#11470 = ( GEOMETRIC_REPRESENTATION_CONTEXT(2) 
PARAMETRIC_REPRESENTATION_CONTEXT() REPRESENTATION_CONTEXT('2D SPACE',''
  ) );
#11471 = ORIENTED_EDGE('',*,*,#8546,.F.);
#11472 = ADVANCED_FACE('1_region0_Face_99',(#11473),#8591,.F.);
#11473 = FACE_BOUND('',#11474,.F.);
#11474 = EDGE_LOOP('undefined shape id',(#11475,#11476,#11477,#11498));
#11475 = ORIENTED_EDGE('',*,*,#11451,.T.);
#11476 = ORIENTED_EDGE('',*,*,#9869,.T.);
#11477 = ORIENTED_EDGE('',*,*,#11478,.F.);
#11478 = EDGE_CURVE('1_region0_Edge_118',#8576,#9870,#11479,.T.);
#11479 = SURFACE_CURVE('',#11480,(#11484,#11491),.PCURVE_S1.);
#11480 = LINE('',#11481,#11482);
#11481 = CARTESIAN_POINT('',(-34.00000384,-8.10999871,0.));
#11482 = VECTOR('',#11483,1.);
#11483 = DIRECTION('',(0.,0.,1.));
#11484 = PCURVE('',#8591,#11485);
#11485 = DEFINITIONAL_REPRESENTATION('',(#11486),#11490);
#11486 = LINE('',#11487,#11488);
#11487 = CARTESIAN_POINT('',(1.9969064,0.));
#11488 = VECTOR('',#11489,1.);
#11489 = DIRECTION('',(0.,-1.));
#11490 = ( GEOMETRIC_REPRESENTATION_CONTEXT(2) 
PARAMETRIC_REPRESENTATION_CONTEXT() REPRESENTATION_CONTEXT('2D SPACE',''
  ) );
#11491 = PCURVE('',#8619,#11492);
#11492 = DEFINITIONAL_REPRESENTATION('',(#11493),#11497);
#11493 = LINE('',#11494,#11495);
#11494 = CARTESIAN_POINT('',(0.,0.));
#11495 = VECTOR('',#11496,1.);
#11496 = DIRECTION('',(0.,-1.));
#11497 = ( GEOMETRIC_REPRESENTATION_CONTEXT(2) 
PARAMETRIC_REPRESENTATION_CONTEXT() REPRESENTATION_CONTEXT('2D SPACE',''
  ) );
#11498 = ORIENTED_EDGE('',*,*,#8575,.F.);
#11499 = ADVANCED_FACE('1_region0_Face_102',(#11500),#8619,.F.);
#11500 = FACE_BOUND('',#11501,.F.);
#11501 = EDGE_LOOP('undefined shape id',(#11502,#11503,#11504,#11525));
#11502 = ORIENTED_EDGE('',*,*,#11478,.T.);
#11503 = ORIENTED_EDGE('',*,*,#9892,.T.);
#11504 = ORIENTED_EDGE('',*,*,#11505,.F.);
#11505 = EDGE_CURVE('1_region0_Edge_121',#8604,#9893,#11506,.T.);
#11506 = SURFACE_CURVE('',#11507,(#11511,#11518),.PCURVE_S1.);
#11507 = LINE('',#11508,#11509);
#11508 = CARTESIAN_POINT('',(-34.00000384,-6.25999871,0.));
#11509 = VECTOR('',#11510,1.);
#11510 = DIRECTION('',(0.,0.,1.));
#11511 = PCURVE('',#8619,#11512);
#11512 = DEFINITIONAL_REPRESENTATION('',(#11513),#11517);
#11513 = LINE('',#11514,#11515);
#11514 = CARTESIAN_POINT('',(1.85,0.));
#11515 = VECTOR('',#11516,1.);
#11516 = DIRECTION('',(0.,-1.));
#11517 = ( GEOMETRIC_REPRESENTATION_CONTEXT(2) 
PARAMETRIC_REPRESENTATION_CONTEXT() REPRESENTATION_CONTEXT('2D SPACE',''
  ) );
#11518 = PCURVE('',#8647,#11519);
#11519 = DEFINITIONAL_REPRESENTATION('',(#11520),#11524);
#11520 = LINE('',#11521,#11522);
#11521 = CARTESIAN_POINT('',(0.,0.));
#11522 = VECTOR('',#11523,1.);
#11523 = DIRECTION('',(0.,-1.));
#11524 = ( GEOMETRIC_REPRESENTATION_CONTEXT(2) 
PARAMETRIC_REPRESENTATION_CONTEXT() REPRESENTATION_CONTEXT('2D SPACE',''
  ) );
#11525 = ORIENTED_EDGE('',*,*,#8603,.F.);
#11526 = ADVANCED_FACE('1_region0_Face_105',(#11527),#8647,.F.);
#11527 = FACE_BOUND('',#11528,.F.);
#11528 = EDGE_LOOP('undefined shape id',(#11529,#11530,#11531,#11552));
#11529 = ORIENTED_EDGE('',*,*,#11505,.T.);
#11530 = ORIENTED_EDGE('',*,*,#9915,.T.);
#11531 = ORIENTED_EDGE('',*,*,#11532,.F.);
#11532 = EDGE_CURVE('1_region0_Edge_124',#8632,#9916,#11533,.T.);
#11533 = SURFACE_CURVE('',#11534,(#11538,#11545),.PCURVE_S1.);
#11534 = LINE('',#11535,#11536);
#11535 = CARTESIAN_POINT('',(-32.00000384,-6.25999871,0.));
#11536 = VECTOR('',#11537,1.);
#11537 = DIRECTION('',(0.,0.,1.));
#11538 = PCURVE('',#8647,#11539);
#11539 = DEFINITIONAL_REPRESENTATION('',(#11540),#11544);
#11540 = LINE('',#11541,#11542);
#11541 = CARTESIAN_POINT('',(2.,0.));
#11542 = VECTOR('',#11543,1.);
#11543 = DIRECTION('',(0.,-1.));
#11544 = ( GEOMETRIC_REPRESENTATION_CONTEXT(2) 
PARAMETRIC_REPRESENTATION_CONTEXT() REPRESENTATION_CONTEXT('2D SPACE',''
  ) );
#11545 = PCURVE('',#8676,#11546);
#11546 = DEFINITIONAL_REPRESENTATION('',(#11547),#11551);
#11547 = LINE('',#11548,#11549);
#11548 = CARTESIAN_POINT('',(-4.712388980385,0.));
#11549 = VECTOR('',#11550,1.);
#11550 = DIRECTION('',(-0.,-1.));
#11551 = ( GEOMETRIC_REPRESENTATION_CONTEXT(2) 
PARAMETRIC_REPRESENTATION_CONTEXT() REPRESENTATION_CONTEXT('2D SPACE',''
  ) );
#11552 = ORIENTED_EDGE('',*,*,#8631,.F.);
#11553 = ADVANCED_FACE('1_region0_Face_108',(#11554),#8676,.T.);
#11554 = FACE_BOUND('',#11555,.F.);
#11555 = EDGE_LOOP('undefined shape id',(#11556,#11557,#11558,#11579));
#11556 = ORIENTED_EDGE('',*,*,#11532,.T.);
#11557 = ORIENTED_EDGE('',*,*,#9938,.T.);
#11558 = ORIENTED_EDGE('',*,*,#11559,.F.);
#11559 = EDGE_CURVE('1_region0_Edge_127',#8660,#9939,#11560,.T.);
#11560 = SURFACE_CURVE('',#11561,(#11565,#11572),.PCURVE_S1.);
#11561 = LINE('',#11562,#11563);
#11562 = CARTESIAN_POINT('',(-31.80000384,-6.05999871,0.));
#11563 = VECTOR('',#11564,1.);
#11564 = DIRECTION('',(0.,0.,1.));
#11565 = PCURVE('',#8676,#11566);
#11566 = DEFINITIONAL_REPRESENTATION('',(#11567),#11571);
#11567 = LINE('',#11568,#11569);
#11568 = CARTESIAN_POINT('',(-6.28318530718,0.));
#11569 = VECTOR('',#11570,1.);
#11570 = DIRECTION('',(-0.,-1.));
#11571 = ( GEOMETRIC_REPRESENTATION_CONTEXT(2) 
PARAMETRIC_REPRESENTATION_CONTEXT() REPRESENTATION_CONTEXT('2D SPACE',''
  ) );
#11572 = PCURVE('',#8704,#11573);
#11573 = DEFINITIONAL_REPRESENTATION('',(#11574),#11578);
#11574 = LINE('',#11575,#11576);
#11575 = CARTESIAN_POINT('',(0.,0.));
#11576 = VECTOR('',#11577,1.);
#11577 = DIRECTION('',(0.,-1.));
#11578 = ( GEOMETRIC_REPRESENTATION_CONTEXT(2) 
PARAMETRIC_REPRESENTATION_CONTEXT() REPRESENTATION_CONTEXT('2D SPACE',''
  ) );
#11579 = ORIENTED_EDGE('',*,*,#8659,.F.);
#11580 = ADVANCED_FACE('1_region0_Face_112',(#11581),#8704,.F.);
#11581 = FACE_BOUND('',#11582,.F.);
#11582 = EDGE_LOOP('undefined shape id',(#11583,#11584,#11585,#11606));
#11583 = ORIENTED_EDGE('',*,*,#11559,.T.);
#11584 = ORIENTED_EDGE('',*,*,#9962,.T.);
#11585 = ORIENTED_EDGE('',*,*,#11586,.F.);
#11586 = EDGE_CURVE('1_region0_Edge_130',#8689,#9963,#11587,.T.);
#11587 = SURFACE_CURVE('',#11588,(#11592,#11599),.PCURVE_S1.);
#11588 = LINE('',#11589,#11590);
#11589 = CARTESIAN_POINT('',(-31.80000384,-5.30999871,0.));
#11590 = VECTOR('',#11591,1.);
#11591 = DIRECTION('',(0.,0.,1.));
#11592 = PCURVE('',#8704,#11593);
#11593 = DEFINITIONAL_REPRESENTATION('',(#11594),#11598);
#11594 = LINE('',#11595,#11596);
#11595 = CARTESIAN_POINT('',(0.75,0.));
#11596 = VECTOR('',#11597,1.);
#11597 = DIRECTION('',(0.,-1.));
#11598 = ( GEOMETRIC_REPRESENTATION_CONTEXT(2) 
PARAMETRIC_REPRESENTATION_CONTEXT() REPRESENTATION_CONTEXT('2D SPACE',''
  ) );
#11599 = PCURVE('',#8733,#11600);
#11600 = DEFINITIONAL_REPRESENTATION('',(#11601),#11605);
#11601 = LINE('',#11602,#11603);
#11602 = CARTESIAN_POINT('',(-0.,0.));
#11603 = VECTOR('',#11604,1.);
#11604 = DIRECTION('',(-0.,-1.));
#11605 = ( GEOMETRIC_REPRESENTATION_CONTEXT(2) 
PARAMETRIC_REPRESENTATION_CONTEXT() REPRESENTATION_CONTEXT('2D SPACE',''
  ) );
#11606 = ORIENTED_EDGE('',*,*,#8688,.F.);
#11607 = ADVANCED_FACE('1_region0_Face_115',(#11608),#8733,.T.);
#11608 = FACE_BOUND('',#11609,.F.);
#11609 = EDGE_LOOP('undefined shape id',(#11610,#11611,#11612,#11633));
#11610 = ORIENTED_EDGE('',*,*,#11586,.T.);
#11611 = ORIENTED_EDGE('',*,*,#9985,.T.);
#11612 = ORIENTED_EDGE('',*,*,#11613,.F.);
#11613 = EDGE_CURVE('1_region0_Edge_133',#8717,#9986,#11614,.T.);
#11614 = SURFACE_CURVE('',#11615,(#11619,#11626),.PCURVE_S1.);
#11615 = LINE('',#11616,#11617);
#11616 = CARTESIAN_POINT('',(-32.00000384,-5.10999871,0.));
#11617 = VECTOR('',#11618,1.);
#11618 = DIRECTION('',(0.,0.,1.));
#11619 = PCURVE('',#8733,#11620);
#11620 = DEFINITIONAL_REPRESENTATION('',(#11621),#11625);
#11621 = LINE('',#11622,#11623);
#11622 = CARTESIAN_POINT('',(-1.570796326795,0.));
#11623 = VECTOR('',#11624,1.);
#11624 = DIRECTION('',(-0.,-1.));
#11625 = ( GEOMETRIC_REPRESENTATION_CONTEXT(2) 
PARAMETRIC_REPRESENTATION_CONTEXT() REPRESENTATION_CONTEXT('2D SPACE',''
  ) );
#11626 = PCURVE('',#8761,#11627);
#11627 = DEFINITIONAL_REPRESENTATION('',(#11628),#11632);
#11628 = LINE('',#11629,#11630);
#11629 = CARTESIAN_POINT('',(0.,-0.));
#11630 = VECTOR('',#11631,1.);
#11631 = DIRECTION('',(0.,-1.));
#11632 = ( GEOMETRIC_REPRESENTATION_CONTEXT(2) 
PARAMETRIC_REPRESENTATION_CONTEXT() REPRESENTATION_CONTEXT('2D SPACE',''
  ) );
#11633 = ORIENTED_EDGE('',*,*,#8716,.F.);
#11634 = ADVANCED_FACE('1_region0_Face_119',(#11635),#8761,.F.);
#11635 = FACE_BOUND('',#11636,.F.);
#11636 = EDGE_LOOP('undefined shape id',(#11637,#11638,#11639,#11660));
#11637 = ORIENTED_EDGE('',*,*,#11613,.T.);
#11638 = ORIENTED_EDGE('',*,*,#10009,.T.);
#11639 = ORIENTED_EDGE('',*,*,#11640,.F.);
#11640 = EDGE_CURVE('1_region0_Edge_136',#8746,#10010,#11641,.T.);
#11641 = SURFACE_CURVE('',#11642,(#11646,#11653),.PCURVE_S1.);
#11642 = LINE('',#11643,#11644);
#11643 = CARTESIAN_POINT('',(-33.80000384,-5.10999871,0.));
#11644 = VECTOR('',#11645,1.);
#11645 = DIRECTION('',(0.,0.,1.));
#11646 = PCURVE('',#8761,#11647);
#11647 = DEFINITIONAL_REPRESENTATION('',(#11648),#11652);
#11648 = LINE('',#11649,#11650);
#11649 = CARTESIAN_POINT('',(1.8,0.));
#11650 = VECTOR('',#11651,1.);
#11651 = DIRECTION('',(0.,-1.));
#11652 = ( GEOMETRIC_REPRESENTATION_CONTEXT(2) 
PARAMETRIC_REPRESENTATION_CONTEXT() REPRESENTATION_CONTEXT('2D SPACE',''
  ) );
#11653 = PCURVE('',#8790,#11654);
#11654 = DEFINITIONAL_REPRESENTATION('',(#11655),#11659);
#11655 = LINE('',#11656,#11657);
#11656 = CARTESIAN_POINT('',(-4.712388980385,0.));
#11657 = VECTOR('',#11658,1.);
#11658 = DIRECTION('',(-0.,-1.));
#11659 = ( GEOMETRIC_REPRESENTATION_CONTEXT(2) 
PARAMETRIC_REPRESENTATION_CONTEXT() REPRESENTATION_CONTEXT('2D SPACE',''
  ) );
#11660 = ORIENTED_EDGE('',*,*,#8745,.F.);
#11661 = ADVANCED_FACE('1_region0_Face_122',(#11662),#8790,.F.);
#11662 = FACE_BOUND('',#11663,.T.);
#11663 = EDGE_LOOP('undefined shape id',(#11664,#11685,#11686,#11687));
#11664 = ORIENTED_EDGE('',*,*,#11665,.T.);
#11665 = EDGE_CURVE('1_region0_Edge_139',#8774,#10033,#11666,.T.);
#11666 = SURFACE_CURVE('',#11667,(#11671,#11678),.PCURVE_S1.);
#11667 = LINE('',#11668,#11669);
#11668 = CARTESIAN_POINT('',(-34.00000384,-4.90999871,0.));
#11669 = VECTOR('',#11670,1.);
#11670 = DIRECTION('',(0.,0.,1.));
#11671 = PCURVE('',#8790,#11672);
#11672 = DEFINITIONAL_REPRESENTATION('',(#11673),#11677);
#11673 = LINE('',#11674,#11675);
#11674 = CARTESIAN_POINT('',(-3.14159265359,0.));
#11675 = VECTOR('',#11676,1.);
#11676 = DIRECTION('',(-0.,-1.));
#11677 = ( GEOMETRIC_REPRESENTATION_CONTEXT(2) 
PARAMETRIC_REPRESENTATION_CONTEXT() REPRESENTATION_CONTEXT('2D SPACE',''
  ) );
#11678 = PCURVE('',#8818,#11679);
#11679 = DEFINITIONAL_REPRESENTATION('',(#11680),#11684);
#11680 = LINE('',#11681,#11682);
#11681 = CARTESIAN_POINT('',(0.,0.));
#11682 = VECTOR('',#11683,1.);
#11683 = DIRECTION('',(0.,-1.));
#11684 = ( GEOMETRIC_REPRESENTATION_CONTEXT(2) 
PARAMETRIC_REPRESENTATION_CONTEXT() REPRESENTATION_CONTEXT('2D SPACE',''
  ) );
#11685 = ORIENTED_EDGE('',*,*,#10032,.T.);
#11686 = ORIENTED_EDGE('',*,*,#11640,.F.);
#11687 = ORIENTED_EDGE('',*,*,#8773,.F.);
#11688 = ADVANCED_FACE('1_region0_Face_126',(#11689),#8818,.F.);
#11689 = FACE_BOUND('',#11690,.F.);
#11690 = EDGE_LOOP('undefined shape id',(#11691,#11692,#11693,#11714));
#11691 = ORIENTED_EDGE('',*,*,#11665,.T.);
#11692 = ORIENTED_EDGE('',*,*,#10056,.T.);
#11693 = ORIENTED_EDGE('',*,*,#11694,.F.);
#11694 = EDGE_CURVE('1_region0_Edge_142',#8803,#10057,#11695,.T.);
#11695 = SURFACE_CURVE('',#11696,(#11700,#11707),.PCURVE_S1.);
#11696 = LINE('',#11697,#11698);
#11697 = CARTESIAN_POINT('',(-34.00000384,-1.60999871,0.));
#11698 = VECTOR('',#11699,1.);
#11699 = DIRECTION('',(0.,0.,1.));
#11700 = PCURVE('',#8818,#11701);
#11701 = DEFINITIONAL_REPRESENTATION('',(#11702),#11706);
#11702 = LINE('',#11703,#11704);
#11703 = CARTESIAN_POINT('',(3.3,0.));
#11704 = VECTOR('',#11705,1.);
#11705 = DIRECTION('',(0.,-1.));
#11706 = ( GEOMETRIC_REPRESENTATION_CONTEXT(2) 
PARAMETRIC_REPRESENTATION_CONTEXT() REPRESENTATION_CONTEXT('2D SPACE',''
  ) );
#11707 = PCURVE('',#8847,#11708);
#11708 = DEFINITIONAL_REPRESENTATION('',(#11709),#11713);
#11709 = LINE('',#11710,#11711);
#11710 = CARTESIAN_POINT('',(-4.712388980385,0.));
#11711 = VECTOR('',#11712,1.);
#11712 = DIRECTION('',(-0.,-1.));
#11713 = ( GEOMETRIC_REPRESENTATION_CONTEXT(2) 
PARAMETRIC_REPRESENTATION_CONTEXT() REPRESENTATION_CONTEXT('2D SPACE',''
  ) );
#11714 = ORIENTED_EDGE('',*,*,#8802,.F.);
#11715 = ADVANCED_FACE('1_region0_Face_129',(#11716),#8847,.T.);
#11716 = FACE_BOUND('',#11717,.F.);
#11717 = EDGE_LOOP('undefined shape id',(#11718,#11719,#11720,#11741));
#11718 = ORIENTED_EDGE('',*,*,#11694,.T.);
#11719 = ORIENTED_EDGE('',*,*,#10079,.T.);
#11720 = ORIENTED_EDGE('',*,*,#11721,.F.);
#11721 = EDGE_CURVE('1_region0_Edge_145',#8831,#10080,#11722,.T.);
#11722 = SURFACE_CURVE('',#11723,(#11727,#11734),.PCURVE_S1.);
#11723 = LINE('',#11724,#11725);
#11724 = CARTESIAN_POINT('',(-33.40000384,-1.00999871,0.));
#11725 = VECTOR('',#11726,1.);
#11726 = DIRECTION('',(0.,0.,1.));
#11727 = PCURVE('',#8847,#11728);
#11728 = DEFINITIONAL_REPRESENTATION('',(#11729),#11733);
#11729 = LINE('',#11730,#11731);
#11730 = CARTESIAN_POINT('',(-6.28318530718,0.));
#11731 = VECTOR('',#11732,1.);
#11732 = DIRECTION('',(-0.,-1.));
#11733 = ( GEOMETRIC_REPRESENTATION_CONTEXT(2) 
PARAMETRIC_REPRESENTATION_CONTEXT() REPRESENTATION_CONTEXT('2D SPACE',''
  ) );
#11734 = PCURVE('',#8875,#11735);
#11735 = DEFINITIONAL_REPRESENTATION('',(#11736),#11740);
#11736 = LINE('',#11737,#11738);
#11737 = CARTESIAN_POINT('',(0.,0.));
#11738 = VECTOR('',#11739,1.);
#11739 = DIRECTION('',(0.,-1.));
#11740 = ( GEOMETRIC_REPRESENTATION_CONTEXT(2) 
PARAMETRIC_REPRESENTATION_CONTEXT() REPRESENTATION_CONTEXT('2D SPACE',''
  ) );
#11741 = ORIENTED_EDGE('',*,*,#8830,.F.);
#11742 = ADVANCED_FACE('1_region0_Face_133',(#11743),#8875,.F.);
#11743 = FACE_BOUND('',#11744,.F.);
#11744 = EDGE_LOOP('undefined shape id',(#11745,#11746,#11747,#11768));
#11745 = ORIENTED_EDGE('',*,*,#11721,.T.);
#11746 = ORIENTED_EDGE('',*,*,#10103,.T.);
#11747 = ORIENTED_EDGE('',*,*,#11748,.F.);
#11748 = EDGE_CURVE('1_region0_Edge_148',#8860,#10104,#11749,.T.);
#11749 = SURFACE_CURVE('',#11750,(#11754,#11761),.PCURVE_S1.);
#11750 = LINE('',#11751,#11752);
#11751 = CARTESIAN_POINT('',(-33.40000384,-0.10999871,0.));
#11752 = VECTOR('',#11753,1.);
#11753 = DIRECTION('',(0.,0.,1.));
#11754 = PCURVE('',#8875,#11755);
#11755 = DEFINITIONAL_REPRESENTATION('',(#11756),#11760);
#11756 = LINE('',#11757,#11758);
#11757 = CARTESIAN_POINT('',(0.9,0.));
#11758 = VECTOR('',#11759,1.);
#11759 = DIRECTION('',(0.,-1.));
#11760 = ( GEOMETRIC_REPRESENTATION_CONTEXT(2) 
PARAMETRIC_REPRESENTATION_CONTEXT() REPRESENTATION_CONTEXT('2D SPACE',''
  ) );
#11761 = PCURVE('',#8904,#11762);
#11762 = DEFINITIONAL_REPRESENTATION('',(#11763),#11767);
#11763 = LINE('',#11764,#11765);
#11764 = CARTESIAN_POINT('',(-0.,0.));
#11765 = VECTOR('',#11766,1.);
#11766 = DIRECTION('',(-0.,-1.));
#11767 = ( GEOMETRIC_REPRESENTATION_CONTEXT(2) 
PARAMETRIC_REPRESENTATION_CONTEXT() REPRESENTATION_CONTEXT('2D SPACE',''
  ) );
#11768 = ORIENTED_EDGE('',*,*,#8859,.F.);
#11769 = ADVANCED_FACE('1_region0_Face_136',(#11770),#8904,.T.);
#11770 = FACE_BOUND('',#11771,.F.);
#11771 = EDGE_LOOP('undefined shape id',(#11772,#11773,#11774,#11795));
#11772 = ORIENTED_EDGE('',*,*,#11748,.T.);
#11773 = ORIENTED_EDGE('',*,*,#10126,.T.);
#11774 = ORIENTED_EDGE('',*,*,#11775,.F.);
#11775 = EDGE_CURVE('1_region0_Edge_151',#8888,#10127,#11776,.T.);
#11776 = SURFACE_CURVE('',#11777,(#11781,#11788),.PCURVE_S1.);
#11777 = LINE('',#11778,#11779);
#11778 = CARTESIAN_POINT('',(-33.50000384,-9.99871E-03,0.));
#11779 = VECTOR('',#11780,1.);
#11780 = DIRECTION('',(0.,0.,1.));
#11781 = PCURVE('',#8904,#11782);
#11782 = DEFINITIONAL_REPRESENTATION('',(#11783),#11787);
#11783 = LINE('',#11784,#11785);
#11784 = CARTESIAN_POINT('',(-1.570796326795,0.));
#11785 = VECTOR('',#11786,1.);
#11786 = DIRECTION('',(-0.,-1.));
#11787 = ( GEOMETRIC_REPRESENTATION_CONTEXT(2) 
PARAMETRIC_REPRESENTATION_CONTEXT() REPRESENTATION_CONTEXT('2D SPACE',''
  ) );
#11788 = PCURVE('',#8932,#11789);
#11789 = DEFINITIONAL_REPRESENTATION('',(#11790),#11794);
#11790 = LINE('',#11791,#11792);
#11791 = CARTESIAN_POINT('',(0.,-0.));
#11792 = VECTOR('',#11793,1.);
#11793 = DIRECTION('',(0.,-1.));
#11794 = ( GEOMETRIC_REPRESENTATION_CONTEXT(2) 
PARAMETRIC_REPRESENTATION_CONTEXT() REPRESENTATION_CONTEXT('2D SPACE',''
  ) );
#11795 = ORIENTED_EDGE('',*,*,#8887,.F.);
#11796 = ADVANCED_FACE('1_region0_Face_140',(#11797),#8932,.F.);
#11797 = FACE_BOUND('',#11798,.F.);
#11798 = EDGE_LOOP('undefined shape id',(#11799,#11800,#11801,#11822));
#11799 = ORIENTED_EDGE('',*,*,#11775,.T.);
#11800 = ORIENTED_EDGE('',*,*,#10150,.T.);
#11801 = ORIENTED_EDGE('',*,*,#11802,.F.);
#11802 = EDGE_CURVE('1_region0_Edge_154',#8917,#10151,#11803,.T.);
#11803 = SURFACE_CURVE('',#11804,(#11808,#11815),.PCURVE_S1.);
#11804 = LINE('',#11805,#11806);
#11805 = CARTESIAN_POINT('',(-33.80000384,-9.99871E-03,0.));
#11806 = VECTOR('',#11807,1.);
#11807 = DIRECTION('',(0.,0.,1.));
#11808 = PCURVE('',#8932,#11809);
#11809 = DEFINITIONAL_REPRESENTATION('',(#11810),#11814);
#11810 = LINE('',#11811,#11812);
#11811 = CARTESIAN_POINT('',(0.3,0.));
#11812 = VECTOR('',#11813,1.);
#11813 = DIRECTION('',(0.,-1.));
#11814 = ( GEOMETRIC_REPRESENTATION_CONTEXT(2) 
PARAMETRIC_REPRESENTATION_CONTEXT() REPRESENTATION_CONTEXT('2D SPACE',''
  ) );
#11815 = PCURVE('',#8961,#11816);
#11816 = DEFINITIONAL_REPRESENTATION('',(#11817),#11821);
#11817 = LINE('',#11818,#11819);
#11818 = CARTESIAN_POINT('',(-1.570796326795,0.));
#11819 = VECTOR('',#11820,1.);
#11820 = DIRECTION('',(-0.,-1.));
#11821 = ( GEOMETRIC_REPRESENTATION_CONTEXT(2) 
PARAMETRIC_REPRESENTATION_CONTEXT() REPRESENTATION_CONTEXT('2D SPACE',''
  ) );
#11822 = ORIENTED_EDGE('',*,*,#8916,.F.);
#11823 = ADVANCED_FACE('1_region0_Face_143',(#11824),#8961,.T.);
#11824 = FACE_BOUND('',#11825,.F.);
#11825 = EDGE_LOOP('undefined shape id',(#11826,#11827,#11828,#11829));
#11826 = ORIENTED_EDGE('',*,*,#11802,.T.);
#11827 = ORIENTED_EDGE('',*,*,#10173,.T.);
#11828 = ORIENTED_EDGE('',*,*,#10222,.F.);
#11829 = ORIENTED_EDGE('',*,*,#8944,.F.);
#11830 = ADVANCED_FACE('30_Sub_0837e1c3d9611e4cf690d77e0168f511_Face_59'
  ,(#11831),#10400,.F.);
#11831 = FACE_BOUND('',#11832,.T.);
#11832 = EDGE_LOOP('undefined shape id',(#11833,#11834,#11855,#11856));
#11833 = ORIENTED_EDGE('',*,*,#11207,.F.);
#11834 = ORIENTED_EDGE('',*,*,#11835,.T.);
#11835 = EDGE_CURVE('30_region1_1_Edge_4',#11208,#10384,#11836,.T.);
#11836 = SEAM_CURVE('',#11837,(#11841,#11848),.PCURVE_S1.);
#11837 = LINE('',#11838,#11839);
#11838 = CARTESIAN_POINT('',(-25.00000384,-3.25999871,93.525));
#11839 = VECTOR('',#11840,1.);
#11840 = DIRECTION('',(0.,-1.,0.));
#11841 = PCURVE('',#10400,#11842);
#11842 = DEFINITIONAL_REPRESENTATION('',(#11843),#11847);
#11843 = LINE('',#11844,#11845);
#11844 = CARTESIAN_POINT('',(-0.,0.));
#11845 = VECTOR('',#11846,1.);
#11846 = DIRECTION('',(-0.,1.));
#11847 = ( GEOMETRIC_REPRESENTATION_CONTEXT(2) 
PARAMETRIC_REPRESENTATION_CONTEXT() REPRESENTATION_CONTEXT('2D SPACE',''
  ) );
#11848 = PCURVE('',#10400,#11849);
#11849 = DEFINITIONAL_REPRESENTATION('',(#11850),#11854);
#11850 = LINE('',#11851,#11852);
#11851 = CARTESIAN_POINT('',(-6.28318530718,0.));
#11852 = VECTOR('',#11853,1.);
#11853 = DIRECTION('',(-0.,1.));
#11854 = ( GEOMETRIC_REPRESENTATION_CONTEXT(2) 
PARAMETRIC_REPRESENTATION_CONTEXT() REPRESENTATION_CONTEXT('2D SPACE',''
  ) );
#11855 = ORIENTED_EDGE('',*,*,#10383,.F.);
#11856 = ORIENTED_EDGE('',*,*,#11835,.F.);
#11857 = ADVANCED_FACE('26_Sub_ae337c38d1919284e27e55e555009da8_Face_58'
  ,(#11858),#10431,.F.);
#11858 = FACE_BOUND('',#11859,.T.);
#11859 = EDGE_LOOP('undefined shape id',(#11860,#11861,#11882,#11883));
#11860 = ORIENTED_EDGE('',*,*,#11155,.F.);
#11861 = ORIENTED_EDGE('',*,*,#11862,.T.);
#11862 = EDGE_CURVE('26_region1_1_Edge_4',#11156,#10415,#11863,.T.);
#11863 = SEAM_CURVE('',#11864,(#11868,#11875),.PCURVE_S1.);
#11864 = LINE('',#11865,#11866);
#11865 = CARTESIAN_POINT('',(24.99999616,-3.25999871,94.025));
#11866 = VECTOR('',#11867,1.);
#11867 = DIRECTION('',(0.,-1.,0.));
#11868 = PCURVE('',#10431,#11869);
#11869 = DEFINITIONAL_REPRESENTATION('',(#11870),#11874);
#11870 = LINE('',#11871,#11872);
#11871 = CARTESIAN_POINT('',(-0.,0.));
#11872 = VECTOR('',#11873,1.);
#11873 = DIRECTION('',(-0.,1.));
#11874 = ( GEOMETRIC_REPRESENTATION_CONTEXT(2) 
PARAMETRIC_REPRESENTATION_CONTEXT() REPRESENTATION_CONTEXT('2D SPACE',''
  ) );
#11875 = PCURVE('',#10431,#11876);
#11876 = DEFINITIONAL_REPRESENTATION('',(#11877),#11881);
#11877 = LINE('',#11878,#11879);
#11878 = CARTESIAN_POINT('',(-6.28318530718,0.));
#11879 = VECTOR('',#11880,1.);
#11880 = DIRECTION('',(-0.,1.));
#11881 = ( GEOMETRIC_REPRESENTATION_CONTEXT(2) 
PARAMETRIC_REPRESENTATION_CONTEXT() REPRESENTATION_CONTEXT('2D SPACE',''
  ) );
#11882 = ORIENTED_EDGE('',*,*,#10414,.F.);
#11883 = ORIENTED_EDGE('',*,*,#11862,.F.);
#11884 = ADVANCED_FACE('22_Sub_region1_1_1_region0_Face_57',(#11885),
  #10462,.F.);
#11885 = FACE_BOUND('',#11886,.T.);
#11886 = EDGE_LOOP('undefined shape id',(#11887,#11888,#11909,#11910));
#11887 = ORIENTED_EDGE('',*,*,#11181,.F.);
#11888 = ORIENTED_EDGE('',*,*,#11889,.T.);
#11889 = EDGE_CURVE('22_region1_1_Edge_4',#11182,#10446,#11890,.T.);
#11890 = SEAM_CURVE('',#11891,(#11895,#11902),.PCURVE_S1.);
#11891 = LINE('',#11892,#11893);
#11892 = CARTESIAN_POINT('',(24.99999616,-3.25999871,68.525));
#11893 = VECTOR('',#11894,1.);
#11894 = DIRECTION('',(0.,-1.,0.));
#11895 = PCURVE('',#10462,#11896);
#11896 = DEFINITIONAL_REPRESENTATION('',(#11897),#11901);
#11897 = LINE('',#11898,#11899);
#11898 = CARTESIAN_POINT('',(-0.,0.));
#11899 = VECTOR('',#11900,1.);
#11900 = DIRECTION('',(-0.,1.));
#11901 = ( GEOMETRIC_REPRESENTATION_CONTEXT(2) 
PARAMETRIC_REPRESENTATION_CONTEXT() REPRESENTATION_CONTEXT('2D SPACE',''
  ) );
#11902 = PCURVE('',#10462,#11903);
#11903 = DEFINITIONAL_REPRESENTATION('',(#11904),#11908);
#11904 = LINE('',#11905,#11906);
#11905 = CARTESIAN_POINT('',(-6.28318530718,0.));
#11906 = VECTOR('',#11907,1.);
#11907 = DIRECTION('',(-0.,1.));
#11908 = ( GEOMETRIC_REPRESENTATION_CONTEXT(2) 
PARAMETRIC_REPRESENTATION_CONTEXT() REPRESENTATION_CONTEXT('2D SPACE',''
  ) );
#11909 = ORIENTED_EDGE('',*,*,#10445,.F.);
#11910 = ORIENTED_EDGE('',*,*,#11889,.F.);
#11911 = ADVANCED_FACE('34_Sub_0dd2abb0523598fb9ffd954dab92f79e_Face_60'
  ,(#11912),#10493,.F.);
#11912 = FACE_BOUND('',#11913,.T.);
#11913 = EDGE_LOOP('undefined shape id',(#11914,#11915,#11936,#11937));
#11914 = ORIENTED_EDGE('',*,*,#11233,.F.);
#11915 = ORIENTED_EDGE('',*,*,#11916,.T.);
#11916 = EDGE_CURVE('34_region1_1_Edge_4',#11234,#10477,#11917,.T.);
#11917 = SEAM_CURVE('',#11918,(#11922,#11929),.PCURVE_S1.);
#11918 = LINE('',#11919,#11920);
#11919 = CARTESIAN_POINT('',(-25.00000384,-3.25999871,8.525));
#11920 = VECTOR('',#11921,1.);
#11921 = DIRECTION('',(0.,-1.,0.));
#11922 = PCURVE('',#10493,#11923);
#11923 = DEFINITIONAL_REPRESENTATION('',(#11924),#11928);
#11924 = LINE('',#11925,#11926);
#11925 = CARTESIAN_POINT('',(-0.,0.));
#11926 = VECTOR('',#11927,1.);
#11927 = DIRECTION('',(-0.,1.));
#11928 = ( GEOMETRIC_REPRESENTATION_CONTEXT(2) 
PARAMETRIC_REPRESENTATION_CONTEXT() REPRESENTATION_CONTEXT('2D SPACE',''
  ) );
#11929 = PCURVE('',#10493,#11930);
#11930 = DEFINITIONAL_REPRESENTATION('',(#11931),#11935);
#11931 = LINE('',#11932,#11933);
#11932 = CARTESIAN_POINT('',(-6.28318530718,0.));
#11933 = VECTOR('',#11934,1.);
#11934 = DIRECTION('',(-0.,1.));
#11935 = ( GEOMETRIC_REPRESENTATION_CONTEXT(2) 
PARAMETRIC_REPRESENTATION_CONTEXT() REPRESENTATION_CONTEXT('2D SPACE',''
  ) );
#11936 = ORIENTED_EDGE('',*,*,#10476,.F.);
#11937 = ORIENTED_EDGE('',*,*,#11916,.F.);
#11938 = ( GEOMETRIC_REPRESENTATION_CONTEXT(3) 
GLOBAL_UNCERTAINTY_ASSIGNED_CONTEXT((#11942)) 
GLOBAL_UNIT_ASSIGNED_CONTEXT((#11939,#11940,#11941)) 
REPRESENTATION_CONTEXT('Context #1',
  '3D Context with UNIT and UNCERTAINTY') );
#11939 = ( LENGTH_UNIT() NAMED_UNIT(*) SI_UNIT(.MILLI.,.METRE.) );
#11940 = ( NAMED_UNIT(*) PLANE_ANGLE_UNIT() SI_UNIT($,.RADIAN.) );
#11941 = ( NAMED_UNIT(*) SI_UNIT($,.STERADIAN.) SOLID_ANGLE_UNIT() );
#11942 = UNCERTAINTY_MEASURE_WITH_UNIT(LENGTH_MEASURE(1.E-07),#11939,
  'distance_accuracy_value','confusion accuracy');
#11943 = SHAPE_DEFINITION_REPRESENTATION(#11944,#7241);
#11944 = PRODUCT_DEFINITION_SHAPE('','',#11945);
#11945 = PRODUCT_DEFINITION('design','',#11946,#11949);
#11946 = PRODUCT_DEFINITION_FORMATION('','',#11947);
#11947 = PRODUCT('SOLID','SOLID','',(#11948));
#11948 = PRODUCT_CONTEXT('',#2,'mechanical');
#11949 = PRODUCT_DEFINITION_CONTEXT('part definition',#2,'design');
#11950 = CONTEXT_DEPENDENT_SHAPE_REPRESENTATION(#11951,#11953);
#11951 = ( REPRESENTATION_RELATIONSHIP('','',#7241,#7230) 
REPRESENTATION_RELATIONSHIP_WITH_TRANSFORMATION(#11952) 
SHAPE_REPRESENTATION_RELATIONSHIP() );
#11952 = ITEM_DEFINED_TRANSFORMATION('','',#11,#7231);
#11953 = PRODUCT_DEFINITION_SHAPE('Placement','Placement of an item',
  #11954);
#11954 = NEXT_ASSEMBLY_USAGE_OCCURRENCE('3','=>[0:1:1:6]','',#7225,
  #11945,$);
#11955 = PRODUCT_RELATED_PRODUCT_CATEGORY('part',$,(#11947));
#11956 = SHAPE_DEFINITION_REPRESENTATION(#11957,#11963);
#11957 = PRODUCT_DEFINITION_SHAPE('','',#11958);
#11958 = PRODUCT_DEFINITION('design','',#11959,#11962);
#11959 = PRODUCT_DEFINITION_FORMATION('','',#11960);
#11960 = PRODUCT('ASSEMBLY','ASSEMBLY','',(#11961));
#11961 = PRODUCT_CONTEXT('',#2,'mechanical');
#11962 = PRODUCT_DEFINITION_CONTEXT('part definition',#2,'design');
#11963 = SHAPE_REPRESENTATION('',(#11,#11964),#11968);
#11964 = AXIS2_PLACEMENT_3D('',#11965,#11966,#11967);
#11965 = CARTESIAN_POINT('',(0.,0.,0.));
#11966 = DIRECTION('',(0.,0.,1.));
#11967 = DIRECTION('',(1.,0.,-0.));
#11968 = ( GEOMETRIC_REPRESENTATION_CONTEXT(3) 
GLOBAL_UNCERTAINTY_ASSIGNED_CONTEXT((#11972)) 
GLOBAL_UNIT_ASSIGNED_CONTEXT((#11969,#11970,#11971)) 
REPRESENTATION_CONTEXT('Context #1',
  '3D Context with UNIT and UNCERTAINTY') );
#11969 = ( LENGTH_UNIT() NAMED_UNIT(*) SI_UNIT(.MILLI.,.METRE.) );
#11970 = ( NAMED_UNIT(*) PLANE_ANGLE_UNIT() SI_UNIT($,.RADIAN.) );
#11971 = ( NAMED_UNIT(*) SI_UNIT($,.STERADIAN.) SOLID_ANGLE_UNIT() );
#11972 = UNCERTAINTY_MEASURE_WITH_UNIT(LENGTH_MEASURE(1.E-07),#11969,
  'distance_accuracy_value','confusion accuracy');
#11973 = PRODUCT_RELATED_PRODUCT_CATEGORY('part',$,(#11960));
#11974 = ADVANCED_BREP_SHAPE_REPRESENTATION('',(#11,#11975),#13197);
#11975 = MANIFOLD_SOLID_BREP('undefined shape id',#11976);
#11976 = CLOSED_SHELL('',(#11977,#12097,#12175,#12253,#12513,#12774,
    #12801,#12828,#12855,#12882,#12889,#12939,#12989,#13039,#13089,
    #13116,#13143,#13170));
#11977 = ADVANCED_FACE('4_region1_Face_9',(#11978),#11992,.F.);
#11978 = FACE_BOUND('',#11979,.F.);
#11979 = EDGE_LOOP('undefined shape id',(#11980,#12015,#12043,#12071));
#11980 = ORIENTED_EDGE('',*,*,#11981,.T.);
#11981 = EDGE_CURVE('4_region1_Edge_0',#11982,#11984,#11986,.T.);
#11982 = VERTEX_POINT('4_region1_Vertex_0',#11983);
#11983 = CARTESIAN_POINT('',(-32.50000742,-13.26001283,100.));
#11984 = VERTEX_POINT('4_region1_Vertex_1',#11985);
#11985 = CARTESIAN_POINT('',(-32.50000742,-13.26001283,101.5));
#11986 = SURFACE_CURVE('',#11987,(#11991,#12003),.PCURVE_S1.);
#11987 = LINE('',#11988,#11989);
#11988 = CARTESIAN_POINT('',(-32.50000742,-13.26001283,100.));
#11989 = VECTOR('',#11990,1.);
#11990 = DIRECTION('',(0.,0.,1.));
#11991 = PCURVE('',#11992,#11997);
#11992 = PLANE('',#11993);
#11993 = AXIS2_PLACEMENT_3D('',#11994,#11995,#11996);
#11994 = CARTESIAN_POINT('',(-32.50000742,-13.26001283,100.));
#11995 = DIRECTION('',(0.,1.,0.));
#11996 = DIRECTION('',(1.,0.,0.));
#11997 = DEFINITIONAL_REPRESENTATION('',(#11998),#12002);
#11998 = LINE('',#11999,#12000);
#11999 = CARTESIAN_POINT('',(0.,0.));
#12000 = VECTOR('',#12001,1.);
#12001 = DIRECTION('',(0.,-1.));
#12002 = ( GEOMETRIC_REPRESENTATION_CONTEXT(2) 
PARAMETRIC_REPRESENTATION_CONTEXT() REPRESENTATION_CONTEXT('2D SPACE',''
  ) );
#12003 = PCURVE('',#12004,#12009);
#12004 = CYLINDRICAL_SURFACE('',#12005,3.);
#12005 = AXIS2_PLACEMENT_3D('',#12006,#12007,#12008);
#12006 = CARTESIAN_POINT('',(-32.50000742,-10.26001283,100.));
#12007 = DIRECTION('',(-0.,0.,-1.));
#12008 = DIRECTION('',(1.,0.,0.));
#12009 = DEFINITIONAL_REPRESENTATION('',(#12010),#12014);
#12010 = LINE('',#12011,#12012);
#12011 = CARTESIAN_POINT('',(-4.712388980385,0.));
#12012 = VECTOR('',#12013,1.);
#12013 = DIRECTION('',(-0.,-1.));
#12014 = ( GEOMETRIC_REPRESENTATION_CONTEXT(2) 
PARAMETRIC_REPRESENTATION_CONTEXT() REPRESENTATION_CONTEXT('2D SPACE',''
  ) );
#12015 = ORIENTED_EDGE('',*,*,#12016,.T.);
#12016 = EDGE_CURVE('4_region1_Edge_3',#11984,#12017,#12019,.T.);
#12017 = VERTEX_POINT('4_region1_Vertex_3',#12018);
#12018 = CARTESIAN_POINT('',(32.49999258,-13.26001283,101.5));
#12019 = SURFACE_CURVE('',#12020,(#12024,#12031),.PCURVE_S1.);
#12020 = LINE('',#12021,#12022);
#12021 = CARTESIAN_POINT('',(-32.50000742,-13.26001283,101.5));
#12022 = VECTOR('',#12023,1.);
#12023 = DIRECTION('',(1.,0.,0.));
#12024 = PCURVE('',#11992,#12025);
#12025 = DEFINITIONAL_REPRESENTATION('',(#12026),#12030);
#12026 = LINE('',#12027,#12028);
#12027 = CARTESIAN_POINT('',(0.,-1.5));
#12028 = VECTOR('',#12029,1.);
#12029 = DIRECTION('',(1.,0.));
#12030 = ( GEOMETRIC_REPRESENTATION_CONTEXT(2) 
PARAMETRIC_REPRESENTATION_CONTEXT() REPRESENTATION_CONTEXT('2D SPACE',''
  ) );
#12031 = PCURVE('',#12032,#12037);
#12032 = PLANE('',#12033);
#12033 = AXIS2_PLACEMENT_3D('',#12034,#12035,#12036);
#12034 = CARTESIAN_POINT('',(0.,0.,101.5));
#12035 = DIRECTION('',(0.,0.,1.));
#12036 = DIRECTION('',(1.,0.,-0.));
#12037 = DEFINITIONAL_REPRESENTATION('',(#12038),#12042);
#12038 = LINE('',#12039,#12040);
#12039 = CARTESIAN_POINT('',(-32.50000742,-13.26001283));
#12040 = VECTOR('',#12041,1.);
#12041 = DIRECTION('',(1.,0.));
#12042 = ( GEOMETRIC_REPRESENTATION_CONTEXT(2) 
PARAMETRIC_REPRESENTATION_CONTEXT() REPRESENTATION_CONTEXT('2D SPACE',''
  ) );
#12043 = ORIENTED_EDGE('',*,*,#12044,.F.);
#12044 = EDGE_CURVE('4_region1_Edge_1',#12045,#12017,#12047,.T.);
#12045 = VERTEX_POINT('4_region1_Vertex_2',#12046);
#12046 = CARTESIAN_POINT('',(32.49999258,-13.26001283,100.));
#12047 = SURFACE_CURVE('',#12048,(#12052,#12059),.PCURVE_S1.);
#12048 = LINE('',#12049,#12050);
#12049 = CARTESIAN_POINT('',(32.49999258,-13.26001283,100.));
#12050 = VECTOR('',#12051,1.);
#12051 = DIRECTION('',(0.,0.,1.));
#12052 = PCURVE('',#11992,#12053);
#12053 = DEFINITIONAL_REPRESENTATION('',(#12054),#12058);
#12054 = LINE('',#12055,#12056);
#12055 = CARTESIAN_POINT('',(65.,0.));
#12056 = VECTOR('',#12057,1.);
#12057 = DIRECTION('',(0.,-1.));
#12058 = ( GEOMETRIC_REPRESENTATION_CONTEXT(2) 
PARAMETRIC_REPRESENTATION_CONTEXT() REPRESENTATION_CONTEXT('2D SPACE',''
  ) );
#12059 = PCURVE('',#12060,#12065);
#12060 = CYLINDRICAL_SURFACE('',#12061,3.);
#12061 = AXIS2_PLACEMENT_3D('',#12062,#12063,#12064);
#12062 = CARTESIAN_POINT('',(32.49999258,-10.26001283,100.));
#12063 = DIRECTION('',(-0.,0.,-1.));
#12064 = DIRECTION('',(1.,0.,0.));
#12065 = DEFINITIONAL_REPRESENTATION('',(#12066),#12070);
#12066 = LINE('',#12067,#12068);
#12067 = CARTESIAN_POINT('',(-4.712388980385,0.));
#12068 = VECTOR('',#12069,1.);
#12069 = DIRECTION('',(-0.,-1.));
#12070 = ( GEOMETRIC_REPRESENTATION_CONTEXT(2) 
PARAMETRIC_REPRESENTATION_CONTEXT() REPRESENTATION_CONTEXT('2D SPACE',''
  ) );
#12071 = ORIENTED_EDGE('',*,*,#12072,.F.);
#12072 = EDGE_CURVE('4_region1_Edge_2',#11982,#12045,#12073,.T.);
#12073 = SURFACE_CURVE('',#12074,(#12078,#12085),.PCURVE_S1.);
#12074 = LINE('',#12075,#12076);
#12075 = CARTESIAN_POINT('',(-32.50000742,-13.26001283,100.));
#12076 = VECTOR('',#12077,1.);
#12077 = DIRECTION('',(1.,0.,0.));
#12078 = PCURVE('',#11992,#12079);
#12079 = DEFINITIONAL_REPRESENTATION('',(#12080),#12084);
#12080 = LINE('',#12081,#12082);
#12081 = CARTESIAN_POINT('',(0.,0.));
#12082 = VECTOR('',#12083,1.);
#12083 = DIRECTION('',(1.,0.));
#12084 = ( GEOMETRIC_REPRESENTATION_CONTEXT(2) 
PARAMETRIC_REPRESENTATION_CONTEXT() REPRESENTATION_CONTEXT('2D SPACE',''
  ) );
#12085 = PCURVE('',#12086,#12091);
#12086 = PLANE('',#12087);
#12087 = AXIS2_PLACEMENT_3D('',#12088,#12089,#12090);
#12088 = CARTESIAN_POINT('',(0.,0.,100.));
#12089 = DIRECTION('',(0.,0.,1.));
#12090 = DIRECTION('',(1.,0.,-0.));
#12091 = DEFINITIONAL_REPRESENTATION('',(#12092),#12096);
#12092 = LINE('',#12093,#12094);
#12093 = CARTESIAN_POINT('',(-32.50000742,-13.26001283));
#12094 = VECTOR('',#12095,1.);
#12095 = DIRECTION('',(1.,0.));
#12096 = ( GEOMETRIC_REPRESENTATION_CONTEXT(2) 
PARAMETRIC_REPRESENTATION_CONTEXT() REPRESENTATION_CONTEXT('2D SPACE',''
  ) );
#12097 = ADVANCED_FACE('4_region1_Face_33',(#12098),#12004,.T.);
#12098 = FACE_BOUND('',#12099,.F.);
#12099 = EDGE_LOOP('undefined shape id',(#12100,#12130,#12152,#12153));
#12100 = ORIENTED_EDGE('',*,*,#12101,.T.);
#12101 = EDGE_CURVE('4_region1_Edge_19',#12102,#12104,#12106,.T.);
#12102 = VERTEX_POINT('4_region1_Vertex_14',#12103);
#12103 = CARTESIAN_POINT('',(-35.50000742,-10.26001283,100.));
#12104 = VERTEX_POINT('4_region1_Vertex_15',#12105);
#12105 = CARTESIAN_POINT('',(-35.50000742,-10.26001283,101.5));
#12106 = SURFACE_CURVE('',#12107,(#12111,#12118),.PCURVE_S1.);
#12107 = LINE('',#12108,#12109);
#12108 = CARTESIAN_POINT('',(-35.50000742,-10.26001283,100.));
#12109 = VECTOR('',#12110,1.);
#12110 = DIRECTION('',(0.,0.,1.));
#12111 = PCURVE('',#12004,#12112);
#12112 = DEFINITIONAL_REPRESENTATION('',(#12113),#12117);
#12113 = LINE('',#12114,#12115);
#12114 = CARTESIAN_POINT('',(-3.14159265359,0.));
#12115 = VECTOR('',#12116,1.);
#12116 = DIRECTION('',(-0.,-1.));
#12117 = ( GEOMETRIC_REPRESENTATION_CONTEXT(2) 
PARAMETRIC_REPRESENTATION_CONTEXT() REPRESENTATION_CONTEXT('2D SPACE',''
  ) );
#12118 = PCURVE('',#12119,#12124);
#12119 = PLANE('',#12120);
#12120 = AXIS2_PLACEMENT_3D('',#12121,#12122,#12123);
#12121 = CARTESIAN_POINT('',(-35.50000742,10.25998717,100.));
#12122 = DIRECTION('',(1.,0.,-0.));
#12123 = DIRECTION('',(0.,-1.,0.));
#12124 = DEFINITIONAL_REPRESENTATION('',(#12125),#12129);
#12125 = LINE('',#12126,#12127);
#12126 = CARTESIAN_POINT('',(20.52,0.));
#12127 = VECTOR('',#12128,1.);
#12128 = DIRECTION('',(0.,-1.));
#12129 = ( GEOMETRIC_REPRESENTATION_CONTEXT(2) 
PARAMETRIC_REPRESENTATION_CONTEXT() REPRESENTATION_CONTEXT('2D SPACE',''
  ) );
#12130 = ORIENTED_EDGE('',*,*,#12131,.T.);
#12131 = EDGE_CURVE('4_region1_Edge_23',#12104,#11984,#12132,.T.);
#12132 = SURFACE_CURVE('',#12133,(#12138,#12145),.PCURVE_S1.);
#12133 = CIRCLE('',#12134,3.);
#12134 = AXIS2_PLACEMENT_3D('',#12135,#12136,#12137);
#12135 = CARTESIAN_POINT('',(-32.50000742,-10.26001283,101.5));
#12136 = DIRECTION('',(0.,-0.,1.));
#12137 = DIRECTION('',(1.,0.,0.));
#12138 = PCURVE('',#12004,#12139);
#12139 = DEFINITIONAL_REPRESENTATION('',(#12140),#12144);
#12140 = LINE('',#12141,#12142);
#12141 = CARTESIAN_POINT('',(-0.,-1.5));
#12142 = VECTOR('',#12143,1.);
#12143 = DIRECTION('',(-1.,0.));
#12144 = ( GEOMETRIC_REPRESENTATION_CONTEXT(2) 
PARAMETRIC_REPRESENTATION_CONTEXT() REPRESENTATION_CONTEXT('2D SPACE',''
  ) );
#12145 = PCURVE('',#12032,#12146);
#12146 = DEFINITIONAL_REPRESENTATION('',(#12147),#12151);
#12147 = CIRCLE('',#12148,3.);
#12148 = AXIS2_PLACEMENT_2D('',#12149,#12150);
#12149 = CARTESIAN_POINT('',(-32.50000742,-10.26001283));
#12150 = DIRECTION('',(1.,0.));
#12151 = ( GEOMETRIC_REPRESENTATION_CONTEXT(2) 
PARAMETRIC_REPRESENTATION_CONTEXT() REPRESENTATION_CONTEXT('2D SPACE',''
  ) );
#12152 = ORIENTED_EDGE('',*,*,#11981,.F.);
#12153 = ORIENTED_EDGE('',*,*,#12154,.F.);
#12154 = EDGE_CURVE('4_region1_Edge_22',#12102,#11982,#12155,.T.);
#12155 = SURFACE_CURVE('',#12156,(#12161,#12168),.PCURVE_S1.);
#12156 = CIRCLE('',#12157,3.);
#12157 = AXIS2_PLACEMENT_3D('',#12158,#12159,#12160);
#12158 = CARTESIAN_POINT('',(-32.50000742,-10.26001283,100.));
#12159 = DIRECTION('',(0.,-0.,1.));
#12160 = DIRECTION('',(1.,0.,0.));
#12161 = PCURVE('',#12004,#12162);
#12162 = DEFINITIONAL_REPRESENTATION('',(#12163),#12167);
#12163 = LINE('',#12164,#12165);
#12164 = CARTESIAN_POINT('',(-0.,0.));
#12165 = VECTOR('',#12166,1.);
#12166 = DIRECTION('',(-1.,0.));
#12167 = ( GEOMETRIC_REPRESENTATION_CONTEXT(2) 
PARAMETRIC_REPRESENTATION_CONTEXT() REPRESENTATION_CONTEXT('2D SPACE',''
  ) );
#12168 = PCURVE('',#12086,#12169);
#12169 = DEFINITIONAL_REPRESENTATION('',(#12170),#12174);
#12170 = CIRCLE('',#12171,3.);
#12171 = AXIS2_PLACEMENT_2D('',#12172,#12173);
#12172 = CARTESIAN_POINT('',(-32.50000742,-10.26001283));
#12173 = DIRECTION('',(1.,0.));
#12174 = ( GEOMETRIC_REPRESENTATION_CONTEXT(2) 
PARAMETRIC_REPRESENTATION_CONTEXT() REPRESENTATION_CONTEXT('2D SPACE',''
  ) );
#12175 = ADVANCED_FACE('4_region1_Face_12',(#12176),#12060,.T.);
#12176 = FACE_BOUND('',#12177,.F.);
#12177 = EDGE_LOOP('undefined shape id',(#12178,#12179,#12203,#12231));
#12178 = ORIENTED_EDGE('',*,*,#12044,.T.);
#12179 = ORIENTED_EDGE('',*,*,#12180,.T.);
#12180 = EDGE_CURVE('4_region1_Edge_6',#12017,#12181,#12183,.T.);
#12181 = VERTEX_POINT('4_region1_Vertex_5',#12182);
#12182 = CARTESIAN_POINT('',(35.49999258,-10.26001283,101.5));
#12183 = SURFACE_CURVE('',#12184,(#12189,#12196),.PCURVE_S1.);
#12184 = CIRCLE('',#12185,3.);
#12185 = AXIS2_PLACEMENT_3D('',#12186,#12187,#12188);
#12186 = CARTESIAN_POINT('',(32.49999258,-10.26001283,101.5));
#12187 = DIRECTION('',(0.,-0.,1.));
#12188 = DIRECTION('',(1.,0.,0.));
#12189 = PCURVE('',#12060,#12190);
#12190 = DEFINITIONAL_REPRESENTATION('',(#12191),#12195);
#12191 = LINE('',#12192,#12193);
#12192 = CARTESIAN_POINT('',(-0.,-1.5));
#12193 = VECTOR('',#12194,1.);
#12194 = DIRECTION('',(-1.,0.));
#12195 = ( GEOMETRIC_REPRESENTATION_CONTEXT(2) 
PARAMETRIC_REPRESENTATION_CONTEXT() REPRESENTATION_CONTEXT('2D SPACE',''
  ) );
#12196 = PCURVE('',#12032,#12197);
#12197 = DEFINITIONAL_REPRESENTATION('',(#12198),#12202);
#12198 = CIRCLE('',#12199,3.);
#12199 = AXIS2_PLACEMENT_2D('',#12200,#12201);
#12200 = CARTESIAN_POINT('',(32.49999258,-10.26001283));
#12201 = DIRECTION('',(1.,0.));
#12202 = ( GEOMETRIC_REPRESENTATION_CONTEXT(2) 
PARAMETRIC_REPRESENTATION_CONTEXT() REPRESENTATION_CONTEXT('2D SPACE',''
  ) );
#12203 = ORIENTED_EDGE('',*,*,#12204,.F.);
#12204 = EDGE_CURVE('4_region1_Edge_4',#12205,#12181,#12207,.T.);
#12205 = VERTEX_POINT('4_region1_Vertex_4',#12206);
#12206 = CARTESIAN_POINT('',(35.49999258,-10.26001283,100.));
#12207 = SURFACE_CURVE('',#12208,(#12212,#12219),.PCURVE_S1.);
#12208 = LINE('',#12209,#12210);
#12209 = CARTESIAN_POINT('',(35.49999258,-10.26001283,100.));
#12210 = VECTOR('',#12211,1.);
#12211 = DIRECTION('',(0.,0.,1.));
#12212 = PCURVE('',#12060,#12213);
#12213 = DEFINITIONAL_REPRESENTATION('',(#12214),#12218);
#12214 = LINE('',#12215,#12216);
#12215 = CARTESIAN_POINT('',(-6.28318530718,0.));
#12216 = VECTOR('',#12217,1.);
#12217 = DIRECTION('',(-0.,-1.));
#12218 = ( GEOMETRIC_REPRESENTATION_CONTEXT(2) 
PARAMETRIC_REPRESENTATION_CONTEXT() REPRESENTATION_CONTEXT('2D SPACE',''
  ) );
#12219 = PCURVE('',#12220,#12225);
#12220 = PLANE('',#12221);
#12221 = AXIS2_PLACEMENT_3D('',#12222,#12223,#12224);
#12222 = CARTESIAN_POINT('',(35.49999258,-10.26001283,100.));
#12223 = DIRECTION('',(-1.,0.,0.));
#12224 = DIRECTION('',(0.,1.,0.));
#12225 = DEFINITIONAL_REPRESENTATION('',(#12226),#12230);
#12226 = LINE('',#12227,#12228);
#12227 = CARTESIAN_POINT('',(0.,0.));
#12228 = VECTOR('',#12229,1.);
#12229 = DIRECTION('',(0.,-1.));
#12230 = ( GEOMETRIC_REPRESENTATION_CONTEXT(2) 
PARAMETRIC_REPRESENTATION_CONTEXT() REPRESENTATION_CONTEXT('2D SPACE',''
  ) );
#12231 = ORIENTED_EDGE('',*,*,#12232,.F.);
#12232 = EDGE_CURVE('4_region1_Edge_5',#12045,#12205,#12233,.T.);
#12233 = SURFACE_CURVE('',#12234,(#12239,#12246),.PCURVE_S1.);
#12234 = CIRCLE('',#12235,3.);
#12235 = AXIS2_PLACEMENT_3D('',#12236,#12237,#12238);
#12236 = CARTESIAN_POINT('',(32.49999258,-10.26001283,100.));
#12237 = DIRECTION('',(0.,-0.,1.));
#12238 = DIRECTION('',(1.,0.,0.));
#12239 = PCURVE('',#12060,#12240);
#12240 = DEFINITIONAL_REPRESENTATION('',(#12241),#12245);
#12241 = LINE('',#12242,#12243);
#12242 = CARTESIAN_POINT('',(-0.,0.));
#12243 = VECTOR('',#12244,1.);
#12244 = DIRECTION('',(-1.,0.));
#12245 = ( GEOMETRIC_REPRESENTATION_CONTEXT(2) 
PARAMETRIC_REPRESENTATION_CONTEXT() REPRESENTATION_CONTEXT('2D SPACE',''
  ) );
#12246 = PCURVE('',#12086,#12247);
#12247 = DEFINITIONAL_REPRESENTATION('',(#12248),#12252);
#12248 = CIRCLE('',#12249,3.);
#12249 = AXIS2_PLACEMENT_2D('',#12250,#12251);
#12250 = CARTESIAN_POINT('',(32.49999258,-10.26001283));
#12251 = DIRECTION('',(1.,0.));
#12252 = ( GEOMETRIC_REPRESENTATION_CONTEXT(2) 
PARAMETRIC_REPRESENTATION_CONTEXT() REPRESENTATION_CONTEXT('2D SPACE',''
  ) );
#12253 = ADVANCED_FACE('4_region1_Face_start',(#12254,#12389,#12420,
    #12451,#12482),#12086,.F.);
#12254 = FACE_BOUND('',#12255,.F.);
#12255 = EDGE_LOOP('undefined shape id',(#12256,#12257,#12258,#12281,
    #12310,#12338,#12367,#12388));
#12256 = ORIENTED_EDGE('',*,*,#12072,.T.);
#12257 = ORIENTED_EDGE('',*,*,#12232,.T.);
#12258 = ORIENTED_EDGE('',*,*,#12259,.T.);
#12259 = EDGE_CURVE('4_region1_Edge_8',#12205,#12260,#12262,.T.);
#12260 = VERTEX_POINT('4_region1_Vertex_6',#12261);
#12261 = CARTESIAN_POINT('',(35.49999258,10.25998717,100.));
#12262 = SURFACE_CURVE('',#12263,(#12267,#12274),.PCURVE_S1.);
#12263 = LINE('',#12264,#12265);
#12264 = CARTESIAN_POINT('',(35.49999258,-10.26001283,100.));
#12265 = VECTOR('',#12266,1.);
#12266 = DIRECTION('',(0.,1.,0.));
#12267 = PCURVE('',#12086,#12268);
#12268 = DEFINITIONAL_REPRESENTATION('',(#12269),#12273);
#12269 = LINE('',#12270,#12271);
#12270 = CARTESIAN_POINT('',(35.49999258,-10.26001283));
#12271 = VECTOR('',#12272,1.);
#12272 = DIRECTION('',(0.,1.));
#12273 = ( GEOMETRIC_REPRESENTATION_CONTEXT(2) 
PARAMETRIC_REPRESENTATION_CONTEXT() REPRESENTATION_CONTEXT('2D SPACE',''
  ) );
#12274 = PCURVE('',#12220,#12275);
#12275 = DEFINITIONAL_REPRESENTATION('',(#12276),#12280);
#12276 = LINE('',#12277,#12278);
#12277 = CARTESIAN_POINT('',(0.,0.));
#12278 = VECTOR('',#12279,1.);
#12279 = DIRECTION('',(1.,0.));
#12280 = ( GEOMETRIC_REPRESENTATION_CONTEXT(2) 
PARAMETRIC_REPRESENTATION_CONTEXT() REPRESENTATION_CONTEXT('2D SPACE',''
  ) );
#12281 = ORIENTED_EDGE('',*,*,#12282,.T.);
#12282 = EDGE_CURVE('4_region1_Edge_11',#12260,#12283,#12285,.T.);
#12283 = VERTEX_POINT('4_region1_Vertex_8',#12284);
#12284 = CARTESIAN_POINT('',(32.49999258,13.25998717,100.));
#12285 = SURFACE_CURVE('',#12286,(#12291,#12298),.PCURVE_S1.);
#12286 = CIRCLE('',#12287,3.);
#12287 = AXIS2_PLACEMENT_3D('',#12288,#12289,#12290);
#12288 = CARTESIAN_POINT('',(32.49999258,10.25998717,100.));
#12289 = DIRECTION('',(0.,-0.,1.));
#12290 = DIRECTION('',(1.,0.,0.));
#12291 = PCURVE('',#12086,#12292);
#12292 = DEFINITIONAL_REPRESENTATION('',(#12293),#12297);
#12293 = CIRCLE('',#12294,3.);
#12294 = AXIS2_PLACEMENT_2D('',#12295,#12296);
#12295 = CARTESIAN_POINT('',(32.49999258,10.25998717));
#12296 = DIRECTION('',(1.,0.));
#12297 = ( GEOMETRIC_REPRESENTATION_CONTEXT(2) 
PARAMETRIC_REPRESENTATION_CONTEXT() REPRESENTATION_CONTEXT('2D SPACE',''
  ) );
#12298 = PCURVE('',#12299,#12304);
#12299 = CYLINDRICAL_SURFACE('',#12300,3.);
#12300 = AXIS2_PLACEMENT_3D('',#12301,#12302,#12303);
#12301 = CARTESIAN_POINT('',(32.49999258,10.25998717,100.));
#12302 = DIRECTION('',(-0.,0.,-1.));
#12303 = DIRECTION('',(1.,0.,0.));
#12304 = DEFINITIONAL_REPRESENTATION('',(#12305),#12309);
#12305 = LINE('',#12306,#12307);
#12306 = CARTESIAN_POINT('',(-0.,0.));
#12307 = VECTOR('',#12308,1.);
#12308 = DIRECTION('',(-1.,0.));
#12309 = ( GEOMETRIC_REPRESENTATION_CONTEXT(2) 
PARAMETRIC_REPRESENTATION_CONTEXT() REPRESENTATION_CONTEXT('2D SPACE',''
  ) );
#12310 = ORIENTED_EDGE('',*,*,#12311,.T.);
#12311 = EDGE_CURVE('4_region1_Edge_14',#12283,#12312,#12314,.T.);
#12312 = VERTEX_POINT('4_region1_Vertex_10',#12313);
#12313 = CARTESIAN_POINT('',(-32.50000742,13.25998717,100.));
#12314 = SURFACE_CURVE('',#12315,(#12319,#12326),.PCURVE_S1.);
#12315 = LINE('',#12316,#12317);
#12316 = CARTESIAN_POINT('',(32.49999258,13.25998717,100.));
#12317 = VECTOR('',#12318,1.);
#12318 = DIRECTION('',(-1.,0.,0.));
#12319 = PCURVE('',#12086,#12320);
#12320 = DEFINITIONAL_REPRESENTATION('',(#12321),#12325);
#12321 = LINE('',#12322,#12323);
#12322 = CARTESIAN_POINT('',(32.49999258,13.25998717));
#12323 = VECTOR('',#12324,1.);
#12324 = DIRECTION('',(-1.,0.));
#12325 = ( GEOMETRIC_REPRESENTATION_CONTEXT(2) 
PARAMETRIC_REPRESENTATION_CONTEXT() REPRESENTATION_CONTEXT('2D SPACE',''
  ) );
#12326 = PCURVE('',#12327,#12332);
#12327 = PLANE('',#12328);
#12328 = AXIS2_PLACEMENT_3D('',#12329,#12330,#12331);
#12329 = CARTESIAN_POINT('',(32.49999258,13.25998717,100.));
#12330 = DIRECTION('',(0.,-1.,0.));
#12331 = DIRECTION('',(-1.,0.,0.));
#12332 = DEFINITIONAL_REPRESENTATION('',(#12333),#12337);
#12333 = LINE('',#12334,#12335);
#12334 = CARTESIAN_POINT('',(0.,-0.));
#12335 = VECTOR('',#12336,1.);
#12336 = DIRECTION('',(1.,0.));
#12337 = ( GEOMETRIC_REPRESENTATION_CONTEXT(2) 
PARAMETRIC_REPRESENTATION_CONTEXT() REPRESENTATION_CONTEXT('2D SPACE',''
  ) );
#12338 = ORIENTED_EDGE('',*,*,#12339,.T.);
#12339 = EDGE_CURVE('4_region1_Edge_17',#12312,#12340,#12342,.T.);
#12340 = VERTEX_POINT('4_region1_Vertex_12',#12341);
#12341 = CARTESIAN_POINT('',(-35.50000742,10.25998717,100.));
#12342 = SURFACE_CURVE('',#12343,(#12348,#12355),.PCURVE_S1.);
#12343 = CIRCLE('',#12344,3.);
#12344 = AXIS2_PLACEMENT_3D('',#12345,#12346,#12347);
#12345 = CARTESIAN_POINT('',(-32.50000742,10.25998717,100.));
#12346 = DIRECTION('',(0.,-0.,1.));
#12347 = DIRECTION('',(1.,0.,0.));
#12348 = PCURVE('',#12086,#12349);
#12349 = DEFINITIONAL_REPRESENTATION('',(#12350),#12354);
#12350 = CIRCLE('',#12351,3.);
#12351 = AXIS2_PLACEMENT_2D('',#12352,#12353);
#12352 = CARTESIAN_POINT('',(-32.50000742,10.25998717));
#12353 = DIRECTION('',(1.,0.));
#12354 = ( GEOMETRIC_REPRESENTATION_CONTEXT(2) 
PARAMETRIC_REPRESENTATION_CONTEXT() REPRESENTATION_CONTEXT('2D SPACE',''
  ) );
#12355 = PCURVE('',#12356,#12361);
#12356 = CYLINDRICAL_SURFACE('',#12357,3.);
#12357 = AXIS2_PLACEMENT_3D('',#12358,#12359,#12360);
#12358 = CARTESIAN_POINT('',(-32.50000742,10.25998717,100.));
#12359 = DIRECTION('',(-0.,0.,-1.));
#12360 = DIRECTION('',(1.,0.,0.));
#12361 = DEFINITIONAL_REPRESENTATION('',(#12362),#12366);
#12362 = LINE('',#12363,#12364);
#12363 = CARTESIAN_POINT('',(-0.,0.));
#12364 = VECTOR('',#12365,1.);
#12365 = DIRECTION('',(-1.,0.));
#12366 = ( GEOMETRIC_REPRESENTATION_CONTEXT(2) 
PARAMETRIC_REPRESENTATION_CONTEXT() REPRESENTATION_CONTEXT('2D SPACE',''
  ) );
#12367 = ORIENTED_EDGE('',*,*,#12368,.T.);
#12368 = EDGE_CURVE('4_region1_Edge_20',#12340,#12102,#12369,.T.);
#12369 = SURFACE_CURVE('',#12370,(#12374,#12381),.PCURVE_S1.);
#12370 = LINE('',#12371,#12372);
#12371 = CARTESIAN_POINT('',(-35.50000742,10.25998717,100.));
#12372 = VECTOR('',#12373,1.);
#12373 = DIRECTION('',(0.,-1.,-0.));
#12374 = PCURVE('',#12086,#12375);
#12375 = DEFINITIONAL_REPRESENTATION('',(#12376),#12380);
#12376 = LINE('',#12377,#12378);
#12377 = CARTESIAN_POINT('',(-35.50000742,10.25998717));
#12378 = VECTOR('',#12379,1.);
#12379 = DIRECTION('',(0.,-1.));
#12380 = ( GEOMETRIC_REPRESENTATION_CONTEXT(2) 
PARAMETRIC_REPRESENTATION_CONTEXT() REPRESENTATION_CONTEXT('2D SPACE',''
  ) );
#12381 = PCURVE('',#12119,#12382);
#12382 = DEFINITIONAL_REPRESENTATION('',(#12383),#12387);
#12383 = LINE('',#12384,#12385);
#12384 = CARTESIAN_POINT('',(0.,0.));
#12385 = VECTOR('',#12386,1.);
#12386 = DIRECTION('',(1.,0.));
#12387 = ( GEOMETRIC_REPRESENTATION_CONTEXT(2) 
PARAMETRIC_REPRESENTATION_CONTEXT() REPRESENTATION_CONTEXT('2D SPACE',''
  ) );
#12388 = ORIENTED_EDGE('',*,*,#12154,.T.);
#12389 = FACE_BOUND('',#12390,.F.);
#12390 = EDGE_LOOP('undefined shape id',(#12391));
#12391 = ORIENTED_EDGE('',*,*,#12392,.F.);
#12392 = EDGE_CURVE('10_Sub_9c95473273f877aaee95ec7a65213063_Edge_40',
  #12393,#12393,#12395,.T.);
#12393 = VERTEX_POINT(
  '10_Sub_9c95473273f877aaee95ec7a65213063_Vertex_24',#12394);
#12394 = CARTESIAN_POINT('',(-32.50000742,-11.71001283,100.));
#12395 = SURFACE_CURVE('',#12396,(#12401,#12408),.PCURVE_S1.);
#12396 = CIRCLE('',#12397,1.45);
#12397 = AXIS2_PLACEMENT_3D('',#12398,#12399,#12400);
#12398 = CARTESIAN_POINT('',(-32.50000742,-10.26001283,100.));
#12399 = DIRECTION('',(0.,0.,1.));
#12400 = DIRECTION('',(0.,-1.,0.));
#12401 = PCURVE('',#12086,#12402);
#12402 = DEFINITIONAL_REPRESENTATION('',(#12403),#12407);
#12403 = CIRCLE('',#12404,1.45);
#12404 = AXIS2_PLACEMENT_2D('',#12405,#12406);
#12405 = CARTESIAN_POINT('',(-32.50000742,-10.26001283));
#12406 = DIRECTION('',(0.,-1.));
#12407 = ( GEOMETRIC_REPRESENTATION_CONTEXT(2) 
PARAMETRIC_REPRESENTATION_CONTEXT() REPRESENTATION_CONTEXT('2D SPACE',''
  ) );
#12408 = PCURVE('',#12409,#12414);
#12409 = CYLINDRICAL_SURFACE('',#12410,1.45);
#12410 = AXIS2_PLACEMENT_3D('',#12411,#12412,#12413);
#12411 = CARTESIAN_POINT('',(-32.50000742,-10.26001283,91.5));
#12412 = DIRECTION('',(0.,0.,1.));
#12413 = DIRECTION('',(0.,-1.,0.));
#12414 = DEFINITIONAL_REPRESENTATION('',(#12415),#12419);
#12415 = LINE('',#12416,#12417);
#12416 = CARTESIAN_POINT('',(-6.28318530718,8.5));
#12417 = VECTOR('',#12418,1.);
#12418 = DIRECTION('',(1.,-0.));
#12419 = ( GEOMETRIC_REPRESENTATION_CONTEXT(2) 
PARAMETRIC_REPRESENTATION_CONTEXT() REPRESENTATION_CONTEXT('2D SPACE',''
  ) );
#12420 = FACE_BOUND('',#12421,.F.);
#12421 = EDGE_LOOP('undefined shape id',(#12422));
#12422 = ORIENTED_EDGE('',*,*,#12423,.F.);
#12423 = EDGE_CURVE('10_Sub_9c95473273f877aaee95ec7a65213063_Edge_41',
  #12424,#12424,#12426,.T.);
#12424 = VERTEX_POINT(
  '10_Sub_9c95473273f877aaee95ec7a65213063_Vertex_25',#12425);
#12425 = CARTESIAN_POINT('',(32.49999258,-11.71001283,100.));
#12426 = SURFACE_CURVE('',#12427,(#12432,#12439),.PCURVE_S1.);
#12427 = CIRCLE('',#12428,1.45);
#12428 = AXIS2_PLACEMENT_3D('',#12429,#12430,#12431);
#12429 = CARTESIAN_POINT('',(32.49999258,-10.26001283,100.));
#12430 = DIRECTION('',(0.,0.,1.));
#12431 = DIRECTION('',(0.,-1.,0.));
#12432 = PCURVE('',#12086,#12433);
#12433 = DEFINITIONAL_REPRESENTATION('',(#12434),#12438);
#12434 = CIRCLE('',#12435,1.45);
#12435 = AXIS2_PLACEMENT_2D('',#12436,#12437);
#12436 = CARTESIAN_POINT('',(32.49999258,-10.26001283));
#12437 = DIRECTION('',(0.,-1.));
#12438 = ( GEOMETRIC_REPRESENTATION_CONTEXT(2) 
PARAMETRIC_REPRESENTATION_CONTEXT() REPRESENTATION_CONTEXT('2D SPACE',''
  ) );
#12439 = PCURVE('',#12440,#12445);
#12440 = CYLINDRICAL_SURFACE('',#12441,1.45);
#12441 = AXIS2_PLACEMENT_3D('',#12442,#12443,#12444);
#12442 = CARTESIAN_POINT('',(32.49999258,-10.26001283,91.5));
#12443 = DIRECTION('',(0.,0.,1.));
#12444 = DIRECTION('',(0.,-1.,0.));
#12445 = DEFINITIONAL_REPRESENTATION('',(#12446),#12450);
#12446 = LINE('',#12447,#12448);
#12447 = CARTESIAN_POINT('',(-6.28318530718,8.5));
#12448 = VECTOR('',#12449,1.);
#12449 = DIRECTION('',(1.,-0.));
#12450 = ( GEOMETRIC_REPRESENTATION_CONTEXT(2) 
PARAMETRIC_REPRESENTATION_CONTEXT() REPRESENTATION_CONTEXT('2D SPACE',''
  ) );
#12451 = FACE_BOUND('',#12452,.F.);
#12452 = EDGE_LOOP('undefined shape id',(#12453));
#12453 = ORIENTED_EDGE('',*,*,#12454,.F.);
#12454 = EDGE_CURVE('10_Sub_9c95473273f877aaee95ec7a65213063_Edge_42',
  #12455,#12455,#12457,.T.);
#12455 = VERTEX_POINT(
  '10_Sub_9c95473273f877aaee95ec7a65213063_Vertex_26',#12456);
#12456 = CARTESIAN_POINT('',(-32.50000742,8.80998717,100.));
#12457 = SURFACE_CURVE('',#12458,(#12463,#12470),.PCURVE_S1.);
#12458 = CIRCLE('',#12459,1.45);
#12459 = AXIS2_PLACEMENT_3D('',#12460,#12461,#12462);
#12460 = CARTESIAN_POINT('',(-32.50000742,10.25998717,100.));
#12461 = DIRECTION('',(0.,0.,1.));
#12462 = DIRECTION('',(0.,-1.,0.));
#12463 = PCURVE('',#12086,#12464);
#12464 = DEFINITIONAL_REPRESENTATION('',(#12465),#12469);
#12465 = CIRCLE('',#12466,1.45);
#12466 = AXIS2_PLACEMENT_2D('',#12467,#12468);
#12467 = CARTESIAN_POINT('',(-32.50000742,10.25998717));
#12468 = DIRECTION('',(0.,-1.));
#12469 = ( GEOMETRIC_REPRESENTATION_CONTEXT(2) 
PARAMETRIC_REPRESENTATION_CONTEXT() REPRESENTATION_CONTEXT('2D SPACE',''
  ) );
#12470 = PCURVE('',#12471,#12476);
#12471 = CYLINDRICAL_SURFACE('',#12472,1.45);
#12472 = AXIS2_PLACEMENT_3D('',#12473,#12474,#12475);
#12473 = CARTESIAN_POINT('',(-32.50000742,10.25998717,91.5));
#12474 = DIRECTION('',(0.,0.,1.));
#12475 = DIRECTION('',(0.,-1.,0.));
#12476 = DEFINITIONAL_REPRESENTATION('',(#12477),#12481);
#12477 = LINE('',#12478,#12479);
#12478 = CARTESIAN_POINT('',(-6.28318530718,8.5));
#12479 = VECTOR('',#12480,1.);
#12480 = DIRECTION('',(1.,-0.));
#12481 = ( GEOMETRIC_REPRESENTATION_CONTEXT(2) 
PARAMETRIC_REPRESENTATION_CONTEXT() REPRESENTATION_CONTEXT('2D SPACE',''
  ) );
#12482 = FACE_BOUND('',#12483,.F.);
#12483 = EDGE_LOOP('undefined shape id',(#12484));
#12484 = ORIENTED_EDGE('',*,*,#12485,.F.);
#12485 = EDGE_CURVE('10_Sub_9c95473273f877aaee95ec7a65213063_Edge_43',
  #12486,#12486,#12488,.T.);
#12486 = VERTEX_POINT(
  '10_Sub_9c95473273f877aaee95ec7a65213063_Vertex_27',#12487);
#12487 = CARTESIAN_POINT('',(32.49999258,8.80998717,100.));
#12488 = SURFACE_CURVE('',#12489,(#12494,#12501),.PCURVE_S1.);
#12489 = CIRCLE('',#12490,1.45);
#12490 = AXIS2_PLACEMENT_3D('',#12491,#12492,#12493);
#12491 = CARTESIAN_POINT('',(32.49999258,10.25998717,100.));
#12492 = DIRECTION('',(0.,0.,1.));
#12493 = DIRECTION('',(0.,-1.,0.));
#12494 = PCURVE('',#12086,#12495);
#12495 = DEFINITIONAL_REPRESENTATION('',(#12496),#12500);
#12496 = CIRCLE('',#12497,1.45);
#12497 = AXIS2_PLACEMENT_2D('',#12498,#12499);
#12498 = CARTESIAN_POINT('',(32.49999258,10.25998717));
#12499 = DIRECTION('',(0.,-1.));
#12500 = ( GEOMETRIC_REPRESENTATION_CONTEXT(2) 
PARAMETRIC_REPRESENTATION_CONTEXT() REPRESENTATION_CONTEXT('2D SPACE',''
  ) );
#12501 = PCURVE('',#12502,#12507);
#12502 = CYLINDRICAL_SURFACE('',#12503,1.45);
#12503 = AXIS2_PLACEMENT_3D('',#12504,#12505,#12506);
#12504 = CARTESIAN_POINT('',(32.49999258,10.25998717,91.5));
#12505 = DIRECTION('',(0.,0.,1.));
#12506 = DIRECTION('',(0.,-1.,0.));
#12507 = DEFINITIONAL_REPRESENTATION('',(#12508),#12512);
#12508 = LINE('',#12509,#12510);
#12509 = CARTESIAN_POINT('',(-6.28318530718,8.5));
#12510 = VECTOR('',#12511,1.);
#12511 = DIRECTION('',(1.,-0.));
#12512 = ( GEOMETRIC_REPRESENTATION_CONTEXT(2) 
PARAMETRIC_REPRESENTATION_CONTEXT() REPRESENTATION_CONTEXT('2D SPACE',''
  ) );
#12513 = ADVANCED_FACE('4_region1_Face_end',(#12514,#12634,#12669,#12704
    ,#12739),#12032,.T.);
#12514 = FACE_BOUND('',#12515,.T.);
#12515 = EDGE_LOOP('undefined shape id',(#12516,#12517,#12518,#12541,
    #12565,#12588,#12612,#12633));
#12516 = ORIENTED_EDGE('',*,*,#12016,.T.);
#12517 = ORIENTED_EDGE('',*,*,#12180,.T.);
#12518 = ORIENTED_EDGE('',*,*,#12519,.T.);
#12519 = EDGE_CURVE('4_region1_Edge_9',#12181,#12520,#12522,.T.);
#12520 = VERTEX_POINT('4_region1_Vertex_7',#12521);
#12521 = CARTESIAN_POINT('',(35.49999258,10.25998717,101.5));
#12522 = SURFACE_CURVE('',#12523,(#12527,#12534),.PCURVE_S1.);
#12523 = LINE('',#12524,#12525);
#12524 = CARTESIAN_POINT('',(35.49999258,-10.26001283,101.5));
#12525 = VECTOR('',#12526,1.);
#12526 = DIRECTION('',(0.,1.,0.));
#12527 = PCURVE('',#12032,#12528);
#12528 = DEFINITIONAL_REPRESENTATION('',(#12529),#12533);
#12529 = LINE('',#12530,#12531);
#12530 = CARTESIAN_POINT('',(35.49999258,-10.26001283));
#12531 = VECTOR('',#12532,1.);
#12532 = DIRECTION('',(0.,1.));
#12533 = ( GEOMETRIC_REPRESENTATION_CONTEXT(2) 
PARAMETRIC_REPRESENTATION_CONTEXT() REPRESENTATION_CONTEXT('2D SPACE',''
  ) );
#12534 = PCURVE('',#12220,#12535);
#12535 = DEFINITIONAL_REPRESENTATION('',(#12536),#12540);
#12536 = LINE('',#12537,#12538);
#12537 = CARTESIAN_POINT('',(0.,-1.5));
#12538 = VECTOR('',#12539,1.);
#12539 = DIRECTION('',(1.,0.));
#12540 = ( GEOMETRIC_REPRESENTATION_CONTEXT(2) 
PARAMETRIC_REPRESENTATION_CONTEXT() REPRESENTATION_CONTEXT('2D SPACE',''
  ) );
#12541 = ORIENTED_EDGE('',*,*,#12542,.T.);
#12542 = EDGE_CURVE('4_region1_Edge_12',#12520,#12543,#12545,.T.);
#12543 = VERTEX_POINT('4_region1_Vertex_9',#12544);
#12544 = CARTESIAN_POINT('',(32.49999258,13.25998717,101.5));
#12545 = SURFACE_CURVE('',#12546,(#12551,#12558),.PCURVE_S1.);
#12546 = CIRCLE('',#12547,3.);
#12547 = AXIS2_PLACEMENT_3D('',#12548,#12549,#12550);
#12548 = CARTESIAN_POINT('',(32.49999258,10.25998717,101.5));
#12549 = DIRECTION('',(0.,-0.,1.));
#12550 = DIRECTION('',(1.,0.,0.));
#12551 = PCURVE('',#12032,#12552);
#12552 = DEFINITIONAL_REPRESENTATION('',(#12553),#12557);
#12553 = CIRCLE('',#12554,3.);
#12554 = AXIS2_PLACEMENT_2D('',#12555,#12556);
#12555 = CARTESIAN_POINT('',(32.49999258,10.25998717));
#12556 = DIRECTION('',(1.,0.));
#12557 = ( GEOMETRIC_REPRESENTATION_CONTEXT(2) 
PARAMETRIC_REPRESENTATION_CONTEXT() REPRESENTATION_CONTEXT('2D SPACE',''
  ) );
#12558 = PCURVE('',#12299,#12559);
#12559 = DEFINITIONAL_REPRESENTATION('',(#12560),#12564);
#12560 = LINE('',#12561,#12562);
#12561 = CARTESIAN_POINT('',(-0.,-1.5));
#12562 = VECTOR('',#12563,1.);
#12563 = DIRECTION('',(-1.,0.));
#12564 = ( GEOMETRIC_REPRESENTATION_CONTEXT(2) 
PARAMETRIC_REPRESENTATION_CONTEXT() REPRESENTATION_CONTEXT('2D SPACE',''
  ) );
#12565 = ORIENTED_EDGE('',*,*,#12566,.T.);
#12566 = EDGE_CURVE('4_region1_Edge_15',#12543,#12567,#12569,.T.);
#12567 = VERTEX_POINT('4_region1_Vertex_11',#12568);
#12568 = CARTESIAN_POINT('',(-32.50000742,13.25998717,101.5));
#12569 = SURFACE_CURVE('',#12570,(#12574,#12581),.PCURVE_S1.);
#12570 = LINE('',#12571,#12572);
#12571 = CARTESIAN_POINT('',(32.49999258,13.25998717,101.5));
#12572 = VECTOR('',#12573,1.);
#12573 = DIRECTION('',(-1.,0.,0.));
#12574 = PCURVE('',#12032,#12575);
#12575 = DEFINITIONAL_REPRESENTATION('',(#12576),#12580);
#12576 = LINE('',#12577,#12578);
#12577 = CARTESIAN_POINT('',(32.49999258,13.25998717));
#12578 = VECTOR('',#12579,1.);
#12579 = DIRECTION('',(-1.,0.));
#12580 = ( GEOMETRIC_REPRESENTATION_CONTEXT(2) 
PARAMETRIC_REPRESENTATION_CONTEXT() REPRESENTATION_CONTEXT('2D SPACE',''
  ) );
#12581 = PCURVE('',#12327,#12582);
#12582 = DEFINITIONAL_REPRESENTATION('',(#12583),#12587);
#12583 = LINE('',#12584,#12585);
#12584 = CARTESIAN_POINT('',(0.,-1.5));
#12585 = VECTOR('',#12586,1.);
#12586 = DIRECTION('',(1.,0.));
#12587 = ( GEOMETRIC_REPRESENTATION_CONTEXT(2) 
PARAMETRIC_REPRESENTATION_CONTEXT() REPRESENTATION_CONTEXT('2D SPACE',''
  ) );
#12588 = ORIENTED_EDGE('',*,*,#12589,.T.);
#12589 = EDGE_CURVE('4_region1_Edge_18',#12567,#12590,#12592,.T.);
#12590 = VERTEX_POINT('4_region1_Vertex_13',#12591);
#12591 = CARTESIAN_POINT('',(-35.50000742,10.25998717,101.5));
#12592 = SURFACE_CURVE('',#12593,(#12598,#12605),.PCURVE_S1.);
#12593 = CIRCLE('',#12594,3.);
#12594 = AXIS2_PLACEMENT_3D('',#12595,#12596,#12597);
#12595 = CARTESIAN_POINT('',(-32.50000742,10.25998717,101.5));
#12596 = DIRECTION('',(0.,-0.,1.));
#12597 = DIRECTION('',(1.,0.,0.));
#12598 = PCURVE('',#12032,#12599);
#12599 = DEFINITIONAL_REPRESENTATION('',(#12600),#12604);
#12600 = CIRCLE('',#12601,3.);
#12601 = AXIS2_PLACEMENT_2D('',#12602,#12603);
#12602 = CARTESIAN_POINT('',(-32.50000742,10.25998717));
#12603 = DIRECTION('',(1.,0.));
#12604 = ( GEOMETRIC_REPRESENTATION_CONTEXT(2) 
PARAMETRIC_REPRESENTATION_CONTEXT() REPRESENTATION_CONTEXT('2D SPACE',''
  ) );
#12605 = PCURVE('',#12356,#12606);
#12606 = DEFINITIONAL_REPRESENTATION('',(#12607),#12611);
#12607 = LINE('',#12608,#12609);
#12608 = CARTESIAN_POINT('',(-0.,-1.5));
#12609 = VECTOR('',#12610,1.);
#12610 = DIRECTION('',(-1.,0.));
#12611 = ( GEOMETRIC_REPRESENTATION_CONTEXT(2) 
PARAMETRIC_REPRESENTATION_CONTEXT() REPRESENTATION_CONTEXT('2D SPACE',''
  ) );
#12612 = ORIENTED_EDGE('',*,*,#12613,.T.);
#12613 = EDGE_CURVE('4_region1_Edge_21',#12590,#12104,#12614,.T.);
#12614 = SURFACE_CURVE('',#12615,(#12619,#12626),.PCURVE_S1.);
#12615 = LINE('',#12616,#12617);
#12616 = CARTESIAN_POINT('',(-35.50000742,10.25998717,101.5));
#12617 = VECTOR('',#12618,1.);
#12618 = DIRECTION('',(0.,-1.,-0.));
#12619 = PCURVE('',#12032,#12620);
#12620 = DEFINITIONAL_REPRESENTATION('',(#12621),#12625);
#12621 = LINE('',#12622,#12623);
#12622 = CARTESIAN_POINT('',(-35.50000742,10.25998717));
#12623 = VECTOR('',#12624,1.);
#12624 = DIRECTION('',(0.,-1.));
#12625 = ( GEOMETRIC_REPRESENTATION_CONTEXT(2) 
PARAMETRIC_REPRESENTATION_CONTEXT() REPRESENTATION_CONTEXT('2D SPACE',''
  ) );
#12626 = PCURVE('',#12119,#12627);
#12627 = DEFINITIONAL_REPRESENTATION('',(#12628),#12632);
#12628 = LINE('',#12629,#12630);
#12629 = CARTESIAN_POINT('',(0.,-1.5));
#12630 = VECTOR('',#12631,1.);
#12631 = DIRECTION('',(1.,0.));
#12632 = ( GEOMETRIC_REPRESENTATION_CONTEXT(2) 
PARAMETRIC_REPRESENTATION_CONTEXT() REPRESENTATION_CONTEXT('2D SPACE',''
  ) );
#12633 = ORIENTED_EDGE('',*,*,#12131,.T.);
#12634 = FACE_BOUND('',#12635,.T.);
#12635 = EDGE_LOOP('undefined shape id',(#12636));
#12636 = ORIENTED_EDGE('',*,*,#12637,.T.);
#12637 = EDGE_CURVE('10_region1_14_Edge_0',#12638,#12638,#12640,.T.);
#12638 = VERTEX_POINT('10_region1_14_Vertex_0',#12639);
#12639 = CARTESIAN_POINT('',(-32.50000742,-12.81001283,101.5));
#12640 = SURFACE_CURVE('',#12641,(#12646,#12657),.PCURVE_S1.);
#12641 = CIRCLE('',#12642,2.55);
#12642 = AXIS2_PLACEMENT_3D('',#12643,#12644,#12645);
#12643 = CARTESIAN_POINT('',(-32.50000742,-10.26001283,101.5));
#12644 = DIRECTION('',(-0.,-0.,-1.));
#12645 = DIRECTION('',(0.,-1.,0.));
#12646 = PCURVE('',#12032,#12647);
#12647 = DEFINITIONAL_REPRESENTATION('',(#12648),#12656);
#12648 = ( BOUNDED_CURVE() B_SPLINE_CURVE(2,(#12649,#12650,#12651,#12652
    ,#12653,#12654,#12655),.UNSPECIFIED.,.T.,.F.) 
B_SPLINE_CURVE_WITH_KNOTS((1,2,2,2,2,1),(-2.094395102393,0.,
    2.094395102393,4.188790204786,6.28318530718,8.377580409573),
.UNSPECIFIED.) CURVE() GEOMETRIC_REPRESENTATION_ITEM() 
RATIONAL_B_SPLINE_CURVE((1.,0.5,1.,0.5,1.,0.5,1.)) REPRESENTATION_ITEM(
  '') );
#12649 = CARTESIAN_POINT('',(-32.50000742,-12.81001283));
#12650 = CARTESIAN_POINT('',(-36.9167369793,-12.81001283));
#12651 = CARTESIAN_POINT('',(-34.70837219965,-8.98501283));
#12652 = CARTESIAN_POINT('',(-32.50000742,-5.16001283));
#12653 = CARTESIAN_POINT('',(-30.29164264035,-8.98501283));
#12654 = CARTESIAN_POINT('',(-28.08327786069,-12.81001283));
#12655 = CARTESIAN_POINT('',(-32.50000742,-12.81001283));
#12656 = ( GEOMETRIC_REPRESENTATION_CONTEXT(2) 
PARAMETRIC_REPRESENTATION_CONTEXT() REPRESENTATION_CONTEXT('2D SPACE',''
  ) );
#12657 = PCURVE('',#12658,#12663);
#12658 = CONICAL_SURFACE('',#12659,1.45,0.785398163397);
#12659 = AXIS2_PLACEMENT_3D('',#12660,#12661,#12662);
#12660 = CARTESIAN_POINT('',(-32.50000742,-10.26001283,100.4));
#12661 = DIRECTION('',(0.,0.,1.));
#12662 = DIRECTION('',(0.,-1.,0.));
#12663 = DEFINITIONAL_REPRESENTATION('',(#12664),#12668);
#12664 = LINE('',#12665,#12666);
#12665 = CARTESIAN_POINT('',(-0.,1.1));
#12666 = VECTOR('',#12667,1.);
#12667 = DIRECTION('',(-1.,0.));
#12668 = ( GEOMETRIC_REPRESENTATION_CONTEXT(2) 
PARAMETRIC_REPRESENTATION_CONTEXT() REPRESENTATION_CONTEXT('2D SPACE',''
  ) );
#12669 = FACE_BOUND('',#12670,.T.);
#12670 = EDGE_LOOP('undefined shape id',(#12671));
#12671 = ORIENTED_EDGE('',*,*,#12672,.T.);
#12672 = EDGE_CURVE('10_region1_24_Edge_0',#12673,#12673,#12675,.T.);
#12673 = VERTEX_POINT('10_region1_24_Vertex_0',#12674);
#12674 = CARTESIAN_POINT('',(32.49999258,-12.81001283,101.5));
#12675 = SURFACE_CURVE('',#12676,(#12681,#12692),.PCURVE_S1.);
#12676 = CIRCLE('',#12677,2.55);
#12677 = AXIS2_PLACEMENT_3D('',#12678,#12679,#12680);
#12678 = CARTESIAN_POINT('',(32.49999258,-10.26001283,101.5));
#12679 = DIRECTION('',(-0.,-0.,-1.));
#12680 = DIRECTION('',(0.,-1.,0.));
#12681 = PCURVE('',#12032,#12682);
#12682 = DEFINITIONAL_REPRESENTATION('',(#12683),#12691);
#12683 = ( BOUNDED_CURVE() B_SPLINE_CURVE(2,(#12684,#12685,#12686,#12687
    ,#12688,#12689,#12690),.UNSPECIFIED.,.T.,.F.) 
B_SPLINE_CURVE_WITH_KNOTS((1,2,2,2,2,1),(-2.094395102393,0.,
    2.094395102393,4.188790204786,6.28318530718,8.377580409573),
.UNSPECIFIED.) CURVE() GEOMETRIC_REPRESENTATION_ITEM() 
RATIONAL_B_SPLINE_CURVE((1.,0.5,1.,0.5,1.,0.5,1.)) REPRESENTATION_ITEM(
  '') );
#12684 = CARTESIAN_POINT('',(32.49999258,-12.81001283));
#12685 = CARTESIAN_POINT('',(28.083263020699,-12.81001283));
#12686 = CARTESIAN_POINT('',(30.29162780035,-8.98501283));
#12687 = CARTESIAN_POINT('',(32.49999258,-5.16001283));
#12688 = CARTESIAN_POINT('',(34.70835735965,-8.98501283));
#12689 = CARTESIAN_POINT('',(36.916722139301,-12.81001283));
#12690 = CARTESIAN_POINT('',(32.49999258,-12.81001283));
#12691 = ( GEOMETRIC_REPRESENTATION_CONTEXT(2) 
PARAMETRIC_REPRESENTATION_CONTEXT() REPRESENTATION_CONTEXT('2D SPACE',''
  ) );
#12692 = PCURVE('',#12693,#12698);
#12693 = CONICAL_SURFACE('',#12694,1.45,0.785398163397);
#12694 = AXIS2_PLACEMENT_3D('',#12695,#12696,#12697);
#12695 = CARTESIAN_POINT('',(32.49999258,-10.26001283,100.4));
#12696 = DIRECTION('',(0.,0.,1.));
#12697 = DIRECTION('',(0.,-1.,0.));
#12698 = DEFINITIONAL_REPRESENTATION('',(#12699),#12703);
#12699 = LINE('',#12700,#12701);
#12700 = CARTESIAN_POINT('',(-0.,1.1));
#12701 = VECTOR('',#12702,1.);
#12702 = DIRECTION('',(-1.,0.));
#12703 = ( GEOMETRIC_REPRESENTATION_CONTEXT(2) 
PARAMETRIC_REPRESENTATION_CONTEXT() REPRESENTATION_CONTEXT('2D SPACE',''
  ) );
#12704 = FACE_BOUND('',#12705,.T.);
#12705 = EDGE_LOOP('undefined shape id',(#12706));
#12706 = ORIENTED_EDGE('',*,*,#12707,.T.);
#12707 = EDGE_CURVE('10_region1_4_Edge_0',#12708,#12708,#12710,.T.);
#12708 = VERTEX_POINT('10_region1_4_Vertex_0',#12709);
#12709 = CARTESIAN_POINT('',(-32.50000742,7.70998717,101.5));
#12710 = SURFACE_CURVE('',#12711,(#12716,#12727),.PCURVE_S1.);
#12711 = CIRCLE('',#12712,2.55);
#12712 = AXIS2_PLACEMENT_3D('',#12713,#12714,#12715);
#12713 = CARTESIAN_POINT('',(-32.50000742,10.25998717,101.5));
#12714 = DIRECTION('',(-0.,-0.,-1.));
#12715 = DIRECTION('',(0.,-1.,0.));
#12716 = PCURVE('',#12032,#12717);
#12717 = DEFINITIONAL_REPRESENTATION('',(#12718),#12726);
#12718 = ( BOUNDED_CURVE() B_SPLINE_CURVE(2,(#12719,#12720,#12721,#12722
    ,#12723,#12724,#12725),.UNSPECIFIED.,.T.,.F.) 
B_SPLINE_CURVE_WITH_KNOTS((1,2,2,2,2,1),(-2.094395102393,0.,
    2.094395102393,4.188790204786,6.28318530718,8.377580409573),
.UNSPECIFIED.) CURVE() GEOMETRIC_REPRESENTATION_ITEM() 
RATIONAL_B_SPLINE_CURVE((1.,0.5,1.,0.5,1.,0.5,1.)) REPRESENTATION_ITEM(
  '') );
#12719 = CARTESIAN_POINT('',(-32.50000742,7.70998717));
#12720 = CARTESIAN_POINT('',(-36.9167369793,7.70998717));
#12721 = CARTESIAN_POINT('',(-34.70837219965,11.53498717));
#12722 = CARTESIAN_POINT('',(-32.50000742,15.35998717));
#12723 = CARTESIAN_POINT('',(-30.29164264035,11.53498717));
#12724 = CARTESIAN_POINT('',(-28.08327786069,7.70998717));
#12725 = CARTESIAN_POINT('',(-32.50000742,7.70998717));
#12726 = ( GEOMETRIC_REPRESENTATION_CONTEXT(2) 
PARAMETRIC_REPRESENTATION_CONTEXT() REPRESENTATION_CONTEXT('2D SPACE',''
  ) );
#12727 = PCURVE('',#12728,#12733);
#12728 = CONICAL_SURFACE('',#12729,1.45,0.785398163397);
#12729 = AXIS2_PLACEMENT_3D('',#12730,#12731,#12732);
#12730 = CARTESIAN_POINT('',(-32.50000742,10.25998717,100.4));
#12731 = DIRECTION('',(0.,0.,1.));
#12732 = DIRECTION('',(0.,-1.,0.));
#12733 = DEFINITIONAL_REPRESENTATION('',(#12734),#12738);
#12734 = LINE('',#12735,#12736);
#12735 = CARTESIAN_POINT('',(-0.,1.1));
#12736 = VECTOR('',#12737,1.);
#12737 = DIRECTION('',(-1.,0.));
#12738 = ( GEOMETRIC_REPRESENTATION_CONTEXT(2) 
PARAMETRIC_REPRESENTATION_CONTEXT() REPRESENTATION_CONTEXT('2D SPACE',''
  ) );
#12739 = FACE_BOUND('',#12740,.T.);
#12740 = EDGE_LOOP('undefined shape id',(#12741));
#12741 = ORIENTED_EDGE('',*,*,#12742,.T.);
#12742 = EDGE_CURVE('10_region1_34_Edge_0',#12743,#12743,#12745,.T.);
#12743 = VERTEX_POINT('10_region1_34_Vertex_0',#12744);
#12744 = CARTESIAN_POINT('',(32.49999258,7.70998717,101.5));
#12745 = SURFACE_CURVE('',#12746,(#12751,#12762),.PCURVE_S1.);
#12746 = CIRCLE('',#12747,2.55);
#12747 = AXIS2_PLACEMENT_3D('',#12748,#12749,#12750);
#12748 = CARTESIAN_POINT('',(32.49999258,10.25998717,101.5));
#12749 = DIRECTION('',(-0.,-0.,-1.));
#12750 = DIRECTION('',(0.,-1.,0.));
#12751 = PCURVE('',#12032,#12752);
#12752 = DEFINITIONAL_REPRESENTATION('',(#12753),#12761);
#12753 = ( BOUNDED_CURVE() B_SPLINE_CURVE(2,(#12754,#12755,#12756,#12757
    ,#12758,#12759,#12760),.UNSPECIFIED.,.T.,.F.) 
B_SPLINE_CURVE_WITH_KNOTS((1,2,2,2,2,1),(-2.094395102393,0.,
    2.094395102393,4.188790204786,6.28318530718,8.377580409573),
.UNSPECIFIED.) CURVE() GEOMETRIC_REPRESENTATION_ITEM() 
RATIONAL_B_SPLINE_CURVE((1.,0.5,1.,0.5,1.,0.5,1.)) REPRESENTATION_ITEM(
  '') );
#12754 = CARTESIAN_POINT('',(32.49999258,7.70998717));
#12755 = CARTESIAN_POINT('',(28.083263020699,7.70998717));
#12756 = CARTESIAN_POINT('',(30.29162780035,11.53498717));
#12757 = CARTESIAN_POINT('',(32.49999258,15.35998717));
#12758 = CARTESIAN_POINT('',(34.70835735965,11.53498717));
#12759 = CARTESIAN_POINT('',(36.916722139301,7.70998717));
#12760 = CARTESIAN_POINT('',(32.49999258,7.70998717));
#12761 = ( GEOMETRIC_REPRESENTATION_CONTEXT(2) 
PARAMETRIC_REPRESENTATION_CONTEXT() REPRESENTATION_CONTEXT('2D SPACE',''
  ) );
#12762 = PCURVE('',#12763,#12768);
#12763 = CONICAL_SURFACE('',#12764,1.45,0.785398163397);
#12764 = AXIS2_PLACEMENT_3D('',#12765,#12766,#12767);
#12765 = CARTESIAN_POINT('',(32.49999258,10.25998717,100.4));
#12766 = DIRECTION('',(0.,0.,1.));
#12767 = DIRECTION('',(0.,-1.,0.));
#12768 = DEFINITIONAL_REPRESENTATION('',(#12769),#12773);
#12769 = LINE('',#12770,#12771);
#12770 = CARTESIAN_POINT('',(-0.,1.1));
#12771 = VECTOR('',#12772,1.);
#12772 = DIRECTION('',(-1.,0.));
#12773 = ( GEOMETRIC_REPRESENTATION_CONTEXT(2) 
PARAMETRIC_REPRESENTATION_CONTEXT() REPRESENTATION_CONTEXT('2D SPACE',''
  ) );
#12774 = ADVANCED_FACE('4_region1_Face_30',(#12775),#12119,.F.);
#12775 = FACE_BOUND('',#12776,.F.);
#12776 = EDGE_LOOP('undefined shape id',(#12777,#12798,#12799,#12800));
#12777 = ORIENTED_EDGE('',*,*,#12778,.T.);
#12778 = EDGE_CURVE('4_region1_Edge_16',#12340,#12590,#12779,.T.);
#12779 = SURFACE_CURVE('',#12780,(#12784,#12791),.PCURVE_S1.);
#12780 = LINE('',#12781,#12782);
#12781 = CARTESIAN_POINT('',(-35.50000742,10.25998717,100.));
#12782 = VECTOR('',#12783,1.);
#12783 = DIRECTION('',(0.,0.,1.));
#12784 = PCURVE('',#12119,#12785);
#12785 = DEFINITIONAL_REPRESENTATION('',(#12786),#12790);
#12786 = LINE('',#12787,#12788);
#12787 = CARTESIAN_POINT('',(0.,0.));
#12788 = VECTOR('',#12789,1.);
#12789 = DIRECTION('',(0.,-1.));
#12790 = ( GEOMETRIC_REPRESENTATION_CONTEXT(2) 
PARAMETRIC_REPRESENTATION_CONTEXT() REPRESENTATION_CONTEXT('2D SPACE',''
  ) );
#12791 = PCURVE('',#12356,#12792);
#12792 = DEFINITIONAL_REPRESENTATION('',(#12793),#12797);
#12793 = LINE('',#12794,#12795);
#12794 = CARTESIAN_POINT('',(-3.14159265359,0.));
#12795 = VECTOR('',#12796,1.);
#12796 = DIRECTION('',(-0.,-1.));
#12797 = ( GEOMETRIC_REPRESENTATION_CONTEXT(2) 
PARAMETRIC_REPRESENTATION_CONTEXT() REPRESENTATION_CONTEXT('2D SPACE',''
  ) );
#12798 = ORIENTED_EDGE('',*,*,#12613,.T.);
#12799 = ORIENTED_EDGE('',*,*,#12101,.F.);
#12800 = ORIENTED_EDGE('',*,*,#12368,.F.);
#12801 = ADVANCED_FACE('4_region1_Face_16',(#12802),#12220,.F.);
#12802 = FACE_BOUND('',#12803,.F.);
#12803 = EDGE_LOOP('undefined shape id',(#12804,#12805,#12806,#12827));
#12804 = ORIENTED_EDGE('',*,*,#12204,.T.);
#12805 = ORIENTED_EDGE('',*,*,#12519,.T.);
#12806 = ORIENTED_EDGE('',*,*,#12807,.F.);
#12807 = EDGE_CURVE('4_region1_Edge_7',#12260,#12520,#12808,.T.);
#12808 = SURFACE_CURVE('',#12809,(#12813,#12820),.PCURVE_S1.);
#12809 = LINE('',#12810,#12811);
#12810 = CARTESIAN_POINT('',(35.49999258,10.25998717,100.));
#12811 = VECTOR('',#12812,1.);
#12812 = DIRECTION('',(0.,0.,1.));
#12813 = PCURVE('',#12220,#12814);
#12814 = DEFINITIONAL_REPRESENTATION('',(#12815),#12819);
#12815 = LINE('',#12816,#12817);
#12816 = CARTESIAN_POINT('',(20.52,0.));
#12817 = VECTOR('',#12818,1.);
#12818 = DIRECTION('',(0.,-1.));
#12819 = ( GEOMETRIC_REPRESENTATION_CONTEXT(2) 
PARAMETRIC_REPRESENTATION_CONTEXT() REPRESENTATION_CONTEXT('2D SPACE',''
  ) );
#12820 = PCURVE('',#12299,#12821);
#12821 = DEFINITIONAL_REPRESENTATION('',(#12822),#12826);
#12822 = LINE('',#12823,#12824);
#12823 = CARTESIAN_POINT('',(-0.,0.));
#12824 = VECTOR('',#12825,1.);
#12825 = DIRECTION('',(-0.,-1.));
#12826 = ( GEOMETRIC_REPRESENTATION_CONTEXT(2) 
PARAMETRIC_REPRESENTATION_CONTEXT() REPRESENTATION_CONTEXT('2D SPACE',''
  ) );
#12827 = ORIENTED_EDGE('',*,*,#12259,.F.);
#12828 = ADVANCED_FACE('4_region1_Face_26',(#12829),#12356,.T.);
#12829 = FACE_BOUND('',#12830,.F.);
#12830 = EDGE_LOOP('undefined shape id',(#12831,#12852,#12853,#12854));
#12831 = ORIENTED_EDGE('',*,*,#12832,.T.);
#12832 = EDGE_CURVE('4_region1_Edge_13',#12312,#12567,#12833,.T.);
#12833 = SURFACE_CURVE('',#12834,(#12838,#12845),.PCURVE_S1.);
#12834 = LINE('',#12835,#12836);
#12835 = CARTESIAN_POINT('',(-32.50000742,13.25998717,100.));
#12836 = VECTOR('',#12837,1.);
#12837 = DIRECTION('',(0.,0.,1.));
#12838 = PCURVE('',#12356,#12839);
#12839 = DEFINITIONAL_REPRESENTATION('',(#12840),#12844);
#12840 = LINE('',#12841,#12842);
#12841 = CARTESIAN_POINT('',(-1.570796326795,0.));
#12842 = VECTOR('',#12843,1.);
#12843 = DIRECTION('',(-0.,-1.));
#12844 = ( GEOMETRIC_REPRESENTATION_CONTEXT(2) 
PARAMETRIC_REPRESENTATION_CONTEXT() REPRESENTATION_CONTEXT('2D SPACE',''
  ) );
#12845 = PCURVE('',#12327,#12846);
#12846 = DEFINITIONAL_REPRESENTATION('',(#12847),#12851);
#12847 = LINE('',#12848,#12849);
#12848 = CARTESIAN_POINT('',(65.,0.));
#12849 = VECTOR('',#12850,1.);
#12850 = DIRECTION('',(0.,-1.));
#12851 = ( GEOMETRIC_REPRESENTATION_CONTEXT(2) 
PARAMETRIC_REPRESENTATION_CONTEXT() REPRESENTATION_CONTEXT('2D SPACE',''
  ) );
#12852 = ORIENTED_EDGE('',*,*,#12589,.T.);
#12853 = ORIENTED_EDGE('',*,*,#12778,.F.);
#12854 = ORIENTED_EDGE('',*,*,#12339,.F.);
#12855 = ADVANCED_FACE('4_region1_Face_19',(#12856),#12299,.T.);
#12856 = FACE_BOUND('',#12857,.F.);
#12857 = EDGE_LOOP('undefined shape id',(#12858,#12859,#12860,#12881));
#12858 = ORIENTED_EDGE('',*,*,#12807,.T.);
#12859 = ORIENTED_EDGE('',*,*,#12542,.T.);
#12860 = ORIENTED_EDGE('',*,*,#12861,.F.);
#12861 = EDGE_CURVE('4_region1_Edge_10',#12283,#12543,#12862,.T.);
#12862 = SURFACE_CURVE('',#12863,(#12867,#12874),.PCURVE_S1.);
#12863 = LINE('',#12864,#12865);
#12864 = CARTESIAN_POINT('',(32.49999258,13.25998717,100.));
#12865 = VECTOR('',#12866,1.);
#12866 = DIRECTION('',(0.,0.,1.));
#12867 = PCURVE('',#12299,#12868);
#12868 = DEFINITIONAL_REPRESENTATION('',(#12869),#12873);
#12869 = LINE('',#12870,#12871);
#12870 = CARTESIAN_POINT('',(-1.570796326795,0.));
#12871 = VECTOR('',#12872,1.);
#12872 = DIRECTION('',(-0.,-1.));
#12873 = ( GEOMETRIC_REPRESENTATION_CONTEXT(2) 
PARAMETRIC_REPRESENTATION_CONTEXT() REPRESENTATION_CONTEXT('2D SPACE',''
  ) );
#12874 = PCURVE('',#12327,#12875);
#12875 = DEFINITIONAL_REPRESENTATION('',(#12876),#12880);
#12876 = LINE('',#12877,#12878);
#12877 = CARTESIAN_POINT('',(0.,-0.));
#12878 = VECTOR('',#12879,1.);
#12879 = DIRECTION('',(0.,-1.));
#12880 = ( GEOMETRIC_REPRESENTATION_CONTEXT(2) 
PARAMETRIC_REPRESENTATION_CONTEXT() REPRESENTATION_CONTEXT('2D SPACE',''
  ) );
#12881 = ORIENTED_EDGE('',*,*,#12282,.F.);
#12882 = ADVANCED_FACE('4_region1_Face_23',(#12883),#12327,.F.);
#12883 = FACE_BOUND('',#12884,.F.);
#12884 = EDGE_LOOP('undefined shape id',(#12885,#12886,#12887,#12888));
#12885 = ORIENTED_EDGE('',*,*,#12861,.T.);
#12886 = ORIENTED_EDGE('',*,*,#12566,.T.);
#12887 = ORIENTED_EDGE('',*,*,#12832,.F.);
#12888 = ORIENTED_EDGE('',*,*,#12311,.F.);
#12889 = ADVANCED_FACE('10_Sub_9c95473273f877aaee95ec7a65213063_Face_14'
  ,(#12890),#12409,.F.);
#12890 = FACE_BOUND('',#12891,.T.);
#12891 = EDGE_LOOP('undefined shape id',(#12892,#12893,#12916,#12938));
#12892 = ORIENTED_EDGE('',*,*,#12392,.F.);
#12893 = ORIENTED_EDGE('',*,*,#12894,.T.);
#12894 = EDGE_CURVE('10_region1_14_Edge_5',#12393,#12895,#12897,.T.);
#12895 = VERTEX_POINT('10_region1_14_Vertex_3',#12896);
#12896 = CARTESIAN_POINT('',(-32.50000742,-11.71001283,100.4));
#12897 = SEAM_CURVE('',#12898,(#12902,#12909),.PCURVE_S1.);
#12898 = LINE('',#12899,#12900);
#12899 = CARTESIAN_POINT('',(-32.50000742,-11.71001283,91.5));
#12900 = VECTOR('',#12901,1.);
#12901 = DIRECTION('',(0.,0.,1.));
#12902 = PCURVE('',#12409,#12903);
#12903 = DEFINITIONAL_REPRESENTATION('',(#12904),#12908);
#12904 = LINE('',#12905,#12906);
#12905 = CARTESIAN_POINT('',(-0.,0.));
#12906 = VECTOR('',#12907,1.);
#12907 = DIRECTION('',(-0.,1.));
#12908 = ( GEOMETRIC_REPRESENTATION_CONTEXT(2) 
PARAMETRIC_REPRESENTATION_CONTEXT() REPRESENTATION_CONTEXT('2D SPACE',''
  ) );
#12909 = PCURVE('',#12409,#12910);
#12910 = DEFINITIONAL_REPRESENTATION('',(#12911),#12915);
#12911 = LINE('',#12912,#12913);
#12912 = CARTESIAN_POINT('',(-6.28318530718,0.));
#12913 = VECTOR('',#12914,1.);
#12914 = DIRECTION('',(-0.,1.));
#12915 = ( GEOMETRIC_REPRESENTATION_CONTEXT(2) 
PARAMETRIC_REPRESENTATION_CONTEXT() REPRESENTATION_CONTEXT('2D SPACE',''
  ) );
#12916 = ORIENTED_EDGE('',*,*,#12917,.F.);
#12917 = EDGE_CURVE('10_region1_34_Edge_4',#12895,#12895,#12918,.T.);
#12918 = SURFACE_CURVE('',#12919,(#12924,#12931),.PCURVE_S1.);
#12919 = CIRCLE('',#12920,1.45);
#12920 = AXIS2_PLACEMENT_3D('',#12921,#12922,#12923);
#12921 = CARTESIAN_POINT('',(-32.50000742,-10.26001283,100.4));
#12922 = DIRECTION('',(-0.,-0.,-1.));
#12923 = DIRECTION('',(0.,-1.,0.));
#12924 = PCURVE('',#12409,#12925);
#12925 = DEFINITIONAL_REPRESENTATION('',(#12926),#12930);
#12926 = LINE('',#12927,#12928);
#12927 = CARTESIAN_POINT('',(-0.,8.9));
#12928 = VECTOR('',#12929,1.);
#12929 = DIRECTION('',(-1.,0.));
#12930 = ( GEOMETRIC_REPRESENTATION_CONTEXT(2) 
PARAMETRIC_REPRESENTATION_CONTEXT() REPRESENTATION_CONTEXT('2D SPACE',''
  ) );
#12931 = PCURVE('',#12658,#12932);
#12932 = DEFINITIONAL_REPRESENTATION('',(#12933),#12937);
#12933 = LINE('',#12934,#12935);
#12934 = CARTESIAN_POINT('',(-0.,0.));
#12935 = VECTOR('',#12936,1.);
#12936 = DIRECTION('',(-1.,0.));
#12937 = ( GEOMETRIC_REPRESENTATION_CONTEXT(2) 
PARAMETRIC_REPRESENTATION_CONTEXT() REPRESENTATION_CONTEXT('2D SPACE',''
  ) );
#12938 = ORIENTED_EDGE('',*,*,#12894,.F.);
#12939 = ADVANCED_FACE('10_Sub_9c95473273f877aaee95ec7a65213063_Face_15'
  ,(#12940),#12440,.F.);
#12940 = FACE_BOUND('',#12941,.T.);
#12941 = EDGE_LOOP('undefined shape id',(#12942,#12943,#12966,#12988));
#12942 = ORIENTED_EDGE('',*,*,#12423,.F.);
#12943 = ORIENTED_EDGE('',*,*,#12944,.T.);
#12944 = EDGE_CURVE('10_region1_24_Edge_5',#12424,#12945,#12947,.T.);
#12945 = VERTEX_POINT('10_region1_24_Vertex_3',#12946);
#12946 = CARTESIAN_POINT('',(32.49999258,-11.71001283,100.4));
#12947 = SEAM_CURVE('',#12948,(#12952,#12959),.PCURVE_S1.);
#12948 = LINE('',#12949,#12950);
#12949 = CARTESIAN_POINT('',(32.49999258,-11.71001283,91.5));
#12950 = VECTOR('',#12951,1.);
#12951 = DIRECTION('',(0.,0.,1.));
#12952 = PCURVE('',#12440,#12953);
#12953 = DEFINITIONAL_REPRESENTATION('',(#12954),#12958);
#12954 = LINE('',#12955,#12956);
#12955 = CARTESIAN_POINT('',(-0.,0.));
#12956 = VECTOR('',#12957,1.);
#12957 = DIRECTION('',(-0.,1.));
#12958 = ( GEOMETRIC_REPRESENTATION_CONTEXT(2) 
PARAMETRIC_REPRESENTATION_CONTEXT() REPRESENTATION_CONTEXT('2D SPACE',''
  ) );
#12959 = PCURVE('',#12440,#12960);
#12960 = DEFINITIONAL_REPRESENTATION('',(#12961),#12965);
#12961 = LINE('',#12962,#12963);
#12962 = CARTESIAN_POINT('',(-6.28318530718,0.));
#12963 = VECTOR('',#12964,1.);
#12964 = DIRECTION('',(-0.,1.));
#12965 = ( GEOMETRIC_REPRESENTATION_CONTEXT(2) 
PARAMETRIC_REPRESENTATION_CONTEXT() REPRESENTATION_CONTEXT('2D SPACE',''
  ) );
#12966 = ORIENTED_EDGE('',*,*,#12967,.F.);
#12967 = EDGE_CURVE('',#12945,#12945,#12968,.T.);
#12968 = SURFACE_CURVE('',#12969,(#12974,#12981),.PCURVE_S1.);
#12969 = CIRCLE('',#12970,1.45);
#12970 = AXIS2_PLACEMENT_3D('',#12971,#12972,#12973);
#12971 = CARTESIAN_POINT('',(32.49999258,-10.26001283,100.4));
#12972 = DIRECTION('',(-0.,-0.,-1.));
#12973 = DIRECTION('',(0.,-1.,0.));
#12974 = PCURVE('',#12440,#12975);
#12975 = DEFINITIONAL_REPRESENTATION('',(#12976),#12980);
#12976 = LINE('',#12977,#12978);
#12977 = CARTESIAN_POINT('',(-0.,8.9));
#12978 = VECTOR('',#12979,1.);
#12979 = DIRECTION('',(-1.,0.));
#12980 = ( GEOMETRIC_REPRESENTATION_CONTEXT(2) 
PARAMETRIC_REPRESENTATION_CONTEXT() REPRESENTATION_CONTEXT('2D SPACE',''
  ) );
#12981 = PCURVE('',#12693,#12982);
#12982 = DEFINITIONAL_REPRESENTATION('',(#12983),#12987);
#12983 = LINE('',#12984,#12985);
#12984 = CARTESIAN_POINT('',(-0.,0.));
#12985 = VECTOR('',#12986,1.);
#12986 = DIRECTION('',(-1.,0.));
#12987 = ( GEOMETRIC_REPRESENTATION_CONTEXT(2) 
PARAMETRIC_REPRESENTATION_CONTEXT() REPRESENTATION_CONTEXT('2D SPACE',''
  ) );
#12988 = ORIENTED_EDGE('',*,*,#12944,.F.);
#12989 = ADVANCED_FACE('10_Sub_9c95473273f877aaee95ec7a65213063_Face_16'
  ,(#12990),#12471,.F.);
#12990 = FACE_BOUND('',#12991,.T.);
#12991 = EDGE_LOOP('undefined shape id',(#12992,#12993,#13016,#13038));
#12992 = ORIENTED_EDGE('',*,*,#12454,.F.);
#12993 = ORIENTED_EDGE('',*,*,#12994,.T.);
#12994 = EDGE_CURVE('10_region1_4_Edge_5',#12455,#12995,#12997,.T.);
#12995 = VERTEX_POINT('10_region1_4_Vertex_3',#12996);
#12996 = CARTESIAN_POINT('',(-32.50000742,8.80998717,100.4));
#12997 = SEAM_CURVE('',#12998,(#13002,#13009),.PCURVE_S1.);
#12998 = LINE('',#12999,#13000);
#12999 = CARTESIAN_POINT('',(-32.50000742,8.80998717,91.5));
#13000 = VECTOR('',#13001,1.);
#13001 = DIRECTION('',(0.,0.,1.));
#13002 = PCURVE('',#12471,#13003);
#13003 = DEFINITIONAL_REPRESENTATION('',(#13004),#13008);
#13004 = LINE('',#13005,#13006);
#13005 = CARTESIAN_POINT('',(-0.,0.));
#13006 = VECTOR('',#13007,1.);
#13007 = DIRECTION('',(-0.,1.));
#13008 = ( GEOMETRIC_REPRESENTATION_CONTEXT(2) 
PARAMETRIC_REPRESENTATION_CONTEXT() REPRESENTATION_CONTEXT('2D SPACE',''
  ) );
#13009 = PCURVE('',#12471,#13010);
#13010 = DEFINITIONAL_REPRESENTATION('',(#13011),#13015);
#13011 = LINE('',#13012,#13013);
#13012 = CARTESIAN_POINT('',(-6.28318530718,0.));
#13013 = VECTOR('',#13014,1.);
#13014 = DIRECTION('',(-0.,1.));
#13015 = ( GEOMETRIC_REPRESENTATION_CONTEXT(2) 
PARAMETRIC_REPRESENTATION_CONTEXT() REPRESENTATION_CONTEXT('2D SPACE',''
  ) );
#13016 = ORIENTED_EDGE('',*,*,#13017,.F.);
#13017 = EDGE_CURVE('',#12995,#12995,#13018,.T.);
#13018 = SURFACE_CURVE('',#13019,(#13024,#13031),.PCURVE_S1.);
#13019 = CIRCLE('',#13020,1.45);
#13020 = AXIS2_PLACEMENT_3D('',#13021,#13022,#13023);
#13021 = CARTESIAN_POINT('',(-32.50000742,10.25998717,100.4));
#13022 = DIRECTION('',(-0.,-0.,-1.));
#13023 = DIRECTION('',(0.,-1.,0.));
#13024 = PCURVE('',#12471,#13025);
#13025 = DEFINITIONAL_REPRESENTATION('',(#13026),#13030);
#13026 = LINE('',#13027,#13028);
#13027 = CARTESIAN_POINT('',(-0.,8.9));
#13028 = VECTOR('',#13029,1.);
#13029 = DIRECTION('',(-1.,0.));
#13030 = ( GEOMETRIC_REPRESENTATION_CONTEXT(2) 
PARAMETRIC_REPRESENTATION_CONTEXT() REPRESENTATION_CONTEXT('2D SPACE',''
  ) );
#13031 = PCURVE('',#12728,#13032);
#13032 = DEFINITIONAL_REPRESENTATION('',(#13033),#13037);
#13033 = LINE('',#13034,#13035);
#13034 = CARTESIAN_POINT('',(-0.,0.));
#13035 = VECTOR('',#13036,1.);
#13036 = DIRECTION('',(-1.,0.));
#13037 = ( GEOMETRIC_REPRESENTATION_CONTEXT(2) 
PARAMETRIC_REPRESENTATION_CONTEXT() REPRESENTATION_CONTEXT('2D SPACE',''
  ) );
#13038 = ORIENTED_EDGE('',*,*,#12994,.F.);
#13039 = ADVANCED_FACE('10_Sub_9c95473273f877aaee95ec7a65213063_Face_17'
  ,(#13040),#12502,.F.);
#13040 = FACE_BOUND('',#13041,.T.);
#13041 = EDGE_LOOP('undefined shape id',(#13042,#13043,#13066,#13088));
#13042 = ORIENTED_EDGE('',*,*,#12485,.F.);
#13043 = ORIENTED_EDGE('',*,*,#13044,.T.);
#13044 = EDGE_CURVE('10_region1_34_Edge_5',#12486,#13045,#13047,.T.);
#13045 = VERTEX_POINT('10_region1_34_Vertex_3',#13046);
#13046 = CARTESIAN_POINT('',(32.49999258,8.80998717,100.4));
#13047 = SEAM_CURVE('',#13048,(#13052,#13059),.PCURVE_S1.);
#13048 = LINE('',#13049,#13050);
#13049 = CARTESIAN_POINT('',(32.49999258,8.80998717,91.5));
#13050 = VECTOR('',#13051,1.);
#13051 = DIRECTION('',(0.,0.,1.));
#13052 = PCURVE('',#12502,#13053);
#13053 = DEFINITIONAL_REPRESENTATION('',(#13054),#13058);
#13054 = LINE('',#13055,#13056);
#13055 = CARTESIAN_POINT('',(-0.,0.));
#13056 = VECTOR('',#13057,1.);
#13057 = DIRECTION('',(-0.,1.));
#13058 = ( GEOMETRIC_REPRESENTATION_CONTEXT(2) 
PARAMETRIC_REPRESENTATION_CONTEXT() REPRESENTATION_CONTEXT('2D SPACE',''
  ) );
#13059 = PCURVE('',#12502,#13060);
#13060 = DEFINITIONAL_REPRESENTATION('',(#13061),#13065);
#13061 = LINE('',#13062,#13063);
#13062 = CARTESIAN_POINT('',(-6.28318530718,0.));
#13063 = VECTOR('',#13064,1.);
#13064 = DIRECTION('',(-0.,1.));
#13065 = ( GEOMETRIC_REPRESENTATION_CONTEXT(2) 
PARAMETRIC_REPRESENTATION_CONTEXT() REPRESENTATION_CONTEXT('2D SPACE',''
  ) );
#13066 = ORIENTED_EDGE('',*,*,#13067,.F.);
#13067 = EDGE_CURVE('',#13045,#13045,#13068,.T.);
#13068 = SURFACE_CURVE('',#13069,(#13074,#13081),.PCURVE_S1.);
#13069 = CIRCLE('',#13070,1.45);
#13070 = AXIS2_PLACEMENT_3D('',#13071,#13072,#13073);
#13071 = CARTESIAN_POINT('',(32.49999258,10.25998717,100.4));
#13072 = DIRECTION('',(-0.,-0.,-1.));
#13073 = DIRECTION('',(0.,-1.,0.));
#13074 = PCURVE('',#12502,#13075);
#13075 = DEFINITIONAL_REPRESENTATION('',(#13076),#13080);
#13076 = LINE('',#13077,#13078);
#13077 = CARTESIAN_POINT('',(-0.,8.9));
#13078 = VECTOR('',#13079,1.);
#13079 = DIRECTION('',(-1.,0.));
#13080 = ( GEOMETRIC_REPRESENTATION_CONTEXT(2) 
PARAMETRIC_REPRESENTATION_CONTEXT() REPRESENTATION_CONTEXT('2D SPACE',''
  ) );
#13081 = PCURVE('',#12763,#13082);
#13082 = DEFINITIONAL_REPRESENTATION('',(#13083),#13087);
#13083 = LINE('',#13084,#13085);
#13084 = CARTESIAN_POINT('',(-0.,0.));
#13085 = VECTOR('',#13086,1.);
#13086 = DIRECTION('',(-1.,0.));
#13087 = ( GEOMETRIC_REPRESENTATION_CONTEXT(2) 
PARAMETRIC_REPRESENTATION_CONTEXT() REPRESENTATION_CONTEXT('2D SPACE',''
  ) );
#13088 = ORIENTED_EDGE('',*,*,#13044,.F.);
#13089 = ADVANCED_FACE('10_region1_14_Face_10',(#13090),#12658,.F.);
#13090 = FACE_BOUND('',#13091,.T.);
#13091 = EDGE_LOOP('undefined shape id',(#13092,#13113,#13114,#13115));
#13092 = ORIENTED_EDGE('',*,*,#13093,.F.);
#13093 = EDGE_CURVE('10_region1_14_Edge_6',#12895,#12638,#13094,.T.);
#13094 = SEAM_CURVE('',#13095,(#13099,#13106),.PCURVE_S1.);
#13095 = LINE('',#13096,#13097);
#13096 = CARTESIAN_POINT('',(-32.50000742,-11.71001283,100.4));
#13097 = VECTOR('',#13098,1.);
#13098 = DIRECTION('',(0.,-0.707106781187,0.707106781187));
#13099 = PCURVE('',#12658,#13100);
#13100 = DEFINITIONAL_REPRESENTATION('',(#13101),#13105);
#13101 = LINE('',#13102,#13103);
#13102 = CARTESIAN_POINT('',(-0.,0.));
#13103 = VECTOR('',#13104,1.);
#13104 = DIRECTION('',(-0.,1.));
#13105 = ( GEOMETRIC_REPRESENTATION_CONTEXT(2) 
PARAMETRIC_REPRESENTATION_CONTEXT() REPRESENTATION_CONTEXT('2D SPACE',''
  ) );
#13106 = PCURVE('',#12658,#13107);
#13107 = DEFINITIONAL_REPRESENTATION('',(#13108),#13112);
#13108 = LINE('',#13109,#13110);
#13109 = CARTESIAN_POINT('',(-6.28318530718,0.));
#13110 = VECTOR('',#13111,1.);
#13111 = DIRECTION('',(-0.,1.));
#13112 = ( GEOMETRIC_REPRESENTATION_CONTEXT(2) 
PARAMETRIC_REPRESENTATION_CONTEXT() REPRESENTATION_CONTEXT('2D SPACE',''
  ) );
#13113 = ORIENTED_EDGE('',*,*,#12917,.T.);
#13114 = ORIENTED_EDGE('',*,*,#13093,.T.);
#13115 = ORIENTED_EDGE('',*,*,#12637,.F.);
#13116 = ADVANCED_FACE('10_region1_24_Face_10',(#13117),#12693,.F.);
#13117 = FACE_BOUND('',#13118,.T.);
#13118 = EDGE_LOOP('undefined shape id',(#13119,#13140,#13141,#13142));
#13119 = ORIENTED_EDGE('',*,*,#13120,.F.);
#13120 = EDGE_CURVE('10_region1_24_Edge_6',#12945,#12673,#13121,.T.);
#13121 = SEAM_CURVE('',#13122,(#13126,#13133),.PCURVE_S1.);
#13122 = LINE('',#13123,#13124);
#13123 = CARTESIAN_POINT('',(32.49999258,-11.71001283,100.4));
#13124 = VECTOR('',#13125,1.);
#13125 = DIRECTION('',(0.,-0.707106781187,0.707106781187));
#13126 = PCURVE('',#12693,#13127);
#13127 = DEFINITIONAL_REPRESENTATION('',(#13128),#13132);
#13128 = LINE('',#13129,#13130);
#13129 = CARTESIAN_POINT('',(-0.,0.));
#13130 = VECTOR('',#13131,1.);
#13131 = DIRECTION('',(-0.,1.));
#13132 = ( GEOMETRIC_REPRESENTATION_CONTEXT(2) 
PARAMETRIC_REPRESENTATION_CONTEXT() REPRESENTATION_CONTEXT('2D SPACE',''
  ) );
#13133 = PCURVE('',#12693,#13134);
#13134 = DEFINITIONAL_REPRESENTATION('',(#13135),#13139);
#13135 = LINE('',#13136,#13137);
#13136 = CARTESIAN_POINT('',(-6.28318530718,0.));
#13137 = VECTOR('',#13138,1.);
#13138 = DIRECTION('',(-0.,1.));
#13139 = ( GEOMETRIC_REPRESENTATION_CONTEXT(2) 
PARAMETRIC_REPRESENTATION_CONTEXT() REPRESENTATION_CONTEXT('2D SPACE',''
  ) );
#13140 = ORIENTED_EDGE('',*,*,#12967,.T.);
#13141 = ORIENTED_EDGE('',*,*,#13120,.T.);
#13142 = ORIENTED_EDGE('',*,*,#12672,.F.);
#13143 = ADVANCED_FACE('10_region1_4_Face_10',(#13144),#12728,.F.);
#13144 = FACE_BOUND('',#13145,.T.);
#13145 = EDGE_LOOP('undefined shape id',(#13146,#13167,#13168,#13169));
#13146 = ORIENTED_EDGE('',*,*,#13147,.F.);
#13147 = EDGE_CURVE('10_region1_4_Edge_6',#12995,#12708,#13148,.T.);
#13148 = SEAM_CURVE('',#13149,(#13153,#13160),.PCURVE_S1.);
#13149 = LINE('',#13150,#13151);
#13150 = CARTESIAN_POINT('',(-32.50000742,8.80998717,100.4));
#13151 = VECTOR('',#13152,1.);
#13152 = DIRECTION('',(0.,-0.707106781187,0.707106781187));
#13153 = PCURVE('',#12728,#13154);
#13154 = DEFINITIONAL_REPRESENTATION('',(#13155),#13159);
#13155 = LINE('',#13156,#13157);
#13156 = CARTESIAN_POINT('',(-0.,0.));
#13157 = VECTOR('',#13158,1.);
#13158 = DIRECTION('',(-0.,1.));
#13159 = ( GEOMETRIC_REPRESENTATION_CONTEXT(2) 
PARAMETRIC_REPRESENTATION_CONTEXT() REPRESENTATION_CONTEXT('2D SPACE',''
  ) );
#13160 = PCURVE('',#12728,#13161);
#13161 = DEFINITIONAL_REPRESENTATION('',(#13162),#13166);
#13162 = LINE('',#13163,#13164);
#13163 = CARTESIAN_POINT('',(-6.28318530718,0.));
#13164 = VECTOR('',#13165,1.);
#13165 = DIRECTION('',(-0.,1.));
#13166 = ( GEOMETRIC_REPRESENTATION_CONTEXT(2) 
PARAMETRIC_REPRESENTATION_CONTEXT() REPRESENTATION_CONTEXT('2D SPACE',''
  ) );
#13167 = ORIENTED_EDGE('',*,*,#13017,.T.);
#13168 = ORIENTED_EDGE('',*,*,#13147,.T.);
#13169 = ORIENTED_EDGE('',*,*,#12707,.F.);
#13170 = ADVANCED_FACE('10_region1_34_Face_10',(#13171),#12763,.F.);
#13171 = FACE_BOUND('',#13172,.T.);
#13172 = EDGE_LOOP('undefined shape id',(#13173,#13194,#13195,#13196));
#13173 = ORIENTED_EDGE('',*,*,#13174,.F.);
#13174 = EDGE_CURVE('10_region1_34_Edge_6',#13045,#12743,#13175,.T.);
#13175 = SEAM_CURVE('',#13176,(#13180,#13187),.PCURVE_S1.);
#13176 = LINE('',#13177,#13178);
#13177 = CARTESIAN_POINT('',(32.49999258,8.80998717,100.4));
#13178 = VECTOR('',#13179,1.);
#13179 = DIRECTION('',(0.,-0.707106781187,0.707106781187));
#13180 = PCURVE('',#12763,#13181);
#13181 = DEFINITIONAL_REPRESENTATION('',(#13182),#13186);
#13182 = LINE('',#13183,#13184);
#13183 = CARTESIAN_POINT('',(-0.,0.));
#13184 = VECTOR('',#13185,1.);
#13185 = DIRECTION('',(-0.,1.));
#13186 = ( GEOMETRIC_REPRESENTATION_CONTEXT(2) 
PARAMETRIC_REPRESENTATION_CONTEXT() REPRESENTATION_CONTEXT('2D SPACE',''
  ) );
#13187 = PCURVE('',#12763,#13188);
#13188 = DEFINITIONAL_REPRESENTATION('',(#13189),#13193);
#13189 = LINE('',#13190,#13191);
#13190 = CARTESIAN_POINT('',(-6.28318530718,0.));
#13191 = VECTOR('',#13192,1.);
#13192 = DIRECTION('',(-0.,1.));
#13193 = ( GEOMETRIC_REPRESENTATION_CONTEXT(2) 
PARAMETRIC_REPRESENTATION_CONTEXT() REPRESENTATION_CONTEXT('2D SPACE',''
  ) );
#13194 = ORIENTED_EDGE('',*,*,#13067,.T.);
#13195 = ORIENTED_EDGE('',*,*,#13174,.T.);
#13196 = ORIENTED_EDGE('',*,*,#12742,.F.);
#13197 = ( GEOMETRIC_REPRESENTATION_CONTEXT(3) 
GLOBAL_UNCERTAINTY_ASSIGNED_CONTEXT((#13201)) 
GLOBAL_UNIT_ASSIGNED_CONTEXT((#13198,#13199,#13200)) 
REPRESENTATION_CONTEXT('Context #1',
  '3D Context with UNIT and UNCERTAINTY') );
#13198 = ( LENGTH_UNIT() NAMED_UNIT(*) SI_UNIT(.MILLI.,.METRE.) );
#13199 = ( NAMED_UNIT(*) PLANE_ANGLE_UNIT() SI_UNIT($,.RADIAN.) );
#13200 = ( NAMED_UNIT(*) SI_UNIT($,.STERADIAN.) SOLID_ANGLE_UNIT() );
#13201 = UNCERTAINTY_MEASURE_WITH_UNIT(LENGTH_MEASURE(1.E-07),#13198,
  'distance_accuracy_value','confusion accuracy');
#13202 = SHAPE_DEFINITION_REPRESENTATION(#13203,#11974);
#13203 = PRODUCT_DEFINITION_SHAPE('','',#13204);
#13204 = PRODUCT_DEFINITION('design','',#13205,#13208);
#13205 = PRODUCT_DEFINITION_FORMATION('','',#13206);
#13206 = PRODUCT('SOLID','SOLID','',(#13207));
#13207 = PRODUCT_CONTEXT('',#2,'mechanical');
#13208 = PRODUCT_DEFINITION_CONTEXT('part definition',#2,'design');
#13209 = CONTEXT_DEPENDENT_SHAPE_REPRESENTATION(#13210,#13212);
#13210 = ( REPRESENTATION_RELATIONSHIP('','',#11974,#11963) 
REPRESENTATION_RELATIONSHIP_WITH_TRANSFORMATION(#13211) 
SHAPE_REPRESENTATION_RELATIONSHIP() );
#13211 = ITEM_DEFINED_TRANSFORMATION('','',#11,#11964);
#13212 = PRODUCT_DEFINITION_SHAPE('Placement','Placement of an item',
  #13213);
#13213 = NEXT_ASSEMBLY_USAGE_OCCURRENCE('4','=>[0:1:1:8]','',#11958,
  #13204,$);
#13214 = PRODUCT_RELATED_PRODUCT_CATEGORY('part',$,(#13206));
ENDSEC;
END-ISO-10303-21;
