set_nA,rep,true_nA,dev_nA,dev_ext_nA,m,n,int1,int2,ext1,ext2,t_ms,mode,wave_min,wave_max,wave_mean,wave_bad,rng_A,baud,warmup,t_settle_ms,t_warm_ms,t_meas_ms,t_xfer_ms,npz,line
5.0,1,4.998654999999999,5.039,5.039,2831,3419,31180,50899,31180,50899,1000,1,2023,59478,30607.8,0,1e-08,921600,always,3281,1003,1190,146,w_p0005_0000_r1.npz,I=+5.039 nA X=+5.039 nA MODE=1 T=1000ms RAW m=2831 n=3419 INT1=31180 INT2=50899 EXT1=31180 EXT2=50899
5.0,2,4.9987200000000005,5.057,5.057,2798,3452,30363,16518,30363,16518,1000,1,2095,59535,31032.8,0,1e-08,921600,always,3281,1003,1219,146,w_p0005_0000_r2.npz,I=+5.057 nA X=+5.057 nA MODE=1 T=1000ms RAW m=2798 n=3452 INT1=30363 INT2=16518 EXT1=30363 EXT2=16518
5.0,3,4.998756666666667,5.059,5.059,2796,3454,30354,14507,30354,14507,1000,1,2100,59519,31025.3,0,1e-08,921600,always,3281,1003,1179,10989,w_p0005_0000_r3.npz,I=+5.059 nA X=+5.059 nA MODE=1 T=1000ms RAW m=2796 n=3454 INT1=30354 INT2=14507 EXT1=30354 EXT2=14507
5.5,1,5.49871,5.549,5.549,2787,3463,31143,37969,31143,37969,1000,1,2240,59595,30640.4,0,1e-08,921600,always,3500,1019,1186,147,w_p0005_5000_r1.npz,I=+5.549 nA X=+5.549 nA MODE=1 T=1000ms RAW m=2787 n=3463 INT1=31143 INT2=37969 EXT1=31143 EXT2=37969
5.5,2,5.49877,5.557,5.557,2775,3475,30496,25158,30496,25158,1000,1,2238,59567,31140.9,0,1e-08,921600,always,3500,1019,1178,146,w_p0005_5000_r2.npz,I=+5.557 nA X=+5.557 nA MODE=1 T=1000ms RAW m=2775 n=3475 INT1=30496 INT2=25158 EXT1=30496 EXT2=25158
5.5,3,5.498676666666666,5.557,5.557,2776,3474,30427,26149,30427,26149,1000,1,2204,59586,31170.0,0,1e-08,921600,always,3500,1019,1188,146,w_p0005_5000_r3.npz,I=+5.557 nA X=+5.557 nA MODE=1 T=1000ms RAW m=2776 n=3474 INT1=30427 INT2=26149 EXT1=30427 EXT2=26149
6.0,1,5.9988366666666675,6.058,6.058,2750,3500,31396,32539,31396,32539,1000,1,2083,59537,30588.6,0,1e-08,921600,always,3500,1019,1178,10835,w_p0006_0000_r1.npz,I=+6.058 nA X=+6.058 nA MODE=1 T=1000ms RAW m=2750 n=3500 INT1=31396 INT2=32539 EXT1=31396 EXT2=32539
6.0,2,5.9988150000000005,6.063,6.063,2745,3505,30533,26735,30533,26735,1000,1,2121,59506,31079.0,0,1e-08,921600,always,3500,1019,1186,147,w_p0006_0000_r2.npz,I=+6.063 nA X=+6.063 nA MODE=1 T=1000ms RAW m=2745 n=3505 INT1=30533 INT2=26735 EXT1=30533 EXT2=26735
6.0,3,5.998740000000001,6.061,6.061,2745,3505,30522,26597,30522,26597,1000,1,2053,59612,31079.7,0,1e-08,921600,always,3500,1019,1179,146,w_p0006_0000_r3.npz,I=+6.061 nA X=+6.061 nA MODE=1 T=1000ms RAW m=2745 n=3505 INT1=30522 INT2=26597 EXT1=30522 EXT2=26597
6.5,1,6.498656666666667,6.562,6.562,2719,3531,30694,32252,30694,32252,1000,1,2155,59527,31117.5,0,1e-08,921600,always,3502,1020,1179,146,w_p0006_5000_r1.npz,I=+6.562 nA X=+6.562 nA MODE=1 T=1000ms RAW m=2719 n=3531 INT1=30694 INT2=32252 EXT1=30694 EXT2=32252
6.5,2,6.498693333333334,6.563,6.563,2720,3530,30574,33250,30574,33250,1000,1,2046,59494,31092.7,0,1e-08,921600,always,3502,1020,1178,147,w_p0006_5000_r2.npz,I=+6.563 nA X=+6.563 nA MODE=1 T=1000ms RAW m=2720 n=3530 INT1=30574 INT2=33250 EXT1=30574 EXT2=33250
6.5,3,6.498749999999999,6.561,6.561,2721,3529,30641,34245,30641,34245,1000,1,2085,59538,31093.9,0,1e-08,921600,always,3502,1020,1178,146,w_p0006_5000_r3.npz,I=+6.561 nA X=+6.561 nA MODE=1 T=1000ms RAW m=2721 n=3529 INT1=30641 INT2=34245 EXT1=30641 EXT2=34245
7.0,1,6.998600000000001,7.063,7.063,2698,3552,30410,42634,30410,42634,1000,1,2118,59670,31094.7,0,1e-08,921600,always,3534,1019,1186,146,w_p0007_0000_r1.npz,I=+7.063 nA X=+7.063 nA MODE=1 T=1000ms RAW m=2698 n=3552 INT1=30410 INT2=42634 EXT1=30410 EXT2=42634
7.0,2,6.998606666666666,7.065,7.065,2696,3554,30687,40972,30687,40972,1000,1,2043,59573,31037.4,0,1e-08,921600,always,3534,1019,1180,146,w_p0007_0000_r2.npz,I=+7.065 nA X=+7.065 nA MODE=1 T=1000ms RAW m=2696 n=3554 INT1=30687 INT2=40972 EXT1=30687 EXT2=40972
7.0,3,6.998586666666667,7.066,7.066,2696,3554,30726,41027,30726,41027,1000,1,1873,59569,31025.8,0,1e-08,921600,always,3534,1019,1178,146,w_p0007_0000_r3.npz,I=+7.066 nA X=+7.066 nA MODE=1 T=1000ms RAW m=2696 n=3554 INT1=30726 INT2=41027 EXT1=30726 EXT2=41027
7.5,1,7.498583333333333,7.563,7.563,2673,3577,30768,49435,30768,49435,1000,1,2005,59569,31019.9,0,1e-08,921600,always,3500,1020,1178,146,w_p0007_5000_r1.npz,I=+7.563 nA X=+7.563 nA MODE=1 T=1000ms RAW m=2673 n=3577 INT1=30768 INT2=49435 EXT1=30768 EXT2=49435
7.5,2,7.498616666666666,7.566,7.566,2670,3580,30362,46045,30362,46045,1000,1,2117,59543,31049.6,0,1e-08,921600,always,3500,1020,1178,147,w_p0007_5000_r2.npz,I=+7.566 nA X=+7.566 nA MODE=1 T=1000ms RAW m=2670 n=3580 INT1=30362 INT2=46045 EXT1=30362 EXT2=46045
7.5,3,7.498583333333333,7.564,7.564,2673,3577,30400,49125,30400,49125,1000,1,2141,59616,31059.5,0,1e-08,921600,always,3500,1020,1180,147,w_p0007_5000_r3.npz,I=+7.564 nA X=+7.564 nA MODE=1 T=1000ms RAW m=2673 n=3577 INT1=30400 INT2=49125 EXT1=30400 EXT2=49125
8.0,1,7.998450000000001,8.064,8.064,2649,3601,30372,56548,30372,56548,1000,1,2097,59561,30922.6,0,1e-08,921600,always,3500,1022,1187,147,w_p0008_0000_r1.npz,I=+8.064 nA X=+8.064 nA MODE=1 T=1000ms RAW m=2649 n=3601 INT1=30372 INT2=56548 EXT1=30372 EXT2=56548
8.0,2,7.9985100000000005,8.063,8.063,2650,3600,30518,57710,30518,57710,1000,1,1984,59665,30942.5,0,1e-08,921600,always,3500,1022,1179,147,w_p0008_0000_r2.npz,I=+8.063 nA X=+8.063 nA MODE=1 T=1000ms RAW m=2650 n=3600 INT1=30518 INT2=57710 EXT1=30518 EXT2=57710
8.0,3,7.998523333333334,8.067,8.067,2648,3602,30450,55806,30450,55806,1000,1,2142,59623,30982.5,0,1e-08,921600,always,3500,1022,1180,147,w_p0008_0000_r3.npz,I=+8.067 nA X=+8.067 nA MODE=1 T=1000ms RAW m=2648 n=3602 INT1=30450 INT2=55806 EXT1=30450 EXT2=55806
8.5,1,8.498633333333334,8.572,8.572,2612,3638,30543,51040,30543,51040,1000,1,1909,59646,30883.6,0,1e-08,921600,always,3500,1022,1180,147,w_p0008_5000_r1.npz,I=+8.572 nA X=+8.572 nA MODE=1 T=1000ms RAW m=2612 n=3638 INT1=30543 INT2=51040 EXT1=30543 EXT2=51040
8.5,2,8.4986,8.57,8.57,2615,3635,30555,54102,30555,54102,1000,1,2137,59668,30915.9,0,1e-08,921600,always,3500,1022,1179,147,w_p0008_5000_r2.npz,I=+8.570 nA X=+8.570 nA MODE=1 T=1000ms RAW m=2615 n=3635 INT1=30555 INT2=54102 EXT1=30555 EXT2=54102
8.5,3,8.498556666666666,8.569,8.569,2619,3631,30615,58323,30615,58323,1000,1,2185,59622,30919.4,0,1e-08,921600,always,3500,1022,1179,146,w_p0008_5000_r3.npz,I=+8.569 nA X=+8.569 nA MODE=1 T=1000ms RAW m=2619 n=3631 INT1=30615 INT2=58323 EXT1=30615 EXT2=58323
9.0,1,8.998375,9.086,9.086,2562,3688,30732,32218,30732,32218,1000,1,2139,59517,30832.7,0,1e-08,921600,always,3500,1022,1188,146,w_p0009_0000_r1.npz,I=+9.086 nA X=+9.086 nA MODE=1 T=1000ms RAW m=2562 n=3688 INT1=30732 INT2=32218 EXT1=30732 EXT2=32218
9.0,2,8.998386666666667,9.089,9.089,2559,3691,30685,29263,30685,29263,1000,1,2112,59577,30847.0,0,1e-08,921600,always,3500,1022,1183,10813,w_p0009_0000_r2.npz,I=+9.089 nA X=+9.089 nA MODE=1 T=1000ms RAW m=2559 n=3691 INT1=30685 INT2=29263 EXT1=30685 EXT2=29263
9.0,3,8.99849,9.088,9.088,2559,3691,30768,29248,30768,29248,1000,1,2106,59514,30811.6,0,1e-08,921600,always,3500,1022,1179,146,w_p0009_0000_r3.npz,I=+9.088 nA X=+9.088 nA MODE=1 T=1000ms RAW m=2559 n=3691 INT1=30768 INT2=29248 EXT1=30768 EXT2=29248
9.5,1,9.49842,9.592,9.592,2538,3712,31348,40744,31348,40744,1000,1,2157,59536,30826.5,0,1e-08,921600,always,3500,1023,1188,147,w_p0009_5000_r1.npz,I=+9.592 nA X=+9.592 nA MODE=1 T=1000ms RAW m=2538 n=3712 INT1=31348 INT2=40744 EXT1=31348 EXT2=40744
9.5,2,9.49849,9.6,9.6,2515,3735,30415,16087,30415,16087,1000,1,2158,59592,30896.2,0,1e-08,921600,always,3500,1023,1179,146,w_p0009_5000_r2.npz,I=+9.600 nA X=+9.600 nA MODE=1 T=1000ms RAW m=2515 n=3735 INT1=30415 INT2=16087 EXT1=30415 EXT2=16087
9.5,3,9.498520000000001,9.599,9.599,2515,3735,30425,16060,30425,16060,1000,1,2065,59632,30914.3,0,1e-08,921600,always,3500,1023,1181,147,w_p0009_5000_r3.npz,I=+9.599 nA X=+9.599 nA MODE=1 T=1000ms RAW m=2515 n=3735 INT1=30425 INT2=16060 EXT1=30425 EXT2=16060
10.0,1,9.998193333333333,10.092,10.092,2513,3737,31251,47078,31251,47078,1000,1,2078,59601,30733.0,0,1e-08,921600,always,3499,1023,1180,147,w_p0010_0000_r1.npz,I=+10.092 nA X=+10.092 nA MODE=1 T=1000ms RAW m=2513 n=3737 INT1=31251 INT2=47078 EXT1=31251 EXT2=47078
10.0,2,9.998283333333333,10.111,10.111,2475,3775,30576,7579,30576,7579,1000,1,2027,59579,30890.8,0,1e-08,921600,always,3499,1023,1179,147,w_p0010_0000_r2.npz,I=+10.111 nA X=+10.111 nA MODE=1 T=1000ms RAW m=2475 n=3775 INT1=30576 INT2=7579 EXT1=30576 EXT2=7579
10.0,3,9.998343333333334,10.109,10.109,2477,3773,30550,9547,30550,9547,1000,1,2055,59503,30851.6,0,1e-08,921600,always,3499,1023,1179,147,w_p0010_0000_r3.npz,I=+10.109 nA X=+10.109 nA MODE=1 T=1000ms RAW m=2477 n=3773 INT1=30550 INT2=9547 EXT1=30550 EXT2=9547
10.5,1,10.4955,10.59,10.59,2492,3758,31331,57679,31331,57679,1000,1,2054,59556,30718.0,0,1e-07,921600,always,3500,1023,1042,146,w_p0010_5000_r1.npz,I=+10.590 nA X=+10.590 nA MODE=1 T=1000ms RAW m=2492 n=3758 INT1=31331 INT2=57679 EXT1=31331 EXT2=57679
10.5,2,10.49525,10.613,10.613,2446,3804,30692,10054,30692,10054,1000,1,2133,59540,31047.6,0,1e-07,921600,always,3500,1023,1273,147,w_p0010_5000_r2.npz,I=+10.613 nA X=+10.613 nA MODE=1 T=1000ms RAW m=2446 n=3804 INT1=30692 INT2=10054 EXT1=30692 EXT2=10054
10.5,3,10.4953,10.611,10.611,2448,3802,30305,11669,30305,11669,1000,1,2148,59621,31066.6,0,1e-07,921600,always,3500,1023,1272,147,w_p0010_5000_r3.npz,I=+10.611 nA X=+10.611 nA MODE=1 T=1000ms RAW m=2448 n=3802 INT1=30305 INT2=11669 EXT1=30305 EXT2=11669
11.0,1,10.994950000000001,11.106,11.106,2439,3811,31188,35475,31188,35475,1000,1,2159,59665,30654.5,0,1e-07,921600,always,3500,1024,1271,147,w_p0011_0000_r1.npz,I=+11.106 nA X=+11.106 nA MODE=1 T=1000ms RAW m=2439 n=3811 INT1=31188 INT2=35475 EXT1=31188 EXT2=35475
11.0,2,10.995075000000002,11.11,11.11,2431,3819,30512,26641,30512,26641,1000,1,2175,59599,31160.9,0,1e-07,921600,always,3500,1024,1272,147,w_p0011_0000_r2.npz,I=+11.110 nA X=+11.110 nA MODE=1 T=1000ms RAW m=2431 n=3819 INT1=30512 INT2=26641 EXT1=30512 EXT2=26641
11.0,3,10.995125,11.11,11.11,2429,3821,30478,24493,30478,24493,1000,1,2263,59600,31162.7,0,1e-07,921600,always,3500,1024,1271,146,w_p0011_0000_r3.npz,I=+11.110 nA X=+11.110 nA MODE=1 T=1000ms RAW m=2429 n=3821 INT1=30478 INT2=24493 EXT1=30478 EXT2=24493
11.5,1,11.49615,11.611,11.611,2408,3842,30450,35169,30450,35169,1000,1,2179,59597,31143.8,0,1e-07,921600,always,3500,1023,1036,147,w_p0011_5000_r1.npz,I=+11.611 nA X=+11.611 nA MODE=1 T=1000ms RAW m=2408 n=3842 INT1=30450 INT2=35169 EXT1=30450 EXT2=35169
11.5,2,11.495999999999999,11.61,11.61,2411,3839,30708,38509,30708,38509,1000,1,2057,59610,31140.1,0,1e-07,921600,always,3500,1023,1271,147,w_p0011_5000_r2.npz,I=+11.610 nA X=+11.610 nA MODE=1 T=1000ms RAW m=2411 n=3839 INT1=30708 INT2=38509 EXT1=30708 EXT2=38509
11.5,3,11.4958,11.608,11.608,2412,3838,30676,39440,30676,39440,1000,1,2093,59582,31118.2,0,1e-07,921600,always,3500,1023,1272,147,w_p0011_5000_r3.npz,I=+11.608 nA X=+11.608 nA MODE=1 T=1000ms RAW m=2412 n=3838 INT1=30676 INT2=39440 EXT1=30676 EXT2=39440
12.0,1,11.995575,12.111,12.111,2386,3864,30485,44808,30485,44808,1000,1,2198,59449,31071.5,0,1e-07,921600,always,3501,1023,1272,147,w_p0012_0000_r1.npz,I=+12.111 nA X=+12.111 nA MODE=1 T=1000ms RAW m=2386 n=3864 INT1=30485 INT2=44808 EXT1=30485 EXT2=44808
12.0,2,11.995475,12.11,12.11,2386,3864,30521,44801,30521,44801,1000,1,2250,59472,31103.4,0,1e-07,921600,always,3501,1023,1271,147,w_p0012_0000_r2.npz,I=+12.110 nA X=+12.110 nA MODE=1 T=1000ms RAW m=2386 n=3864 INT1=30521 INT2=44801 EXT1=30521 EXT2=44801
12.0,3,11.995475,12.11,12.11,2387,3863,30467,45766,30467,45766,1000,1,2053,59538,31063.2,0,1e-07,921600,always,3501,1023,1271,10982,w_p0012_0000_r3.npz,I=+12.110 nA X=+12.110 nA MODE=1 T=1000ms RAW m=2387 n=3863 INT1=30467 INT2=45766 EXT1=30467 EXT2=45766
12.5,1,12.49695,12.61,12.61,2367,3883,30566,57577,30566,57577,1000,1,2083,59667,30932.8,0,1e-07,921600,always,3500,1023,1036,146,w_p0012_5000_r1.npz,I=+12.610 nA X=+12.610 nA MODE=1 T=1000ms RAW m=2367 n=3883 INT1=30566 INT2=57577 EXT1=30566 EXT2=57577
12.5,2,12.496850000000002,12.61,12.61,2367,3883,30700,57681,30700,57681,1000,1,2076,59663,30915.0,0,1e-07,921600,always,3500,1023,1272,147,w_p0012_5000_r2.npz,I=+12.610 nA X=+12.610 nA MODE=1 T=1000ms RAW m=2367 n=3883 INT1=30700 INT2=57681 EXT1=30700 EXT2=57681
12.5,3,12.496699999999999,12.611,12.611,2364,3886,30617,54515,30617,54515,1000,1,2202,59647,30906.0,0,1e-07,921600,always,3500,1023,1276,147,w_p0012_5000_r3.npz,I=+12.611 nA X=+12.611 nA MODE=1 T=1000ms RAW m=2364 n=3886 INT1=30617 INT2=54515 EXT1=30617 EXT2=54515
13.0,1,12.995924999999998,13.127,13.127,2311,3939,30540,32392,30540,32392,1000,1,2069,59588,30869.3,0,1e-07,921600,always,3499,1024,1276,147,w_p0013_0000_r1.npz,I=+13.127 nA X=+13.127 nA MODE=1 T=1000ms RAW m=2311 n=3939 INT1=30540 INT2=32392 EXT1=30540 EXT2=32392
13.0,2,12.9961,13.129,13.129,2309,3941,30466,30353,30466,30353,1000,1,2040,59703,30868.3,0,1e-07,921600,always,3499,1024,1274,147,w_p0013_0000_r2.npz,I=+13.129 nA X=+13.129 nA MODE=1 T=1000ms RAW m=2309 n=3941 INT1=30466 INT2=30353 EXT1=30466 EXT2=30353
13.0,3,12.995875,13.125,13.125,2315,3935,30484,36424,30484,36424,1000,1,2082,59657,30842.1,0,1e-07,921600,always,3499,1024,1272,10913,w_p0013_0000_r3.npz,I=+13.125 nA X=+13.125 nA MODE=1 T=1000ms RAW m=2315 n=3935 INT1=30484 INT2=36424 EXT1=30484 EXT2=36424
13.5,1,13.495099999999999,13.63,13.63,2287,3963,31048,40586,31048,40586,1000,1,2156,59532,30853.9,0,1e-07,921600,always,3500,1024,1036,147,w_p0013_5000_r1.npz,I=+13.630 nA X=+13.630 nA MODE=1 T=1000ms RAW m=2287 n=3963 INT1=31048 INT2=40586 EXT1=31048 EXT2=40586
13.5,2,13.49515,13.641,13.641,2260,3990,30676,12516,30676,12516,1000,1,2210,59502,30936.0,0,1e-07,921600,always,3500,1024,1275,147,w_p0013_5000_r2.npz,I=+13.641 nA X=+13.641 nA MODE=1 T=1000ms RAW m=2260 n=3990 INT1=30676 INT2=12516 EXT1=30676 EXT2=12516
13.5,3,13.495299999999999,13.643,13.643,2260,3990,30700,12677,30700,12677,1000,1,1920,59529,30890.0,0,1e-07,921600,always,3500,1024,1271,147,w_p0013_5000_r3.npz,I=+13.643 nA X=+13.643 nA MODE=1 T=1000ms RAW m=2260 n=3990 INT1=30700 INT2=12677 EXT1=30700 EXT2=12677
14.0,1,13.99625,14.13,14.13,2268,3982,31291,53575,31291,53575,1000,1,2013,59687,30753.2,0,1e-07,921600,always,3500,1024,1272,10828,w_p0014_0000_r1.npz,I=+14.130 nA X=+14.130 nA MODE=1 T=1000ms RAW m=2268 n=3982 INT1=31291 INT2=53575 EXT1=31291 EXT2=53575
14.0,2,13.99645,14.158,14.158,2221,4029,30511,5152,30511,5152,1000,1,2169,59588,30952.8,0,1e-07,921600,always,3500,1024,1036,146,w_p0014_0000_r2.npz,I=+14.158 nA X=+14.158 nA MODE=1 T=1000ms RAW m=2221 n=4029 INT1=30511 INT2=5152 EXT1=30511 EXT2=5152
14.0,3,13.996425,14.174,14.174,2222,4028,30618,7297,30618,7297,1000,1,2048,59693,31002.2,0,1e-07,921600,always,3500,1024,1271,147,w_p0014_0000_r3.npz,I=+14.174 nA X=+14.174 nA MODE=1 T=1000ms RAW m=2222 n=4028 INT1=30618 INT2=7297 EXT1=30618 EXT2=7297
14.5,1,9.493867250000001,7.428,7.428,2675,3575,30945,42885,30945,42885,1000,1,0,65535,31097.6,52,1e-07,921600,always,3500,1018,1273,10952,w_p0014_5000_r1.npz,I=+7.428 nA X=+7.428 nA MODE=1 T=1000ms RAW m=2675 n=3575 INT1=30945 INT2=42885 EXT1=30945 EXT2=42885
14.5,2,14.49535,14.648,14.648,2209,4041,30530,24600,30530,24600,1000,1,2102,59678,31166.6,0,1e-07,921600,always,3500,1018,1059,146,w_p0014_5000_r2.npz,I=+14.648 nA X=+14.648 nA MODE=1 T=1000ms RAW m=2209 n=4041 INT1=30530 INT2=24600 EXT1=30530 EXT2=24600
14.5,3,14.49545,14.647,14.647,2209,4041,30450,24444,30450,24444,1000,1,2188,59716,31179.2,0,1e-07,921600,always,3500,1018,1309,146,w_p0014_5000_r3.npz,I=+14.647 nA X=+14.647 nA MODE=1 T=1000ms RAW m=2209 n=4041 INT1=30450 INT2=24444 EXT1=30450 EXT2=24444
15.0,1,14.996425,15.145,15.145,2193,4057,30650,40445,30650,40445,1000,1,2215,59552,31181.8,0,1e-07,921600,always,3500,1023,1270,146,w_p0015_0000_r1.npz,I=+15.145 nA X=+15.145 nA MODE=1 T=1000ms RAW m=2193 n=4057 INT1=30650 INT2=40445 EXT1=30650 EXT2=40445
15.0,2,14.996375,15.146,15.146,2193,4057,30756,40619,30756,40619,1000,1,1978,59540,31126.3,0,1e-07,921600,always,3500,1023,1335,146,w_p0015_0000_r2.npz,I=+15.146 nA X=+15.146 nA MODE=1 T=1000ms RAW m=2193 n=4057 INT1=30756 INT2=40619 EXT1=30756 EXT2=40619
15.0,3,14.9963,15.146,15.146,2193,4057,30769,40612,30769,40612,1000,1,2181,59594,31155.6,0,1e-07,921600,always,3500,1023,1271,147,w_p0015_0000_r3.npz,I=+15.146 nA X=+15.146 nA MODE=1 T=1000ms RAW m=2193 n=4057 INT1=30769 INT2=40612 EXT1=30769 EXT2=40612
15.5,1,15.49585,15.645,15.645,2173,4077,30577,52042,30577,52042,1000,1,2197,59677,31016.1,0,1e-07,921600,always,3500,1023,1037,146,w_p0015_5000_r1.npz,I=+15.645 nA X=+15.645 nA MODE=1 T=1000ms RAW m=2173 n=4077 INT1=30577 INT2=52042 EXT1=30577 EXT2=52042
15.5,2,15.4957,15.652,15.652,2169,4081,30693,48405,30693,48405,1000,1,2251,59595,31033.7,0,1e-07,921600,always,3500,1023,1292,146,w_p0015_5000_r2.npz,I=+15.652 nA X=+15.652 nA MODE=1 T=1000ms RAW m=2169 n=4081 INT1=30693 INT2=48405 EXT1=30693 EXT2=48405
15.5,3,15.4959,16.302,16.302,2088,4162,30478,5445,30478,5445,1000,1,2172,65535,31258.4,13,1e-07,921600,always,3500,1023,1271,147,w_p0015_5000_r3.npz,I=+16.302 nA X=+16.302 nA MODE=1 T=1000ms RAW m=2088 n=4162 INT1=30478 INT2=5445 EXT1=30478 EXT2=5445
16.0,1,15.99705,16.157,16.157,2124,4126,30489,33924,30489,33924,1000,1,2236,59717,30924.1,0,1e-07,921600,always,3515,1024,1298,146,w_p0016_0000_r1.npz,I=+16.157 nA X=+16.157 nA MODE=1 T=1000ms RAW m=2124 n=4126 INT1=30489 INT2=33924 EXT1=30489 EXT2=33924
16.0,2,15.996949999999998,16.156,16.156,2126,4124,30663,36133,30663,36133,1000,1,2127,59653,30924.7,0,1e-07,115200,always,3249,1012,1036,1096,w_p0016_0000_r2.npz,I=+16.156 nA X=+16.156 nA MODE=1 T=1000ms RAW m=2126 n=4124 INT1=30663 INT2=36133 EXT1=30663 EXT2=36133
16.0,3,15.996725,16.155,16.155,2129,4121,30660,39191,30660,39191,1000,1,2127,59645,30916.8,0,1e-07,115200,always,3249,1012,1307,1096,w_p0016_0000_r3.npz,I=+16.155 nA X=+16.155 nA MODE=1 T=1000ms RAW m=2129 n=4121 INT1=30660 INT2=39191 EXT1=30660 EXT2=39191
16.5,1,16.496225,16.663,16.663,2100,4150,31108,42361,31108,42361,1000,1,2148,59481,30844.8,0,1e-07,115200,always,3500,1032,1271,1096,w_p0016_5000_r1.npz,I=+16.663 nA X=+16.663 nA MODE=1 T=1000ms RAW m=2100 n=4150 INT1=31108 INT2=42361 EXT1=31108 EXT2=42361
16.5,2,16.49635,16.677,16.677,2068,4182,30581,9036,30581,9036,1000,1,2186,59541,30935.3,0,1e-07,115200,always,3500,1032,1271,1096,w_p0016_5000_r2.npz,I=+16.677 nA X=+16.677 nA MODE=1 T=1000ms RAW m=2068 n=4182 INT1=30581 INT2=9036 EXT1=30581 EXT2=9036
16.5,3,16.4962,16.674,16.674,2068,4182,30670,8940,30670,8940,1000,1,2177,59540,30906.8,0,1e-07,115200,always,3500,1032,1272,1096,w_p0016_5000_r3.npz,I=+16.674 nA X=+16.674 nA MODE=1 T=1000ms RAW m=2068 n=4182 INT1=30670 INT2=8940 EXT1=30670 EXT2=8940
17.0,1,16.9956,17.159,17.159,2081,4169,30899,54668,30899,54668,1000,1,2168,59691,30707.5,0,1e-07,115200,always,3501,1032,1035,1096,w_p0017_0000_r1.npz,I=+17.159 nA X=+17.159 nA MODE=1 T=1000ms RAW m=2081 n=4169 INT1=30899 INT2=54668 EXT1=30899 EXT2=54668
17.0,2,16.9956,17.178,17.178,2039,4211,30669,11417,30669,11417,1000,1,2205,59651,31056.0,0,1e-07,115200,always,3501,1032,1270,1096,w_p0017_0000_r2.npz,I=+17.178 nA X=+17.178 nA MODE=1 T=1000ms RAW m=2039 n=4211 INT1=30669 INT2=11417 EXT1=30669 EXT2=11417
17.0,3,16.9955,17.18,17.18,2039,4211,30609,11529,30609,11529,1000,1,2203,59616,31042.7,0,1e-07,115200,always,3501,1032,1281,1096,w_p0017_0000_r3.npz,I=+17.180 nA X=+17.180 nA MODE=1 T=1000ms RAW m=2039 n=4211 INT1=30609 INT2=11529 EXT1=30609 EXT2=11529
17.5,1,17.496475,17.671,17.671,2034,4216,30685,38478,30685,38478,1000,1,2305,59575,31272.3,0,1e-07,115200,always,3499,1033,1271,1096,w_p0017_5000_r1.npz,I=+17.671 nA X=+17.671 nA MODE=1 T=1000ms RAW m=2034 n=4216 INT1=30685 INT2=38478 EXT1=30685 EXT2=38478
17.5,2,17.496425,17.674,17.674,2033,4217,30613,37582,30613,37582,1000,1,2126,59674,31282.0,0,1e-07,115200,always,3499,1033,1272,1096,w_p0017_5000_r2.npz,I=+17.674 nA X=+17.674 nA MODE=1 T=1000ms RAW m=2033 n=4217 INT1=30613 INT2=37582 EXT1=30613 EXT2=37582
17.5,3,17.49645,17.672,17.672,2034,4216,30653,38527,30653,38527,1000,1,1950,59620,31267.1,0,1e-07,115200,always,3499,1033,1036,1096,w_p0017_5000_r3.npz,I=+17.672 nA X=+17.672 nA MODE=1 T=1000ms RAW m=2034 n=4216 INT1=30653 INT2=38527 EXT1=30653 EXT2=38527
18.0,1,17.995775,18.173,18.173,2009,4241,30734,45118,30734,45118,1000,1,2231,59386,31088.2,0,1e-07,115200,always,3492,1034,1272,1096,w_p0018_0000_r1.npz,I=+18.173 nA X=+18.173 nA MODE=1 T=1000ms RAW m=2009 n=4241 INT1=30734 INT2=45118 EXT1=30734 EXT2=45118
18.0,2,17.99595,18.174,18.174,2010,4240,30685,46178,30685,46178,1000,1,2245,59677,31107.2,0,1e-07,115200,always,3492,1034,1274,1096,w_p0018_0000_r2.npz,I=+18.174 nA X=+18.174 nA MODE=1 T=1000ms RAW m=2010 n=4240 INT1=30685 INT2=46178 EXT1=30685 EXT2=46178
18.0,3,17.9962,18.177,18.177,2009,4241,30619,45227,30619,45227,1000,1,2212,59519,31110.7,0,1e-07,115200,always,3492,1034,1272,1096,w_p0018_0000_r3.npz,I=+18.177 nA X=+18.177 nA MODE=1 T=1000ms RAW m=2009 n=4241 INT1=30619 INT2=45227 EXT1=30619 EXT2=45227
18.5,1,18.497049999999998,18.679,18.679,1974,4276,30721,41332,30721,41332,1000,1,2054,59708,30921.5,0,1e-07,115200,always,3500,1034,1038,1097,w_p0018_5000_r1.npz,I=+18.679 nA X=+18.679 nA MODE=1 T=1000ms RAW m=1974 n=4276 INT1=30721 INT2=41332 EXT1=30721 EXT2=41332
18.5,2,18.497375,18.685,18.685,1963,4287,30691,30144,30691,30144,1000,1,2086,59700,30958.5,0,1e-07,115200,always,3500,1034,1275,1096,w_p0018_5000_r2.npz,I=+18.685 nA X=+18.685 nA MODE=1 T=1000ms RAW m=1963 n=4287 INT1=30691 INT2=30144 EXT1=30691 EXT2=30144
18.5,3,18.497474999999998,18.68,18.68,1976,4274,30762,43556,30762,43556,1000,1,2245,59668,30929.5,0,1e-07,115200,always,3500,1034,1272,1096,w_p0018_5000_r3.npz,I=+18.680 nA X=+18.680 nA MODE=1 T=1000ms RAW m=1976 n=4274 INT1=30762 INT2=43556 EXT1=30762 EXT2=43556
19.0,1,18.99655,19.186,19.186,1944,4306,31286,43531,31286,43531,1000,1,2099,59534,30890.5,0,1e-07,115200,always,3539,1034,1274,1096,w_p0019_0000_r1.npz,I=+19.186 nA X=+19.186 nA MODE=1 T=1000ms RAW m=1944 n=4306 INT1=31286 INT2=43531 EXT1=31286 EXT2=43531
19.0,2,18.996450000000003,19.201,19.201,1908,4342,30470,5760,30470,5760,1000,1,2241,59618,30985.4,0,1e-07,115200,always,3539,1034,1273,1096,w_p0019_0000_r2.npz,I=+19.201 nA X=+19.201 nA MODE=1 T=1000ms RAW m=1908 n=4342 INT1=30470 INT2=5760 EXT1=30470 EXT2=5760
19.0,3,18.9965,19.203,19.203,1905,4345,30779,3069,30779,3069,1000,1,2194,59577,31057.2,0,1e-07,115200,always,3539,1034,1036,1096,w_p0019_0000_r3.npz,I=+19.203 nA X=+19.203 nA MODE=1 T=1000ms RAW m=1905 n=4345 INT1=30779 INT2=3069 EXT1=30779 EXT2=3069
19.5,1,19.497400000000003,19.706,19.706,1884,4366,30605,13689,30605,13689,1000,1,2201,59633,31069.8,0,1e-07,115200,always,3500,1036,1276,1096,w_p0019_5000_r1.npz,I=+19.706 nA X=+19.706 nA MODE=1 T=1000ms RAW m=1884 n=4366 INT1=30605 INT2=13689 EXT1=30605 EXT2=13689
19.5,2,19.497649999999997,19.71,19.71,1883,4367,30771,13097,30771,13097,1000,1,2198,59700,31051.0,0,1e-07,115200,always,3500,1036,1273,1096,w_p0019_5000_r2.npz,I=+19.710 nA X=+19.710 nA MODE=1 T=1000ms RAW m=1883 n=4367 INT1=30771 INT2=13097 EXT1=30771 EXT2=13097
19.5,3,19.497825000000002,19.708,19.708,1884,4366,30596,13833,30596,13833,1000,1,2166,59713,31086.8,0,1e-07,115200,always,3500,1036,1274,1096,w_p0019_5000_r3.npz,I=+19.708 nA X=+19.708 nA MODE=1 T=1000ms RAW m=1884 n=4366 INT1=30596 INT2=13833 EXT1=30596 EXT2=13833
20.0,1,19.996950000000002,20.199,20.199,1878,4372,30693,39780,30693,39780,1000,1,2224,59707,31241.2,0,1e-07,115200,always,3500,1035,1038,1096,w_p0020_0000_r1.npz,I=+20.199 nA X=+20.199 nA MODE=1 T=1000ms RAW m=1878 n=4372 INT1=30693 INT2=39780 EXT1=30693 EXT2=39780
20.0,2,19.9968,20.199,20.199,1878,4372,30643,39763,30643,39763,1000,1,2142,59667,31267.4,0,1e-07,115200,always,3500,1035,1274,1096,w_p0020_0000_r2.npz,I=+20.199 nA X=+20.199 nA MODE=1 T=1000ms RAW m=1878 n=4372 INT1=30643 INT2=39763 EXT1=30643 EXT2=39763
20.0,3,19.996975,20.2,20.2,1880,4370,30560,41803,30560,41803,1000,1,2189,59687,31241.7,0,1e-07,115200,always,3500,1035,1272,1096,w_p0020_0000_r3.npz,I=+20.200 nA X=+20.200 nA MODE=1 T=1000ms RAW m=1880 n=4370 INT1=30560 INT2=41803 EXT1=30560 EXT2=41803
20.5,1,20.497875,20.697,20.697,1857,4393,30669,50305,30669,50305,1000,1,2285,59414,31062.8,0,1e-07,115200,always,3500,1035,1272,1096,w_p0020_5000_r1.npz,I=+20.697 nA X=+20.697 nA MODE=1 T=1000ms RAW m=1857 n=4393 INT1=30669 INT2=50305 EXT1=30669 EXT2=50305
20.5,2,20.4981,20.701,20.701,1858,4392,30708,51607,30708,51607,1000,1,2175,59627,31036.9,0,1e-07,115200,always,3500,1035,1275,1096,w_p0020_5000_r2.npz,I=+20.701 nA X=+20.701 nA MODE=1 T=1000ms RAW m=1858 n=4392 INT1=30708 INT2=51607 EXT1=30708 EXT2=51607
20.5,3,20.49815,20.699,20.699,1857,4393,30446,50203,30446,50203,1000,1,2214,59414,31074.7,0,1e-07,115200,always,3500,1035,1037,1096,w_p0020_5000_r3.npz,I=+20.699 nA X=+20.699 nA MODE=1 T=1000ms RAW m=1857 n=4393 INT1=30446 INT2=50203 EXT1=30446 EXT2=50203
21.0,1,20.9972,21.211,21.211,1807,4443,30782,31373,30782,31373,1000,1,2204,59669,30911.7,0,1e-07,115200,always,3500,1036,1274,1097,w_p0021_0000_r1.npz,I=+21.211 nA X=+21.211 nA MODE=1 T=1000ms RAW m=1807 n=4443 INT1=30782 INT2=31373 EXT1=30782 EXT2=31373
21.0,2,20.997075,21.215,21.215,1797,4453,30715,21031,30715,21031,1000,1,2281,59758,30998.0,0,1e-07,115200,always,3500,1036,1272,1096,w_p0021_0000_r2.npz,I=+21.215 nA X=+21.215 nA MODE=1 T=1000ms RAW m=1797 n=4453 INT1=30715 INT2=21031 EXT1=30715 EXT2=21031
21.0,3,20.9971,21.222,21.222,1785,4465,30660,8841,30660,8841,1000,1,2169,59735,31061.3,0,1e-07,115200,always,3500,1036,1276,1096,w_p0021_0000_r3.npz,I=+21.222 nA X=+21.222 nA MODE=1 T=1000ms RAW m=1785 n=4465 INT1=30660 INT2=8841 EXT1=30660 EXT2=8841
21.5,1,21.496433333333336,21.726,21.726,1756,4494,30621,11231,30621,11231,1000,1,2129,59649,31109.0,0,1e-07,115200,always,3499,1036,1439,1096,w_p0021_5000_r1.npz,I=+21.726 nA X=+21.726 nA MODE=1 T=1000ms RAW m=1756 n=4494 INT1=30621 INT2=11231 EXT1=30621 EXT2=11231
21.5,2,21.496575,21.731,21.731,1756,4494,30432,11376,30432,11376,1000,1,2205,59642,31095.2,0,1e-07,115200,always,3499,1036,1272,1096,w_p0021_5000_r2.npz,I=+21.731 nA X=+21.731 nA MODE=1 T=1000ms RAW m=1756 n=4494 INT1=30432 INT2=11376 EXT1=30432 EXT2=11376
21.5,3,21.496525000000002,21.726,21.726,1757,4493,30576,12269,30576,12269,1000,1,2041,59728,31153.8,0,1e-07,115200,always,3499,1036,1280,1096,w_p0021_5000_r3.npz,I=+21.726 nA X=+21.726 nA MODE=1 T=1000ms RAW m=1757 n=4493 INT1=30576 INT2=12269 EXT1=30576 EXT2=12269
22.0,1,21.99735,22.221,22.221,1747,4503,30521,34079,30521,34079,1000,1,2070,59748,31240.3,0,1e-07,115200,always,3500,1037,1273,1096,w_p0022_0000_r1.npz,I=+22.221 nA X=+22.221 nA MODE=1 T=1000ms RAW m=1747 n=4503 INT1=30521 INT2=34079 EXT1=30521 EXT2=34079
22.0,2,21.9974,22.225,22.225,1744,4506,30438,31090,30438,31090,1000,1,2139,59742,31207.5,0,1e-07,115200,always,3500,1037,1272,1096,w_p0022_0000_r2.npz,I=+22.225 nA X=+22.225 nA MODE=1 T=1000ms RAW m=1744 n=4506 INT1=30438 INT2=31090 EXT1=30438 EXT2=31090
22.0,3,21.997333333333334,22.223,22.223,1745,4505,30479,32078,30479,32078,1000,1,2178,59695,31230.0,0,1e-07,115200,always,3500,1037,1357,1096,w_p0022_0000_r3.npz,I=+22.223 nA X=+22.223 nA MODE=1 T=1000ms RAW m=1745 n=4505 INT1=30479 INT2=32078 EXT1=30479 EXT2=32078
22.5,1,22.496624999999998,22.719,22.719,1733,4517,30526,51981,30526,51981,1000,1,2161,59577,31125.3,0,1e-07,115200,always,3499,1036,1271,1096,w_p0022_5000_r1.npz,I=+22.719 nA X=+22.719 nA MODE=1 T=1000ms RAW m=1733 n=4517 INT1=30526 INT2=51981 EXT1=30526 EXT2=51981
22.5,2,22.49665,22.72,22.72,1733,4517,30625,52139,30625,52139,1000,1,2175,59503,31111.6,0,1e-07,115200,always,3499,1036,1271,1096,w_p0022_5000_r2.npz,I=+22.720 nA X=+22.720 nA MODE=1 T=1000ms RAW m=1733 n=4517 INT1=30625 INT2=52139 EXT1=30625 EXT2=52139
22.5,3,22.496624999999998,22.717,22.717,1733,4517,30749,52094,30749,52094,1000,1,2181,59614,31120.2,0,1e-07,115200,always,3499,1036,1272,1096,w_p0022_5000_r3.npz,I=+22.717 nA X=+22.717 nA MODE=1 T=1000ms RAW m=1733 n=4517 INT1=30749 INT2=52094 EXT1=30749 EXT2=52094
23.0,1,22.99785,23.23,23.23,1685,4565,30722,35068,30722,35068,1000,1,2252,59737,30901.5,0,1e-07,115200,always,3500,1037,1037,1096,w_p0023_0000_r1.npz,I=+23.230 nA X=+23.230 nA MODE=1 T=1000ms RAW m=1685 n=4565 INT1=30722 INT2=35068 EXT1=30722 EXT2=35068
23.0,2,22.997775,23.236,23.236,1677,4573,30625,26989,30625,26989,1000,1,2111,59779,30932.0,0,1e-07,115200,always,3500,1037,1272,1096,w_p0023_0000_r2.npz,I=+23.236 nA X=+23.236 nA MODE=1 T=1000ms RAW m=1677 n=4573 INT1=30625 INT2=26989 EXT1=30625 EXT2=26989
23.0,3,22.997574999999998,23.236,23.236,1677,4573,30607,26959,30607,26959,1000,1,2293,59758,30931.4,0,1e-07,115200,always,3500,1037,1271,1097,w_p0023_0000_r3.npz,I=+23.236 nA X=+23.236 nA MODE=1 T=1000ms RAW m=1677 n=4573 INT1=30607 INT2=26959 EXT1=30607 EXT2=26959
23.5,1,23.496850000000002,23.748,23.748,1634,4616,30773,15351,30773,15351,1000,1,2260,59572,31194.6,0,1e-07,115200,always,3500,1038,1273,1096,w_p0023_5000_r1.npz,I=+23.748 nA X=+23.748 nA MODE=1 T=1000ms RAW m=1634 n=4616 INT1=30773 INT2=15351 EXT1=30773 EXT2=15351
23.5,2,23.496925,23.749,23.749,1634,4616,30631,15268,30631,15268,1000,1,2152,59514,31232.2,0,1e-07,115200,always,3500,1038,1272,1096,w_p0023_5000_r2.npz,I=+23.749 nA X=+23.749 nA MODE=1 T=1000ms RAW m=1634 n=4616 INT1=30631 INT2=15268 EXT1=30631 EXT2=15268
23.5,3,23.496966666666665,23.748,23.748,1634,4616,30682,15260,30682,15260,1000,1,2189,59529,31209.3,0,1e-07,115200,always,3500,1038,1354,1096,w_p0023_5000_r3.npz,I=+23.748 nA X=+23.748 nA MODE=1 T=1000ms RAW m=1634 n=4616 INT1=30682 INT2=15260 EXT1=30682 EXT2=15260
24.0,1,23.997875,24.246,24.246,1618,4632,30464,30848,30464,30848,1000,1,2253,59703,31188.9,0,1e-07,115200,always,3499,1038,1272,1096,w_p0024_0000_r1.npz,I=+24.246 nA X=+24.246 nA MODE=1 T=1000ms RAW m=1618 n=4632 INT1=30464 INT2=30848 EXT1=30464 EXT2=30848
24.0,2,23.99805,24.243,24.243,1622,4628,30735,35132,30735,35132,1000,1,2243,59753,31243.5,0,1e-07,115200,always,3499,1038,1272,1096,w_p0024_0000_r2.npz,I=+24.243 nA X=+24.243 nA MODE=1 T=1000ms RAW m=1622 n=4628 INT1=30735 INT2=35132 EXT1=30735 EXT2=35132
24.0,3,23.998425,24.245,24.245,1619,4631,30462,31811,30462,31811,1000,1,2305,59837,31220.2,0,1e-07,115200,always,3499,1038,1272,1096,w_p0024_0000_r3.npz,I=+24.245 nA X=+24.245 nA MODE=1 T=1000ms RAW m=1619 n=4631 INT1=30462 INT2=31811 EXT1=30462 EXT2=31811
24.5,1,24.497600000000002,24.736,24.736,1613,4637,30776,58011,30776,58011,1000,1,2245,59610,31088.1,0,1e-07,115200,always,3499,1039,1355,1096,w_p0024_5000_r1.npz,I=+24.736 nA X=+24.736 nA MODE=1 T=1000ms RAW m=1613 n=4637 INT1=30776 INT2=58011 EXT1=30776 EXT2=58011
24.5,2,24.497275000000002,24.737,24.737,1613,4637,30531,57819,30531,57819,1000,1,2208,59586,31078.5,0,1e-07,115200,always,3499,1039,1272,1096,w_p0024_5000_r2.npz,I=+24.737 nA X=+24.737 nA MODE=1 T=1000ms RAW m=1613 n=4637 INT1=30531 INT2=57819 EXT1=30531 EXT2=57819
24.5,3,24.49705,24.737,24.737,1613,4637,30503,57798,30503,57798,1000,1,2186,59621,31084.8,0,1e-07,115200,always,3499,1039,1272,1096,w_p0024_5000_r3.npz,I=+24.737 nA X=+24.737 nA MODE=1 T=1000ms RAW m=1613 n=4637 INT1=30503 INT2=57798 EXT1=30503 EXT2=57798
25.0,1,24.9982,25.264,25.264,1537,4713,30678,12436,30678,12436,1000,1,2214,59755,30931.8,0,1e-07,115200,always,3500,1039,1273,1096,w_p0025_0000_r1.npz,I=+25.264 nA X=+25.264 nA MODE=1 T=1000ms RAW m=1537 n=4713 INT1=30678 INT2=12436 EXT1=30678 EXT2=12436
25.0,2,24.998375,25.265,25.265,1539,4711,30607,14489,30607,14489,1000,1,2241,59803,30927.0,0,1e-07,115200,always,3500,1039,1271,1096,w_p0025_0000_r2.npz,I=+25.265 nA X=+25.265 nA MODE=1 T=1000ms RAW m=1539 n=4711 INT1=30607 INT2=14489 EXT1=30607 EXT2=14489
25.0,3,24.9985,25.264,25.264,1545,4705,30646,20778,30646,20778,1000,1,2274,59793,30892.7,0,1e-07,115200,always,3500,1039,1355,1096,w_p0025_0000_r3.npz,I=+25.264 nA X=+25.264 nA MODE=1 T=1000ms RAW m=1545 n=4705 INT1=30646 INT2=20778 EXT1=30646 EXT2=20778
25.5,1,25.497650000000004,25.763,25.763,1517,4733,30686,24073,30686,24073,1000,1,2271,59583,31287.2,0,1e-07,115200,always,3501,1040,1271,1096,w_p0025_5000_r1.npz,I=+25.763 nA X=+25.763 nA MODE=1 T=1000ms RAW m=1517 n=4733 INT1=30686 INT2=24073 EXT1=30686 EXT2=24073
25.5,2,25.4976,25.767,25.767,1517,4733,30768,24366,30768,24366,1000,1,2255,59606,31300.1,0,1e-07,115200,always,3501,1040,1271,1096,w_p0025_5000_r2.npz,I=+25.767 nA X=+25.767 nA MODE=1 T=1000ms RAW m=1517 n=4733 INT1=30768 INT2=24366 EXT1=30768 EXT2=24366
25.5,3,25.497825000000002,25.765,25.765,1517,4733,30763,24261,30763,24261,1000,1,2199,59647,31286.3,0,1e-07,115200,always,3501,1040,1273,1096,w_p0025_5000_r3.npz,I=+25.765 nA X=+25.765 nA MODE=1 T=1000ms RAW m=1517 n=4733 INT1=30763 INT2=24261 EXT1=30763 EXT2=24261
26.0,1,25.997149999999998,26.258,26.258,1509,4741,30711,48068,30711,48068,1000,1,2191,59745,31213.7,0,1e-07,115200,always,3500,1040,1036,1096,w_p0026_0000_r1.npz,I=+26.258 nA X=+26.258 nA MODE=1 T=1000ms RAW m=1509 n=4741 INT1=30711 INT2=48068 EXT1=30711 EXT2=48068
26.0,2,25.996675,26.26,26.26,1506,4744,30665,44978,30665,44978,1000,1,2319,59744,31239.0,0,1e-07,115200,always,3500,1040,1326,1096,w_p0026_0000_r2.npz,I=+26.260 nA X=+26.260 nA MODE=1 T=1000ms RAW m=1506 n=4744 INT1=30665 INT2=44978 EXT1=30665 EXT2=44978
26.0,3,25.99675,26.259,26.259,1503,4747,30750,41869,30750,41869,1000,1,2355,59818,31236.9,0,1e-07,115200,always,3500,1040,1270,1096,w_p0026_0000_r3.npz,I=+26.259 nA X=+26.259 nA MODE=1 T=1000ms RAW m=1503 n=4747 INT1=30750 INT2=41869 EXT1=30750 EXT2=41869
26.5,1,26.498125,26.771,26.771,1462,4788,30612,32060,30612,32060,1000,1,2308,59529,30964.3,0,1e-07,115200,always,3500,1041,1281,1096,w_p0026_5000_r1.npz,I=+26.771 nA X=+26.771 nA MODE=1 T=1000ms RAW m=1462 n=4788 INT1=30612 INT2=32060 EXT1=30612 EXT2=32060
26.5,2,26.49815,26.78,26.78,1460,4790,30582,30535,30582,30535,1000,1,2292,59562,30961.1,0,1e-07,115200,always,3500,1041,1283,1096,w_p0026_5000_r2.npz,I=+26.780 nA X=+26.780 nA MODE=1 T=1000ms RAW m=1460 n=4790 INT1=30582 INT2=30535 EXT1=30582 EXT2=30535
26.5,3,26.49833333333333,26.737,26.737,1470,4780,30632,38321,30632,38321,1000,1,2283,59602,30939.7,0,1e-07,115200,always,3500,1041,1354,1096,w_p0026_5000_r3.npz,I=+26.737 nA X=+26.737 nA MODE=1 T=1000ms RAW m=1470 n=4780 INT1=30632 INT2=38321 EXT1=30632 EXT2=38321
27.0,1,26.99715,27.286,27.286,1411,4839,30523,11990,30523,11990,1000,1,2395,59797,31145.0,0,1e-07,115200,always,3500,1041,1274,1096,w_p0027_0000_r1.npz,I=+27.286 nA X=+27.286 nA MODE=1 T=1000ms RAW m=1411 n=4839 INT1=30523 INT2=11990 EXT1=30523 EXT2=11990
27.0,2,26.9972,27.282,27.282,1414,4836,30692,15092,30692,15092,1000,1,2309,59820,31243.8,0,1e-07,115200,always,3500,1041,1293,1096,w_p0027_0000_r2.npz,I=+27.282 nA X=+27.282 nA MODE=1 T=1000ms RAW m=1414 n=4836 INT1=30692 INT2=15092 EXT1=30692 EXT2=15092
27.0,3,26.99725,27.284,27.284,1411,4839,30763,12102,30763,12102,1000,1,2307,59827,31162.3,0,1e-07,115200,always,3500,1041,1272,1096,w_p0027_0000_r3.npz,I=+27.284 nA X=+27.284 nA MODE=1 T=1000ms RAW m=1411 n=4839 INT1=30763 INT2=12102 EXT1=30763 EXT2=12102
27.5,1,27.498450000000002,27.777,27.777,1404,4846,30685,36997,30685,36997,1000,1,2297,59454,31293.2,0,1e-07,115200,always,3502,1042,1063,1096,w_p0027_5000_r1.npz,I=+27.777 nA X=+27.777 nA MODE=1 T=1000ms RAW m=1404 n=4846 INT1=30685 INT2=36997 EXT1=30685 EXT2=36997
27.5,2,27.4984,27.779,27.779,1404,4846,30720,37136,30720,37136,1000,1,2334,59526,31281.4,0,1e-07,115200,always,3502,1042,1271,1096,w_p0027_5000_r2.npz,I=+27.779 nA X=+27.779 nA MODE=1 T=1000ms RAW m=1404 n=4846 INT1=30720 INT2=37136 EXT1=30720 EXT2=37136
27.5,3,27.49825,27.779,27.779,1405,4845,30518,37973,30518,37973,1000,1,2373,59681,31319.9,0,1e-07,115200,always,3502,1042,1271,1096,w_p0027_5000_r3.npz,I=+27.779 nA X=+27.779 nA MODE=1 T=1000ms RAW m=1405 n=4845 INT1=30518 INT2=37973 EXT1=30518 EXT2=37973
28.0,1,27.99755,28.274,28.274,1388,4862,30636,52663,30636,52663,1000,1,2288,59815,31053.4,0,1e-07,115200,always,3499,1043,1295,1096,w_p0028_0000_r1.npz,I=+28.274 nA X=+28.274 nA MODE=1 T=1000ms RAW m=1388 n=4862 INT1=30636 INT2=52663 EXT1=30636 EXT2=52663
28.0,2,27.997625,28.275,28.275,1391,4859,30690,55884,30690,55884,1000,1,2182,59759,31026.6,0,1e-07,115200,always,3499,1043,1275,1096,w_p0028_0000_r2.npz,I=+28.275 nA X=+28.275 nA MODE=1 T=1000ms RAW m=1391 n=4859 INT1=30690 INT2=55884 EXT1=30690 EXT2=55884
28.0,3,27.997600000000002,28.279,28.279,1379,4871,30778,43613,30778,43613,1000,1,2296,59769,31015.4,0,1e-07,115200,always,3499,1043,1356,1096,w_p0028_0000_r3.npz,I=+28.279 nA X=+28.279 nA MODE=1 T=1000ms RAW m=1379 n=4871 INT1=30778 INT2=43613 EXT1=30778 EXT2=43613
28.5,1,28.498749999999998,28.787,28.787,1349,4901,31486,46014,31486,46014,1000,1,2214,59495,30892.2,0,1e-07,115200,always,3499,1044,1271,1096,w_p0028_5000_r1.npz,I=+28.787 nA X=+28.787 nA MODE=1 T=1000ms RAW m=1349 n=4901 INT1=31486 INT2=46014 EXT1=31486 EXT2=46014
28.5,2,28.49895,28.805,28.805,1314,4936,30745,9560,30745,9560,1000,1,2279,59478,31134.7,0,1e-07,115200,always,3499,1044,1270,1096,w_p0028_5000_r2.npz,I=+28.805 nA X=+28.805 nA MODE=1 T=1000ms RAW m=1314 n=4936 INT1=30745 INT2=9560 EXT1=30745 EXT2=9560
28.5,3,28.498675000000002,28.804,28.804,1314,4936,30661,9445,30661,9445,1000,1,2298,59519,31139.7,0,1e-07,115200,always,3499,1044,1272,1096,w_p0028_5000_r3.npz,I=+28.804 nA X=+28.804 nA MODE=1 T=1000ms RAW m=1314 n=4936 INT1=30661 INT2=9445 EXT1=30661 EXT2=9445
29.0,1,28.99843333333333,29.294,29.294,1313,4937,30696,40520,30696,40520,1000,1,2306,59791,31446.6,0,1e-07,115200,always,3247,1012,1354,1096,w_p0029_0000_r1.npz,I=+29.294 nA X=+29.294 nA MODE=1 T=1000ms RAW m=1313 n=4937 INT1=30696 INT2=40520 EXT1=30696 EXT2=40520
29.0,2,28.9984,29.293,29.293,1311,4939,30656,38320,30656,38320,1000,1,2244,59718,31412.0,0,1e-07,115200,always,3247,1012,1270,1096,w_p0029_0000_r2.npz,I=+29.293 nA X=+29.293 nA MODE=1 T=1000ms RAW m=1311 n=4939 INT1=30656 INT2=38320 EXT1=30656 EXT2=38320
29.0,3,28.998025000000002,29.293,29.293,1313,4937,30599,40373,30599,40373,1000,1,2255,59740,31396.8,0,1e-07,115200,always,3247,1012,1278,1096,w_p0029_0000_r3.npz,I=+29.293 nA X=+29.293 nA MODE=1 T=1000ms RAW m=1313 n=4937 INT1=30599 INT2=40373 EXT1=30599 EXT2=40373
29.5,1,29.497149999999998,29.789,29.789,1296,4954,30612,54972,30612,54972,1000,1,2333,59718,31123.6,0,1e-07,115200,always,3500,1045,1272,1096,w_p0029_5000_r1.npz,I=+29.789 nA X=+29.789 nA MODE=1 T=1000ms RAW m=1296 n=4954 INT1=30612 INT2=54972 EXT1=30612 EXT2=54972
29.5,2,29.497149999999998,29.79,29.79,1296,4954,30636,55044,30636,55044,1000,1,2413,59784,31098.5,0,1e-07,115200,always,3500,1045,1271,1096,w_p0029_5000_r2.npz,I=+29.790 nA X=+29.790 nA MODE=1 T=1000ms RAW m=1296 n=4954 INT1=30636 INT2=55044 EXT1=30636 EXT2=55044
29.5,3,29.4972,29.791,29.791,1295,4955,30778,54197,30778,54197,1000,1,2202,59366,31061.2,0,1e-07,115200,always,3500,1045,1353,1096,w_p0029_5000_r3.npz,I=+29.791 nA X=+29.791 nA MODE=1 T=1000ms RAW m=1295 n=4955 INT1=30778 INT2=54197 EXT1=30778 EXT2=54197
30.0,1,29.998074999999996,30.315,30.315,1225,5025,30660,14682,30660,14682,1000,1,2305,59708,31358.4,0,1e-07,115200,always,3499,1046,1272,1096,w_p0030_0000_r1.npz,I=+30.315 nA X=+30.315 nA MODE=1 T=1000ms RAW m=1225 n=5025 INT1=30660 INT2=14682 EXT1=30660 EXT2=14682
30.0,2,29.998149999999995,30.32,30.32,1225,5025,30681,14994,30681,14994,1000,1,2290,59750,31366.6,0,1e-07,115200,always,3499,1046,1270,1096,w_p0030_0000_r2.npz,I=+30.320 nA X=+30.320 nA MODE=1 T=1000ms RAW m=1225 n=5025 INT1=30681 INT2=14994 EXT1=30681 EXT2=14994
30.0,3,29.998074999999996,30.317,30.317,1225,5025,30738,14870,30738,14870,1000,1,2306,59720,31379.6,0,1e-07,115200,always,3499,1046,1295,1096,w_p0030_0000_r3.npz,I=+30.317 nA X=+30.317 nA MODE=1 T=1000ms RAW m=1225 n=5025 INT1=30738 INT2=14870 EXT1=30738 EXT2=14870
30.5,1,30.497300000000003,30.813,30.813,1209,5041,30665,30437,30665,30437,1000,1,2290,59795,31281.0,0,1e-07,115200,always,3499,1047,1037,1096,w_p0030_5000_r1.npz,I=+30.813 nA X=+30.813 nA MODE=1 T=1000ms RAW m=1209 n=5041 INT1=30665 INT2=30437 EXT1=30665 EXT2=30437
30.5,2,30.497249999999998,30.813,30.813,1209,5041,30751,30560,30751,30560,1000,1,2312,59805,31282.9,0,1e-07,115200,always,3499,1047,1282,1096,w_p0030_5000_r2.npz,I=+30.813 nA X=+30.813 nA MODE=1 T=1000ms RAW m=1209 n=5041 INT1=30751 INT2=30560 EXT1=30751 EXT2=30560
30.5,3,30.497275000000002,30.813,30.813,1209,5041,30592,30391,30592,30391,1000,1,2351,59738,31279.6,0,1e-07,115200,always,3499,1047,1273,1096,w_p0030_5000_r3.npz,I=+30.813 nA X=+30.813 nA MODE=1 T=1000ms RAW m=1209 n=5041 INT1=30592 INT2=30391 EXT1=30592 EXT2=30391
31.0,1,30.998224999999998,31.306,31.306,1199,5051,30462,52025,30462,52025,1000,1,2388,59696,31080.3,0,1e-07,115200,always,3500,1048,1271,1096,w_p0031_0000_r1.npz,I=+31.306 nA X=+31.306 nA MODE=1 T=1000ms RAW m=1199 n=5051 INT1=30462 INT2=52025 EXT1=30462 EXT2=52025
31.0,2,30.998475,31.308,31.308,1198,5052,30672,51295,30672,51295,1000,1,2286,59664,31099.8,0,1e-07,115200,always,3500,1048,1276,1096,w_p0031_0000_r2.npz,I=+31.308 nA X=+31.308 nA MODE=1 T=1000ms RAW m=1198 n=5052 INT1=30672 INT2=51295 EXT1=30672 EXT2=51295
31.0,3,30.998866666666668,31.308,31.308,1198,5052,30521,51178,30521,51178,1000,1,2312,59608,31074.5,0,1e-07,115200,always,3500,1048,1353,1096,w_p0031_0000_r3.npz,I=+31.308 nA X=+31.308 nA MODE=1 T=1000ms RAW m=1198 n=5052 INT1=30521 INT2=51178 EXT1=30521 EXT2=51178
31.5,1,31.497725000000003,31.834,31.834,1129,5121,30682,13069,30682,13069,1000,1,2385,59852,31259.4,0,1e-07,115200,always,3500,1048,1271,1096,w_p0031_5000_r1.npz,I=+31.834 nA X=+31.834 nA MODE=1 T=1000ms RAW m=1129 n=5121 INT1=30682 INT2=13069 EXT1=30682 EXT2=13069
31.5,2,31.497674999999994,31.832,31.832,1132,5118,30766,16215,30766,16215,1000,1,2244,59832,31339.7,0,1e-07,115200,always,3500,1048,1271,1096,w_p0031_5000_r2.npz,I=+31.832 nA X=+31.832 nA MODE=1 T=1000ms RAW m=1132 n=5118 INT1=30766 INT2=16215 EXT1=30766 EXT2=16215
31.5,3,31.49775,31.836,31.836,1127,5123,30734,11181,30734,11181,1000,1,2398,59907,31189.5,0,1e-07,115200,always,3500,1048,1271,1096,w_p0031_5000_r3.npz,I=+31.836 nA X=+31.836 nA MODE=1 T=1000ms RAW m=1127 n=5123 INT1=30734 INT2=11181 EXT1=30734 EXT2=11181
32.0,1,31.998966666666668,32.327,32.327,1122,5128,30575,37928,30575,37928,1000,1,2243,59512,31371.7,0,1e-07,115200,always,3500,1050,1354,1096,w_p0032_0000_r1.npz,I=+32.327 nA X=+32.327 nA MODE=1 T=1000ms RAW m=1122 n=5128 INT1=30575 INT2=37928 EXT1=30575 EXT2=37928
32.0,2,31.999000000000002,32.327,32.327,1122,5128,30687,37992,30687,37992,1000,1,2291,59512,31385.5,0,1e-07,115200,always,3500,1050,1272,5823,w_p0032_0000_r2.npz,I=+32.327 nA X=+32.327 nA MODE=1 T=1000ms RAW m=1122 n=5128 INT1=30687 INT2=37992 EXT1=30687 EXT2=37992
32.0,3,31.998575000000002,32.325,32.325,1122,5128,30718,37924,30718,37924,1000,1,2295,59546,31383.8,0,1e-07,115200,always,3500,1050,1286,1096,w_p0032_0000_r3.npz,I=+32.325 nA X=+32.325 nA MODE=1 T=1000ms RAW m=1122 n=5128 INT1=30718 INT2=37924 EXT1=30718 EXT2=37924
32.5,1,32.497949999999996,32.837,32.837,1074,5176,30600,20760,30600,20760,1000,1,2209,59844,31118.1,0,1e-07,115200,always,3510,1051,1037,1096,w_p0032_5000_r1.npz,I=+32.837 nA X=+32.837 nA MODE=1 T=1000ms RAW m=1074 n=5176 INT1=30600 INT2=20760 EXT1=30600 EXT2=20760
32.5,2,32.4979,32.842,32.842,1065,5185,30695,11715,30695,11715,1000,1,2350,59888,31172.8,0,1e-07,115200,always,3510,1051,1282,1096,w_p0032_5000_r2.npz,I=+32.842 nA X=+32.842 nA MODE=1 T=1000ms RAW m=1065 n=5185 INT1=30695 INT2=11715 EXT1=30695 EXT2=11715
32.5,3,32.49784999999999,32.834,32.834,1079,5171,30711,25944,30711,25944,1000,1,2302,59844,31068.9,0,1e-07,115200,always,3510,1051,1273,1096,w_p0032_5000_r3.npz,I=+32.834 nA X=+32.834 nA MODE=1 T=1000ms RAW m=1079 n=5171 INT1=30711 INT2=25944 EXT1=30711 EXT2=25944
33.0,1,32.99895,33.345,33.345,1040,5210,30642,18315,30642,18315,1000,1,2244,59852,31297.9,0,1e-07,115200,always,3500,1052,1272,1096,w_p0033_0000_r1.npz,I=+33.345 nA X=+33.345 nA MODE=1 T=1000ms RAW m=1040 n=5210 INT1=30642 INT2=18315 EXT1=30642 EXT2=18315
33.0,2,32.999025,33.347,33.347,1039,5211,30710,17443,30710,17443,1000,1,2348,59407,31268.9,0,1e-07,115200,always,3500,1052,1275,1096,w_p0033_0000_r2.npz,I=+33.347 nA X=+33.347 nA MODE=1 T=1000ms RAW m=1039 n=5211 INT1=30710 INT2=17443 EXT1=30710 EXT2=17443
33.0,3,32.99893333333334,33.347,33.347,1039,5211,30749,17464,30749,17464,1000,1,2358,59434,31282.4,0,1e-07,115200,always,3500,1052,1354,1096,w_p0033_0000_r3.npz,I=+33.347 nA X=+33.347 nA MODE=1 T=1000ms RAW m=1039 n=5211 INT1=30749 INT2=17464 EXT1=30749 EXT2=17464
33.5,1,33.498374999999996,33.833,33.833,1039,5211,30757,49361,30757,49361,1000,1,2367,59704,31372.1,0,1e-07,115200,always,3500,1053,1299,1096,w_p0033_5000_r1.npz,I=+33.833 nA X=+33.833 nA MODE=1 T=1000ms RAW m=1039 n=5211 INT1=30757 INT2=49361 EXT1=30757 EXT2=49361
33.5,2,33.498325,33.837,33.837,1039,5211,30680,49530,30680,49530,1000,1,2379,59649,31389.9,0,1e-07,115200,always,3500,1053,1279,1096,w_p0033_5000_r2.npz,I=+33.837 nA X=+33.837 nA MODE=1 T=1000ms RAW m=1039 n=5211 INT1=30680 INT2=49530 EXT1=30680 EXT2=49530
33.5,3,33.498475,33.835,33.835,1039,5211,30654,49353,30654,49353,1000,1,2406,59661,31416.3,0,1e-07,115200,always,3500,1053,1272,1096,w_p0033_5000_r3.npz,I=+33.835 nA X=+33.835 nA MODE=1 T=1000ms RAW m=1039 n=5211 INT1=30654 INT2=49353 EXT1=30654 EXT2=49353
34.0,1,33.99745,34.356,34.356,974,5276,30768,15128,30768,15128,1000,1,2264,59910,30908.1,0,1e-07,115200,always,3500,1055,1046,1096,w_p0034_0000_r1.npz,I=+34.356 nA X=+34.356 nA MODE=1 T=1000ms RAW m=974 n=5276 INT1=30768 INT2=15128 EXT1=30768 EXT2=15128
34.0,2,33.997325,34.363,34.363,962,5288,30706,2905,30706,2905,1000,1,2395,59900,31022.0,0,1e-07,115200,always,3500,1055,1325,1096,w_p0034_0000_r2.npz,I=+34.363 nA X=+34.363 nA MODE=1 T=1000ms RAW m=962 n=5288 INT1=30706 INT2=2905 EXT1=30706 EXT2=2905
34.0,3,33.9974,34.366,34.366,962,5288,30671,3059,30671,3059,1000,1,2372,59898,31041.1,0,1e-07,115200,always,3500,1055,1290,1096,w_p0034_0000_r3.npz,I=+34.366 nA X=+34.366 nA MODE=1 T=1000ms RAW m=962 n=5288 INT1=30671 INT2=3059 EXT1=30671 EXT2=3059
34.5,1,34.498475,34.857,34.857,957,5293,30607,29890,30607,29890,1000,1,2421,59467,31462.4,0,1e-07,115200,always,3499,1056,1299,1096,w_p0034_5000_r1.npz,I=+34.857 nA X=+34.857 nA MODE=1 T=1000ms RAW m=957 n=5293 INT1=30607 INT2=29890 EXT1=30607 EXT2=29890
34.5,2,34.498475,34.858,34.858,957,5293,30549,29877,30549,29877,1000,1,2345,59560,31477.8,0,1e-07,115200,always,3499,1056,1273,1096,w_p0034_5000_r2.npz,I=+34.858 nA X=+34.858 nA MODE=1 T=1000ms RAW m=957 n=5293 INT1=30549 INT2=29877 EXT1=30549 EXT2=29877
34.5,3,34.49856666666667,34.857,34.857,957,5293,30674,29979,30674,29979,1000,1,2261,59506,31450.5,0,1e-07,115200,always,3499,1056,1355,1096,w_p0034_5000_r3.npz,I=+34.857 nA X=+34.857 nA MODE=1 T=1000ms RAW m=957 n=5293 INT1=30674 INT2=29979 EXT1=30674 EXT2=29979
35.0,1,34.997949999999996,35.35,35.35,943,5307,30646,47466,30646,47466,1000,1,2316,59903,31198.4,0,1e-07,115200,always,3499,1057,1271,1096,w_p0035_0000_r1.npz,I=+35.350 nA X=+35.350 nA MODE=1 T=1000ms RAW m=943 n=5307 INT1=30646 INT2=47466 EXT1=30646 EXT2=47466
35.0,2,34.997775,35.349,35.349,948,5302,30680,52693,30680,52693,1000,1,2366,59835,31163.8,0,1e-07,115200,always,3499,1057,1272,1096,w_p0035_0000_r2.npz,I=+35.349 nA X=+35.349 nA MODE=1 T=1000ms RAW m=948 n=5302 INT1=30680 INT2=52693 EXT1=30680 EXT2=52693
35.0,3,34.997550000000004,35.347,35.347,950,5300,30559,54572,30559,54572,1000,1,2391,59850,31186.9,0,1e-07,115200,always,3499,1057,1284,1096,w_p0035_0000_r3.npz,I=+35.347 nA X=+35.347 nA MODE=1 T=1000ms RAW m=950 n=5300 INT1=30559 INT2=54572 EXT1=30559 EXT2=54572
35.5,1,35.498850000000004,35.876,35.876,878,5372,30722,13562,30722,13562,1000,1,2349,59476,31272.6,0,1e-07,115200,always,3500,1059,1036,1096,w_p0035_5000_r1.npz,I=+35.876 nA X=+35.876 nA MODE=1 T=1000ms RAW m=878 n=5372 INT1=30722 INT2=13562 EXT1=30722 EXT2=13562
35.5,2,35.498774999999995,35.876,35.876,878,5372,30712,13514,30712,13514,1000,1,2380,59415,31253.1,0,1e-07,115200,always,3500,1059,1270,1096,w_p0035_5000_r2.npz,I=+35.876 nA X=+35.876 nA MODE=1 T=1000ms RAW m=878 n=5372 INT1=30712 INT2=13514 EXT1=30712 EXT2=13514
35.5,3,35.498925,35.876,35.876,878,5372,30589,13409,30589,13409,1000,1,2377,59407,31252.5,0,1e-07,115200,always,3500,1059,1270,1096,w_p0035_5000_r3.npz,I=+35.876 nA X=+35.876 nA MODE=1 T=1000ms RAW m=878 n=5372 INT1=30589 INT2=13409 EXT1=30589 EXT2=13409
36.0,1,35.99805,36.363,36.363,878,5372,30644,45363,30644,45363,1000,1,2463,59732,31509.8,0,1e-07,115200,always,3500,1060,1276,1096,w_p0036_0000_r1.npz,I=+36.363 nA X=+36.363 nA MODE=1 T=1000ms RAW m=878 n=5372 INT1=30644 INT2=45363 EXT1=30644 EXT2=45363
36.0,2,35.997925,36.364,36.364,878,5372,30647,45460,30647,45460,1000,1,2302,59664,31490.8,0,1e-07,115200,always,3500,1060,1272,1096,w_p0036_0000_r2.npz,I=+36.364 nA X=+36.364 nA MODE=1 T=1000ms RAW m=878 n=5372 INT1=30647 INT2=45460 EXT1=30647 EXT2=45460
36.0,3,35.998000000000005,36.363,36.363,878,5372,30759,45507,30759,45507,1000,1,2389,59676,31478.5,0,1e-07,115200,always,3500,1060,1354,1096,w_p0036_0000_r3.npz,I=+36.363 nA X=+36.363 nA MODE=1 T=1000ms RAW m=878 n=5372 INT1=30759 INT2=45507 EXT1=30759 EXT2=45507
36.5,1,36.49895,36.876,36.876,840,5410,31233,39532,31233,39532,1000,1,2295,59877,31011.5,0,1e-07,115200,always,3500,1062,1272,1096,w_p0036_5000_r1.npz,I=+36.876 nA X=+36.876 nA MODE=1 T=1000ms RAW m=840 n=5410 INT1=31233 INT2=39532 EXT1=31233 EXT2=39532
36.5,2,36.498925,36.893,36.893,806,5444,30674,4265,30674,4265,1000,1,2169,59845,31099.7,0,1e-07,115200,always,3500,1062,1272,1096,w_p0036_5000_r2.npz,I=+36.893 nA X=+36.893 nA MODE=1 T=1000ms RAW m=806 n=5444 INT1=30674 INT2=4265 EXT1=30674 EXT2=4265
36.5,3,36.498925,36.891,36.891,808,5442,30693,6263,30693,6263,1000,1,2446,59917,31266.0,0,1e-07,115200,always,3500,1062,1272,1096,w_p0036_5000_r3.npz,I=+36.891 nA X=+36.891 nA MODE=1 T=1000ms RAW m=808 n=5442 INT1=30693 INT2=6263 EXT1=30693 EXT2=6263
37.0,1,36.9983,37.38,37.38,801,5449,30617,30889,30617,30889,1000,1,2310,59844,31520.6,0,1e-07,115200,always,3499,1064,1354,1096,w_p0037_0000_r1.npz,I=+37.380 nA X=+37.380 nA MODE=1 T=1000ms RAW m=801 n=5449 INT1=30617 INT2=30889 EXT1=30617 EXT2=30889
37.0,2,36.998349999999995,37.382,37.382,800,5450,30781,30097,30781,30097,1000,1,2443,59520,31554.4,0,1e-07,115200,always,3499,1064,1275,1096,w_p0037_0000_r2.npz,I=+37.382 nA X=+37.382 nA MODE=1 T=1000ms RAW m=800 n=5450 INT1=30781 INT2=30097 EXT1=30781 EXT2=30097
37.0,3,36.998325,37.382,37.382,800,5450,30775,30116,30775,30116,1000,1,2447,59506,31520.3,0,1e-07,115200,always,3499,1064,1271,1096,w_p0037_0000_r3.npz,I=+37.382 nA X=+37.382 nA MODE=1 T=1000ms RAW m=800 n=5450 INT1=30775 INT2=30116 EXT1=30775 EXT2=30116
37.5,1,37.49935,37.88,37.88,781,5469,30684,42617,30684,42617,1000,1,2342,59750,31117.3,0,1e-07,115200,always,3499,1067,1272,1096,w_p0037_5000_r1.npz,I=+37.880 nA X=+37.880 nA MODE=1 T=1000ms RAW m=781 n=5469 INT1=30684 INT2=42617 EXT1=30684 EXT2=42617
37.5,2,37.499225,37.881,37.881,780,5470,30727,41701,30727,41701,1000,1,2416,59810,31135.7,0,1e-07,115200,always,3499,1067,1272,1096,w_p0037_5000_r2.npz,I=+37.881 nA X=+37.881 nA MODE=1 T=1000ms RAW m=780 n=5470 INT1=30727 INT2=41701 EXT1=30727 EXT2=41701
37.5,3,37.499,37.88,37.88,782,5468,30655,43691,30655,43691,1000,1,2443,59773,31128.5,0,1e-07,115200,always,3499,1067,1355,1096,w_p0037_5000_r3.npz,I=+37.880 nA X=+37.880 nA MODE=1 T=1000ms RAW m=782 n=5468 INT1=30655 INT2=43691 EXT1=30655 EXT2=43691
38.0,1,37.998175,38.399,38.399,725,5525,30782,17711,30782,17711,1000,1,2389,59446,31314.9,0,1e-07,115200,always,3500,1069,1289,1096,w_p0038_0000_r1.npz,I=+38.399 nA X=+38.399 nA MODE=1 T=1000ms RAW m=725 n=5525 INT1=30782 INT2=17711 EXT1=30782 EXT2=17711
38.0,2,37.9983,38.398,38.398,728,5522,30779,20841,30779,20841,1000,1,2349,59985,31496.3,0,1e-07,115200,always,3500,1069,1271,1096,w_p0038_0000_r2.npz,I=+38.398 nA X=+38.398 nA MODE=1 T=1000ms RAW m=728 n=5522 INT1=30779 INT2=20841 EXT1=30779 EXT2=20841
38.0,3,37.998400000000004,38.396,38.396,726,5524,30777,18620,30777,18620,1000,1,2433,59891,31431.2,0,1e-07,115200,always,3500,1069,1286,1096,w_p0038_0000_r3.npz,I=+38.396 nA X=+38.396 nA MODE=1 T=1000ms RAW m=726 n=5524 INT1=30777 INT2=18620 EXT1=30777 EXT2=18620
38.5,1,38.4974,38.886,38.886,725,5525,30676,49526,30676,49526,1000,1,2334,59583,31456.2,0,1e-07,115200,always,3500,1071,1398,1096,w_p0038_5000_r1.npz,I=+38.886 nA X=+38.886 nA MODE=1 T=1000ms RAW m=725 n=5525 INT1=30676 INT2=49526 EXT1=30676 EXT2=49526
38.5,2,38.497550000000004,38.886,38.886,725,5525,30731,49619,30731,49619,1000,1,2295,59613,31397.2,0,1e-07,115200,always,3500,1071,1277,1096,w_p0038_5000_r2.npz,I=+38.886 nA X=+38.886 nA MODE=1 T=1000ms RAW m=725 n=5525 INT1=30731 INT2=49619 EXT1=30731 EXT2=49619
38.5,3,38.497575,38.888,38.888,725,5525,30693,49683,30693,49683,1000,1,2357,59611,31406.2,0,1e-07,115200,always,3500,1071,1272,1096,w_p0038_5000_r3.npz,I=+38.888 nA X=+38.888 nA MODE=1 T=1000ms RAW m=725 n=5525 INT1=30693 INT2=49683 EXT1=30693 EXT2=49683
39.0,1,38.99865,39.409,39.409,662,5588,30747,17503,30747,17503,1000,1,2510,59806,31724.5,0,1e-07,115200,always,3500,1075,1271,1096,w_p0039_0000_r1.npz,I=+39.409 nA X=+39.409 nA MODE=1 T=1000ms RAW m=662 n=5588 INT1=30747 INT2=17503 EXT1=30747 EXT2=17503
39.0,2,38.998675000000006,39.413,39.413,661,5589,30663,16614,30663,16614,1000,1,2248,59800,31641.8,0,1e-07,115200,always,3500,1075,1271,1096,w_p0039_0000_r2.npz,I=+39.413 nA X=+39.413 nA MODE=1 T=1000ms RAW m=661 n=5589 INT1=30663 INT2=16614 EXT1=30663 EXT2=16614
39.0,3,38.998333333333335,39.411,39.411,662,5588,30741,17609,30741,17609,1000,1,2431,59815,31714.5,0,1e-07,115200,always,3500,1075,1354,1096,w_p0039_0000_r3.npz,I=+39.411 nA X=+39.411 nA MODE=1 T=1000ms RAW m=662 n=5588 INT1=30741 INT2=17609 EXT1=30741 EXT2=17609
39.5,1,39.497575,39.903,39.903,652,5598,30605,39226,30605,39226,1000,1,2316,59778,31567.4,0,1e-07,115200,always,3500,1077,1271,1096,w_p0039_5000_r1.npz,I=+39.903 nA X=+39.903 nA MODE=1 T=1000ms RAW m=652 n=5598 INT1=30605 INT2=39226 EXT1=30605 EXT2=39226
39.5,2,39.497725,39.903,39.903,652,5598,30738,39332,30738,39332,1000,1,2350,59875,31559.1,0,1e-07,115200,always,3500,1077,1271,1096,w_p0039_5000_r2.npz,I=+39.903 nA X=+39.903 nA MODE=1 T=1000ms RAW m=652 n=5598 INT1=30738 INT2=39332 EXT1=30738 EXT2=39332
39.5,3,39.497825,39.903,39.903,652,5598,30751,39369,30751,39369,1000,1,2431,59877,31561.9,0,1e-07,115200,always,3500,1077,1271,1096,w_p0039_5000_r3.npz,I=+39.903 nA X=+39.903 nA MODE=1 T=1000ms RAW m=652 n=5598 INT1=30751 INT2=39369 EXT1=30751 EXT2=39369
40.0,1,39.998599999999996,40.427,40.427,589,5661,30682,7218,30682,7218,1000,1,2455,59614,31308.5,0,1e-07,115200,always,3500,1080,1363,1096,w_p0040_0000_r1.npz,I=+40.427 nA X=+40.427 nA MODE=1 T=1000ms RAW m=589 n=5661 INT1=30682 INT2=7218 EXT1=30682 EXT2=7218
40.0,2,39.9988,40.427,40.427,589,5661,30691,7274,30691,7274,1000,1,2385,59646,31325.1,0,1e-07,115200,always,3500,1080,1273,1096,w_p0040_0000_r2.npz,I=+40.427 nA X=+40.427 nA MODE=1 T=1000ms RAW m=589 n=5661 INT1=30691 INT2=7274 EXT1=30691 EXT2=7274
40.0,3,39.998875,40.427,40.427,589,5661,30770,7311,30770,7311,1000,1,2361,59532,31292.0,0,1e-07,115200,always,3500,1080,1270,1096,w_p0040_0000_r3.npz,I=+40.427 nA X=+40.427 nA MODE=1 T=1000ms RAW m=589 n=5661 INT1=30770 INT2=7311 EXT1=30770 EXT2=7311
40.5,1,40.498025,40.916,40.916,587,5663,30719,37227,30719,37227,1000,1,2481,59939,31872.6,0,1e-07,115200,always,3500,1084,1271,1096,w_p0040_5000_r1.npz,I=+40.916 nA X=+40.916 nA MODE=1 T=1000ms RAW m=587 n=5663 INT1=30719 INT2=37227 EXT1=30719 EXT2=37227
40.5,2,40.498149999999995,40.915,40.915,587,5663,30628,37082,30628,37082,1000,1,2422,59905,31857.9,0,1e-07,115200,always,3500,1084,1271,1096,w_p0040_5000_r2.npz,I=+40.915 nA X=+40.915 nA MODE=1 T=1000ms RAW m=587 n=5663 INT1=30628 INT2=37082 EXT1=30628 EXT2=37082
40.5,3,40.4977,40.915,40.915,588,5662,30744,38211,30744,38211,1000,1,2434,59870,31874.9,0,1e-07,115200,always,3500,1084,1353,1096,w_p0040_5000_r3.npz,I=+40.915 nA X=+40.915 nA MODE=1 T=1000ms RAW m=588 n=5662 INT1=30744 INT2=38211 EXT1=30744 EXT2=38211
41.0,1,40.9992,41.424,41.424,549,5701,30711,30482,30711,30482,1000,1,2443,59514,30978.7,0,1e-07,115200,always,3500,1089,1272,1096,w_p0041_0000_r1.npz,I=+41.424 nA X=+41.424 nA MODE=1 T=1000ms RAW m=549 n=5701 INT1=30711 INT2=30482 EXT1=30711 EXT2=30482
41.0,2,40.9991,41.423,41.423,548,5702,30716,29374,30716,29374,1000,1,2424,59461,30909.1,0,1e-07,115200,always,3500,1089,1271,1096,w_p0041_0000_r2.npz,I=+41.423 nA X=+41.423 nA MODE=1 T=1000ms RAW m=548 n=5702 INT1=30716 INT2=29374 EXT1=30716 EXT2=29374
41.0,3,40.999075000000005,41.424,41.424,548,5702,30772,29477,30772,29477,1000,1,2463,59610,30947.7,0,1e-07,115200,always,3500,1089,1271,1096,w_p0041_0000_r3.npz,I=+41.424 nA X=+41.424 nA MODE=1 T=1000ms RAW m=548 n=5702 INT1=30772 INT2=29477 EXT1=30772 EXT2=29477
41.5,1,41.498,41.93,41.93,519,5731,30748,32039,30748,32039,1000,1,2490,59697,31941.3,0,1e-07,115200,always,3500,1092,1354,1096,w_p0041_5000_r1.npz,I=+41.930 nA X=+41.930 nA MODE=1 T=1000ms RAW m=519 n=5731 INT1=30748 INT2=32039 EXT1=30748 EXT2=32039
41.5,2,41.49805,41.928,41.928,519,5731,30755,31939,30755,31939,1000,1,2392,59717,31931.3,0,1e-07,115200,always,3500,1092,1272,1096,w_p0041_5000_r2.npz,I=+41.928 nA X=+41.928 nA MODE=1 T=1000ms RAW m=519 n=5731 INT1=30755 INT2=31939 EXT1=30755 EXT2=31939
41.5,3,41.49805,41.928,41.928,519,5731,30751,31906,30751,31906,1000,1,2416,59620,31908.7,0,1e-07,115200,always,3500,1092,1270,1096,w_p0041_5000_r3.npz,I=+41.928 nA X=+41.928 nA MODE=1 T=1000ms RAW m=519 n=5731 INT1=30751 INT2=31906 EXT1=30751 EXT2=31906
42.0,1,41.997525,42.428,42.428,492,5758,30703,36229,30703,36229,1000,1,2484,59962,31156.0,0,1e-07,115200,always,3500,1098,1271,1096,w_p0042_0000_r1.npz,I=+42.428 nA X=+42.428 nA MODE=1 T=1000ms RAW m=492 n=5758 INT1=30703 INT2=36229 EXT1=30703 EXT2=36229
42.0,2,41.9977,42.441,42.441,468,5782,30761,11813,30761,11813,1000,1,2426,59978,31263.4,0,1e-07,115200,always,3500,1098,1270,1096,w_p0042_0000_r2.npz,I=+42.441 nA X=+42.441 nA MODE=1 T=1000ms RAW m=468 n=5782 INT1=30761 INT2=11813 EXT1=30761 EXT2=11813
42.0,3,41.99719999999999,42.439,42.439,469,5781,30734,12744,30734,12744,1000,1,2366,59919,31245.5,0,1e-07,115200,always,3500,1098,1355,1096,w_p0042_0000_r3.npz,I=+42.439 nA X=+42.439 nA MODE=1 T=1000ms RAW m=469 n=5781 INT1=30734 INT2=12744 EXT1=30734 EXT2=12744
42.5,1,42.498225,42.941,42.941,451,5799,30676,26569,30676,26569,1000,1,2458,60021,31877.4,0,1e-07,115200,always,3500,1104,1272,1096,w_p0042_5000_r1.npz,I=+42.941 nA X=+42.941 nA MODE=1 T=1000ms RAW m=451 n=5799 INT1=30676 INT2=26569 EXT1=30676 EXT2=26569
42.5,2,42.498225000000005,42.943,42.943,451,5799,30654,26669,30654,26669,1000,1,2418,60068,31892.5,0,1e-07,115200,always,3500,1104,1271,1096,w_p0042_5000_r2.npz,I=+42.943 nA X=+42.943 nA MODE=1 T=1000ms RAW m=451 n=5799 INT1=30654 INT2=26669 EXT1=30654 EXT2=26669
42.5,3,42.498374999999996,42.941,42.941,450,5800,30714,25564,30714,25564,1000,1,2442,59422,31853.8,0,1e-07,115200,always,3500,1104,1273,1096,w_p0042_5000_r3.npz,I=+42.941 nA X=+42.941 nA MODE=1 T=1000ms RAW m=450 n=5800 INT1=30714 INT2=25564 EXT1=30714 EXT2=25564
43.0,1,42.99713333333333,43.429,43.429,450,5800,30735,57548,30735,57548,1000,1,2451,59653,31252.5,0,1e-07,115200,always,3500,1111,1369,1096,w_p0043_0000_r1.npz,I=+43.429 nA X=+43.429 nA MODE=1 T=1000ms RAW m=450 n=5800 INT1=30735 INT2=57548 EXT1=30735 EXT2=57548
43.0,2,42.99765,43.43,43.43,450,5800,30757,57661,30757,57661,1000,1,2396,59598,31219.9,0,1e-07,115200,always,3500,1111,1293,1096,w_p0043_0000_r2.npz,I=+43.430 nA X=+43.430 nA MODE=1 T=1000ms RAW m=450 n=5800 INT1=30757 INT2=57661 EXT1=30757 EXT2=57661
43.0,3,42.997725,43.432,43.432,450,5800,30782,57834,30782,57834,1000,1,2470,59638,31259.3,0,1e-07,115200,always,3500,1111,1272,1096,w_p0043_0000_r3.npz,I=+43.432 nA X=+43.432 nA MODE=1 T=1000ms RAW m=450 n=5800 INT1=30782 INT2=57834 EXT1=30782 EXT2=57834
43.5,1,43.498675,43.95,43.95,390,5860,30772,28569,30772,28569,1000,1,2390,59979,32290.4,0,1e-07,115200,always,3500,1119,1272,1096,w_p0043_5000_r1.npz,I=+43.950 nA X=+43.950 nA MODE=1 T=1000ms RAW m=390 n=5860 INT1=30772 INT2=28569 EXT1=30772 EXT2=28569
43.5,2,43.498575,43.951,43.951,388,5862,30764,26493,30764,26493,1000,1,2532,59882,32145.8,0,1e-07,115200,always,3500,1119,1288,1096,w_p0043_5000_r2.npz,I=+43.951 nA X=+43.951 nA MODE=1 T=1000ms RAW m=388 n=5862 INT1=30764 INT2=26493 EXT1=30764 EXT2=26493
43.5,3,43.498466666666666,43.952,43.952,390,5860,30737,28661,30737,28661,1000,1,2394,59873,32239.4,0,1e-07,115200,always,3500,1119,1355,1096,w_p0043_5000_r3.npz,I=+43.952 nA X=+43.952 nA MODE=1 T=1000ms RAW m=390 n=5860 INT1=30737 INT2=28661 EXT1=30737 EXT2=28661
44.0,1,43.9977,44.444,44.444,384,5866,30693,54505,30693,54505,1000,1,2509,59516,31380.1,0,1e-07,115200,always,3500,1128,1277,1096,w_p0044_0000_r1.npz,I=+44.444 nA X=+44.444 nA MODE=1 T=1000ms RAW m=384 n=5866 INT1=30693 INT2=54505 EXT1=30693 EXT2=54505
44.0,2,43.997575000000005,44.441,44.441,384,5866,30751,54341,30751,54341,1000,1,2441,59582,31329.3,0,1e-07,115200,always,3500,1128,1273,1097,w_p0044_0000_r2.npz,I=+44.441 nA X=+44.441 nA MODE=1 T=1000ms RAW m=384 n=5866 INT1=30751 INT2=54341 EXT1=30751 EXT2=54341
44.0,3,43.9976,44.443,44.443,384,5866,30775,54496,30775,54496,1000,1,2444,59501,31373.8,0,1e-07,115200,always,3500,1128,1272,1096,w_p0044_0000_r3.npz,I=+44.443 nA X=+44.443 nA MODE=1 T=1000ms RAW m=384 n=5866 INT1=30775 INT2=54496 EXT1=30775 EXT2=54496
44.5,1,44.49893333333333,44.964,44.964,325,5925,30766,26473,30766,26473,1000,1,2480,59779,32381.8,0,1e-07,115200,always,3500,1138,1381,1096,w_p0044_5000_r1.npz,I=+44.964 nA X=+44.964 nA MODE=1 T=1000ms RAW m=325 n=5925 INT1=30766 INT2=26473 EXT1=30766 EXT2=26473
44.5,2,44.49915,44.964,44.964,325,5925,30753,26461,30753,26461,1000,1,2506,59648,32320.8,0,1e-07,115200,always,3500,1138,1275,1096,w_p0044_5000_r2.npz,I=+44.964 nA X=+44.964 nA MODE=1 T=1000ms RAW m=325 n=5925 INT1=30753 INT2=26461 EXT1=30753 EXT2=26461
44.5,3,44.499024999999996,44.963,44.963,325,5925,30724,26405,30724,26405,1000,1,2419,59717,32321.8,0,1e-07,115200,always,3500,1138,1271,1096,w_p0044_5000_r3.npz,I=+44.963 nA X=+44.963 nA MODE=1 T=1000ms RAW m=325 n=5925 INT1=30724 INT2=26405 EXT1=30724 EXT2=26405
45.0,1,44.9981,45.452,45.452,325,5925,30721,58449,30721,58449,1000,1,2413,59921,31439.2,0,1e-07,115200,always,3500,1151,1271,1096,w_p0045_0000_r1.npz,I=+45.452 nA X=+45.452 nA MODE=1 T=1000ms RAW m=325 n=5925 INT1=30721 INT2=58449 EXT1=30721 EXT2=58449
45.0,2,44.998075,45.452,45.452,325,5925,30771,58471,30771,58471,1000,1,2509,59915,31409.8,0,1e-07,115200,always,3500,1151,1271,1096,w_p0045_0000_r2.npz,I=+45.452 nA X=+45.452 nA MODE=1 T=1000ms RAW m=325 n=5925 INT1=30771 INT2=58471 EXT1=30771 EXT2=58471
45.0,3,44.998,45.453,45.453,325,5925,30740,58503,30740,58503,1000,1,2482,59967,31445.1,0,1e-07,115200,always,3500,1151,1355,1096,w_p0045_0000_r3.npz,I=+45.453 nA X=+45.453 nA MODE=1 T=1000ms RAW m=325 n=5925 INT1=30740 INT2=58503 EXT1=30740 EXT2=58503
-45.0,1,-45.008625,-45.471,-45.471,5943,307,30825,19319,30825,19319,1000,1,1625,59111,30332.2,0,1e-07,115200,always,3501,1160,1292,1096,w_n0045_0000_r1.npz,I=-45.471 nA X=-45.471 nA MODE=1 T=1000ms RAW m=5943 n=307 INT1=30825 INT2=19319 EXT1=30825 EXT2=19319
-45.0,2,-45.008824999999995,-45.464,-45.464,5926,324,30829,1865,30829,1865,1000,1,1612,59084,30344.6,0,1e-07,115200,always,3501,1160,1272,1096,w_n0045_0000_r2.npz,I=-45.464 nA X=-45.464 nA MODE=1 T=1000ms RAW m=5926 n=324 INT1=30829 INT2=1865 EXT1=30829 EXT2=1865
-45.0,3,-45.008775,-45.469,-45.469,5941,309,30789,17309,30789,17309,1000,1,1677,59067,30322.8,0,1e-07,115200,always,3501,1160,1272,1096,w_n0045_0000_r3.npz,I=-45.469 nA X=-45.469 nA MODE=1 T=1000ms RAW m=5941 n=309 INT1=30789 INT2=17309 EXT1=30789 EXT2=17309
-44.5,1,-44.5093,-44.976,-44.976,5925,325,30788,32796,30788,32796,1000,1,1714,59035,29197.7,0,1e-07,115200,always,3500,1138,1355,1096,w_n0044_5000_r1.npz,I=-44.976 nA X=-44.976 nA MODE=1 T=1000ms RAW m=5925 n=325 INT1=30788 INT2=32796 EXT1=30788 EXT2=32796
-44.5,2,-44.509375000000006,-44.975,-44.975,5925,325,30825,32888,30825,32888,1000,1,1811,59098,29177.5,0,1e-07,115200,always,3500,1138,1271,1096,w_n0044_5000_r2.npz,I=-44.975 nA X=-44.975 nA MODE=1 T=1000ms RAW m=5925 n=325 INT1=30825 INT2=32888 EXT1=30825 EXT2=32888
-44.5,3,-44.50965,-44.978,-44.978,5925,325,30885,32761,30885,32761,1000,1,1805,59000,29180.8,0,1e-07,115200,always,3500,1138,1273,1096,w_n0044_5000_r3.npz,I=-44.978 nA X=-44.978 nA MODE=1 T=1000ms RAW m=5925 n=325 INT1=30885 INT2=32761 EXT1=30885 EXT2=32761
-44.0,1,-44.010175000000004,-44.459,-44.459,5866,384,30824,4543,30824,4543,1000,1,1949,59019,30340.8,0,1e-07,115200,always,3500,1127,1273,1096,w_n0044_0000_r1.npz,I=-44.459 nA X=-44.459 nA MODE=1 T=1000ms RAW m=5866 n=384 INT1=30824 INT2=4543 EXT1=30824 EXT2=4543
-44.0,2,-44.010149999999996,-44.457,-44.457,5866,384,30813,4616,30813,4616,1000,1,1981,59026,30375.8,0,1e-07,115200,always,3500,1127,1273,1096,w_n0044_0000_r2.npz,I=-44.457 nA X=-44.457 nA MODE=1 T=1000ms RAW m=5866 n=384 INT1=30813 INT2=4616 EXT1=30813 EXT2=4616
-44.0,3,-44.010266666666666,-44.459,-44.459,5866,384,30814,4517,30814,4517,1000,1,1839,59062,30358.6,0,1e-07,115200,always,3500,1127,1355,1096,w_n0044_0000_r3.npz,I=-44.459 nA X=-44.459 nA MODE=1 T=1000ms RAW m=5866 n=384 INT1=30814 INT2=4517 EXT1=30814 EXT2=4517
-43.5,1,-43.509025,-43.965,-43.965,5861,389,30808,31627,30808,31627,1000,1,1554,59069,29321.6,0,1e-07,115200,always,3444,1117,1277,1096,w_n0043_5000_r1.npz,I=-43.965 nA X=-43.965 nA MODE=1 T=1000ms RAW m=5861 n=389 INT1=30808 INT2=31627 EXT1=30808 EXT2=31627
-43.5,2,-43.508725,-43.965,-43.965,5861,389,30848,31635,30848,31635,1000,1,1614,59041,29321.4,0,1e-07,115200,always,3444,1117,1270,1096,w_n0043_5000_r2.npz,I=-43.965 nA X=-43.965 nA MODE=1 T=1000ms RAW m=5861 n=389 INT1=30848 INT2=31635 EXT1=30848 EXT2=31635
-43.5,3,-43.5087,-43.962,-43.962,5860,390,30790,30750,30790,30750,1000,1,1622,59094,29285.3,0,1e-07,115200,always,3444,1117,1281,1096,w_n0043_5000_r3.npz,I=-43.962 nA X=-43.962 nA MODE=1 T=1000ms RAW m=5860 n=390 INT1=30790 INT2=30750 EXT1=30790 EXT2=30750
-43.0,1,-43.009966666666664,-43.446,-43.446,5806,444,30872,7760,30872,7760,1000,1,1833,59039,30440.1,0,1e-07,115200,always,3500,1110,1353,1096,w_n0043_0000_r1.npz,I=-43.446 nA X=-43.446 nA MODE=1 T=1000ms RAW m=5806 n=444 INT1=30872 INT2=7760 EXT1=30872 EXT2=7760
-43.0,2,-43.00995,-43.447,-43.447,5807,443,30824,8641,30824,8641,1000,1,1849,59049,30435.4,0,1e-07,115200,always,3500,1110,1273,1096,w_n0043_0000_r2.npz,I=-43.447 nA X=-43.447 nA MODE=1 T=1000ms RAW m=5807 n=443 INT1=30824 INT2=8641 EXT1=30824 EXT2=8641
-43.0,3,-43.0098,-43.446,-43.446,5807,443,30813,8747,30813,8747,1000,1,1882,59063,30444.7,0,1e-07,115200,always,3500,1110,1271,1096,w_n0043_0000_r3.npz,I=-43.446 nA X=-43.446 nA MODE=1 T=1000ms RAW m=5807 n=443 INT1=30813 INT2=8747 EXT1=30813 EXT2=8747
-42.5,1,-42.509,-42.955,-42.955,5799,451,30862,32555,30862,32555,1000,1,1607,59109,29668.9,0,1e-07,115200,always,3548,1103,1271,1096,w_n0042_5000_r1.npz,I=-42.955 nA X=-42.955 nA MODE=1 T=1000ms RAW m=5799 n=451 INT1=30862 INT2=32555 EXT1=30862 EXT2=32555
-42.5,2,-42.508900000000004,-42.954,-42.954,5799,451,30872,32615,30872,32615,1000,1,1542,59083,29645.8,0,1e-07,115200,always,3548,1103,1297,1096,w_n0042_5000_r2.npz,I=-42.954 nA X=-42.954 nA MODE=1 T=1000ms RAW m=5799 n=451 INT1=30872 INT2=32615 EXT1=30872 EXT2=32615
-42.5,3,-42.508799999999994,-42.955,-42.955,5799,451,30784,32461,30784,32461,1000,1,1501,59055,29668.6,0,1e-07,115200,always,3548,1103,1353,1096,w_n0042_5000_r3.npz,I=-42.955 nA X=-42.955 nA MODE=1 T=1000ms RAW m=5799 n=451 INT1=30784 INT2=32461 EXT1=30784 EXT2=32461
-42.0,1,-42.009249999999994,-42.457,-42.457,5787,463,30833,52510,30833,52510,1000,1,1530,59048,30364.1,0,1e-07,115200,always,3500,1097,1272,1096,w_n0042_0000_r1.npz,I=-42.457 nA X=-42.457 nA MODE=1 T=1000ms RAW m=5787 n=463 INT1=30833 INT2=52510 EXT1=30833 EXT2=52510
-42.0,2,-42.009175,-42.463,-42.463,5792,458,30818,57360,30818,57360,1000,1,1578,59079,30167.7,0,1e-07,115200,always,3500,1097,1326,1096,w_n0042_0000_r2.npz,I=-42.463 nA X=-42.463 nA MODE=1 T=1000ms RAW m=5792 n=458 INT1=30818 INT2=57360 EXT1=30818 EXT2=57360
-42.0,3,-42.009325,-42.463,-42.463,5792,458,30967,57474,30967,57474,1000,1,1575,59092,30171.1,0,1e-07,115200,always,3500,1097,1270,1096,w_n0042_0000_r3.npz,I=-42.463 nA X=-42.463 nA MODE=1 T=1000ms RAW m=5792 n=458 INT1=30967 INT2=57474 EXT1=30967 EXT2=57474
-41.5,1,-41.509949999999996,-41.94,-41.94,5731,519,30800,27307,30800,27307,1000,1,1794,59144,29636.5,0,1e-07,115200,always,3499,1092,1075,1096,w_n0041_5000_r1.npz,I=-41.940 nA X=-41.940 nA MODE=1 T=1000ms RAW m=5731 n=519 INT1=30800 INT2=27307 EXT1=30800 EXT2=27307
-41.5,2,-41.51005,-41.941,-41.941,5731,519,30894,27337,30894,27337,1000,1,1847,59104,29650.2,0,1e-07,115200,always,3499,1092,1270,1096,w_n0041_5000_r2.npz,I=-41.941 nA X=-41.941 nA MODE=1 T=1000ms RAW m=5731 n=519 INT1=30894 INT2=27337 EXT1=30894 EXT2=27337
-41.5,3,-41.509825,-41.943,-41.943,5731,519,30915,27235,30915,27235,1000,1,1859,59108,29630.6,0,1e-07,115200,always,3499,1092,1270,1096,w_n0041_5000_r3.npz,I=-41.943 nA X=-41.943 nA MODE=1 T=1000ms RAW m=5731 n=519 INT1=30915 INT2=27235 EXT1=30915 EXT2=27235
-41.0,1,-41.009075,-41.447,-41.447,5726,524,30856,54395,30856,54395,1000,1,2005,59054,30553.7,0,1e-07,115200,always,3475,1087,1270,1096,w_n0041_0000_r1.npz,I=-41.447 nA X=-41.447 nA MODE=1 T=1000ms RAW m=5726 n=524 INT1=30856 INT2=54395 EXT1=30856 EXT2=54395
-41.0,2,-41.0091,-41.449,-41.449,5728,522,30884,56463,30884,56463,1000,1,2006,59117,30577.6,0,1e-07,115200,always,3475,1087,1271,1096,w_n0041_0000_r2.npz,I=-41.449 nA X=-41.449 nA MODE=1 T=1000ms RAW m=5728 n=522 INT1=30884 INT2=56463 EXT1=30884 EXT2=56463
-41.0,3,-41.00896666666666,-41.45,-41.45,5728,522,30849,56353,30849,56353,1000,1,1981,59163,30583.4,0,1e-07,115200,always,3475,1087,1368,1096,w_n0041_0000_r3.npz,I=-41.450 nA X=-41.450 nA MODE=1 T=1000ms RAW m=5728 n=522 INT1=30849 INT2=56353 EXT1=30849 EXT2=56353
-40.5,1,-40.509724999999996,-40.927,-40.927,5662,588,30865,21062,30865,21062,1000,1,1674,59176,29741.0,0,1e-07,115200,always,3499,1083,1271,1096,w_n0040_5000_r1.npz,I=-40.927 nA X=-40.927 nA MODE=1 T=1000ms RAW m=5662 n=588 INT1=30865 INT2=21062 EXT1=30865 EXT2=21062
-40.5,2,-40.509625,-40.929,-40.929,5662,588,30800,20852,30800,20852,1000,1,1602,59120,29714.3,0,1e-07,115200,always,3499,1083,1271,1096,w_n0040_5000_r2.npz,I=-40.929 nA X=-40.929 nA MODE=1 T=1000ms RAW m=5662 n=588 INT1=30800 INT2=20852 EXT1=30800 EXT2=20852
-40.5,3,-40.509775,-40.929,-40.929,5661,589,30825,19835,30825,19835,1000,1,1644,59097,29694.5,0,1e-07,115200,always,3499,1083,1271,1096,w_n0040_5000_r3.npz,I=-40.929 nA X=-40.929 nA MODE=1 T=1000ms RAW m=5661 n=589 INT1=30825 INT2=19835 EXT1=30825 EXT2=19835
-40.0,1,-40.0084,-40.438,-40.438,5661,589,30882,52110,30882,52110,1000,1,1959,59130,30166.4,0,1e-07,115200,always,3499,1080,1042,1096,w_n0040_0000_r1.npz,I=-40.438 nA X=-40.438 nA MODE=1 T=1000ms RAW m=5661 n=589 INT1=30882 INT2=52110 EXT1=30882 EXT2=52110
-40.0,2,-40.008525,-40.439,-40.439,5661,589,30818,51949,30818,51949,1000,1,1929,59070,30166.2,0,1e-07,115200,always,3499,1080,1273,1096,w_n0040_0000_r2.npz,I=-40.439 nA X=-40.439 nA MODE=1 T=1000ms RAW m=5661 n=589 INT1=30818 INT2=51949 EXT1=30818 EXT2=51949
-40.0,3,-40.008675,-40.439,-40.439,5661,589,30936,52060,30936,52060,1000,1,1913,59109,30162.4,0,1e-07,115200,always,3499,1080,1270,1096,w_n0040_0000_r3.npz,I=-40.439 nA X=-40.439 nA MODE=1 T=1000ms RAW m=5661 n=589 INT1=30936 INT2=52060 EXT1=30936 EXT2=52060
-39.5,1,-39.509175,-39.918,-39.918,5599,651,30936,20897,30936,20897,1000,1,2186,59112,30082.3,0,1e-07,115200,always,3500,1076,1270,1096,w_n0039_5000_r1.npz,I=-39.918 nA X=-39.918 nA MODE=1 T=1000ms RAW m=5599 n=651 INT1=30936 INT2=20897 EXT1=30936 EXT2=20897
-39.5,2,-39.509125,-39.918,-39.918,5599,651,30876,20848,30876,20848,1000,1,2237,59077,30055.9,0,1e-07,115200,always,3500,1076,1308,1096,w_n0039_5000_r2.npz,I=-39.918 nA X=-39.918 nA MODE=1 T=1000ms RAW m=5599 n=651 INT1=30876 INT2=20848 EXT1=30876 EXT2=20848
-39.5,3,-39.50936666666667,-39.918,-39.918,5599,651,30883,20845,30883,20845,1000,1,2217,59128,30044.9,0,1e-07,115200,always,3500,1076,1397,1096,w_n0039_5000_r3.npz,I=-39.918 nA X=-39.918 nA MODE=1 T=1000ms RAW m=5599 n=651 INT1=30883 INT2=20845 EXT1=30883 EXT2=20845
-39.0,1,-39.010425,-39.422,-39.422,5588,662,30807,41696,30807,41696,1000,1,1610,59204,29774.2,0,1e-07,115200,always,3496,1074,1303,1096,w_n0039_0000_r1.npz,I=-39.422 nA X=-39.422 nA MODE=1 T=1000ms RAW m=5588 n=662 INT1=30807 INT2=41696 EXT1=30807 EXT2=41696
-39.0,2,-39.01045,-39.425,-39.425,5591,659,30856,44690,30856,44690,1000,1,1590,59121,29951.6,0,1e-07,115200,always,3496,1074,1271,1096,w_n0039_0000_r2.npz,I=-39.425 nA X=-39.425 nA MODE=1 T=1000ms RAW m=5591 n=659 INT1=30856 INT2=44690 EXT1=30856 EXT2=44690
-39.0,3,-39.0103,-39.424,-39.424,5589,661,30823,42593,30823,42593,1000,1,1681,59090,29833.0,0,1e-07,115200,always,3496,1074,1272,1096,w_n0039_0000_r3.npz,I=-39.424 nA X=-39.424 nA MODE=1 T=1000ms RAW m=5589 n=661 INT1=30823 INT2=42593 EXT1=30823 EXT2=42593
-38.5,1,-38.509100000000004,-38.901,-38.901,5525,725,30864,9499,30864,9499,1000,1,1880,59185,30177.0,0,1e-07,115200,always,3500,1071,1354,1096,w_n0038_5000_r1.npz,I=-38.901 nA X=-38.901 nA MODE=1 T=1000ms RAW m=5525 n=725 INT1=30864 INT2=9499 EXT1=30864 EXT2=9499
-38.5,2,-38.5092,-38.901,-38.901,5525,725,30827,9438,30827,9438,1000,1,1891,59132,30188.3,0,1e-07,115200,always,3500,1071,1270,1096,w_n0038_5000_r2.npz,I=-38.901 nA X=-38.901 nA MODE=1 T=1000ms RAW m=5525 n=725 INT1=30827 INT2=9438 EXT1=30827 EXT2=9438
-38.5,3,-38.50915,-38.904,-38.904,5525,725,30841,9295,30841,9295,1000,1,1886,59137,30182.6,0,1e-07,115200,always,3500,1071,1272,1096,w_n0038_5000_r3.npz,I=-38.904 nA X=-38.904 nA MODE=1 T=1000ms RAW m=5525 n=725 INT1=30841 INT2=9295 EXT1=30841 EXT2=9295
-38.0,1,-38.009925,-38.411,-38.411,5524,726,30853,40550,30853,40550,1000,1,1466,59073,30095.4,0,1e-07,115200,always,3499,1068,1271,1096,w_n0038_0000_r1.npz,I=-38.411 nA X=-38.411 nA MODE=1 T=1000ms RAW m=5524 n=726 INT1=30853 INT2=40550 EXT1=30853 EXT2=40550
-38.0,2,-38.009750000000004,-38.412,-38.412,5523,727,30866,39417,30866,39417,1000,1,1567,59166,30080.4,0,1e-07,115200,always,3499,1068,1271,1096,w_n0038_0000_r2.npz,I=-38.412 nA X=-38.412 nA MODE=1 T=1000ms RAW m=5523 n=727 INT1=30866 INT2=39417 EXT1=30866 EXT2=39417
-38.0,3,-38.01006666666667,-38.415,-38.415,5523,727,30868,39251,30868,39251,1000,1,1455,59108,30057.2,0,1e-07,115200,always,3499,1068,1355,1096,w_n0038_0000_r3.npz,I=-38.415 nA X=-38.415 nA MODE=1 T=1000ms RAW m=5523 n=727 INT1=30868 INT2=39251 EXT1=30868 EXT2=39251
-37.5,1,-37.50885,-37.901,-37.901,5487,763,30868,34971,30868,34971,1000,1,1684,59159,30455.9,0,1e-07,115200,always,3500,1066,1272,1096,w_n0037_5000_r1.npz,I=-37.901 nA X=-37.901 nA MODE=1 T=1000ms RAW m=5487 n=763 INT1=30868 INT2=34971 EXT1=30868 EXT2=34971
-37.5,2,-37.508925,-37.899,-37.899,5486,764,30817,34056,30817,34056,1000,1,1820,59198,30482.6,0,1e-07,115200,always,3500,1066,1271,1096,w_n0037_5000_r2.npz,I=-37.899 nA X=-37.899 nA MODE=1 T=1000ms RAW m=5486 n=764 INT1=30817 INT2=34056 EXT1=30817 EXT2=34056
-37.5,3,-37.508725,-37.9,-37.9,5487,763,30800,35005,30800,35005,1000,1,1711,59218,30436.4,0,1e-07,115200,always,3500,1066,1270,1096,w_n0037_5000_r3.npz,I=-37.900 nA X=-37.900 nA MODE=1 T=1000ms RAW m=5487 n=763 INT1=30800 INT2=35005 EXT1=30800 EXT2=35005
-37.0,1,-37.0097,-37.395,-37.395,5450,800,31001,29334,31001,29334,1000,1,2098,59153,30035.7,0,1e-07,115200,always,3500,1064,1354,1096,w_n0037_0000_r1.npz,I=-37.395 nA X=-37.395 nA MODE=1 T=1000ms RAW m=5450 n=800 INT1=31001 INT2=29334 EXT1=31001 EXT2=29334
-37.0,2,-37.00965,-37.395,-37.395,5450,800,30856,29159,30856,29159,1000,1,2104,59214,30023.9,0,1e-07,115200,always,3500,1064,1274,1096,w_n0037_0000_r2.npz,I=-37.395 nA X=-37.395 nA MODE=1 T=1000ms RAW m=5450 n=800 INT1=30856 INT2=29159 EXT1=30856 EXT2=29159
-37.0,3,-37.009475,-37.396,-37.396,5450,800,30797,29038,30797,29038,1000,1,2020,59183,30017.4,0,1e-07,115200,always,3500,1064,1273,1096,w_n0037_0000_r3.npz,I=-37.396 nA X=-37.396 nA MODE=1 T=1000ms RAW m=5450 n=800 INT1=30797 INT2=29038 EXT1=30797 EXT2=29038
-36.5,1,-36.5102,-36.904,-36.904,5443,807,30835,53920,30835,53920,1000,1,1534,59183,30298.2,0,1e-07,115200,always,3500,1062,1271,1096,w_n0036_5000_r1.npz,I=-36.904 nA X=-36.904 nA MODE=1 T=1000ms RAW m=5443 n=807 INT1=30835 INT2=53920 EXT1=30835 EXT2=53920
-36.5,2,-36.510225,-36.906,-36.906,5446,804,30849,57003,30849,57003,1000,1,1581,59153,30479.8,0,1e-07,115200,always,3500,1062,1272,1096,w_n0036_5000_r2.npz,I=-36.906 nA X=-36.906 nA MODE=1 T=1000ms RAW m=5446 n=804 INT1=30849 INT2=57003 EXT1=30849 EXT2=57003
-36.5,3,-36.510266666666666,-36.902,-36.902,5441,809,30922,52069,30922,52069,1000,1,1811,59153,30678.1,0,1e-07,115200,always,3500,1062,1354,1096,w_n0036_5000_r3.npz,I=-36.902 nA X=-36.902 nA MODE=1 T=1000ms RAW m=5441 n=809 INT1=30922 INT2=52069 EXT1=30922 EXT2=52069
-36.0,1,-36.009,-36.377,-36.377,5372,878,30833,13648,30833,13648,1000,1,1838,59212,30110.0,0,1e-07,115200,always,3500,1060,1270,1096,w_n0036_0000_r1.npz,I=-36.377 nA X=-36.377 nA MODE=1 T=1000ms RAW m=5372 n=878 INT1=30833 INT2=13648 EXT1=30833 EXT2=13648
-36.0,2,-36.008925,-36.378,-36.378,5372,878,30902,13644,30902,13644,1000,1,1851,59150,30105.0,0,1e-07,115200,always,3500,1060,1272,1096,w_n0036_0000_r2.npz,I=-36.378 nA X=-36.378 nA MODE=1 T=1000ms RAW m=5372 n=878 INT1=30902 INT2=13644 EXT1=30902 EXT2=13644
-36.0,3,-36.009075,-36.376,-36.376,5372,878,30791,13678,30791,13678,1000,1,1784,59161,30105.4,0,1e-07,115200,always,3500,1060,1272,1096,w_n0036_0000_r3.npz,I=-36.376 nA X=-36.376 nA MODE=1 T=1000ms RAW m=5372 n=878 INT1=30791 INT2=13678 EXT1=30791 EXT2=13678
-35.5,1,-35.509350000000005,-35.888,-35.888,5372,878,30967,45824,30967,45824,1000,1,2086,59181,30257.5,0,1e-07,115200,always,3503,1058,1036,1096,w_n0035_5000_r1.npz,I=-35.888 nA X=-35.888 nA MODE=1 T=1000ms RAW m=5372 n=878 INT1=30967 INT2=45824 EXT1=30967 EXT2=45824
-35.5,2,-35.509725,-35.889,-35.889,5372,878,30819,45624,30819,45624,1000,1,2075,59157,30259.5,0,1e-07,115200,always,3503,1058,1299,1096,w_n0035_5000_r2.npz,I=-35.889 nA X=-35.889 nA MODE=1 T=1000ms RAW m=5372 n=878 INT1=30819 INT2=45624 EXT1=30819 EXT2=45624
-35.5,3,-35.509725,-35.888,-35.888,5372,878,30869,45720,30869,45720,1000,1,2126,59165,30250.1,0,1e-07,115200,always,3503,1058,1271,1096,w_n0035_5000_r3.npz,I=-35.888 nA X=-35.888 nA MODE=1 T=1000ms RAW m=5372 n=878 INT1=30869 INT2=45720 EXT1=30869 EXT2=45720
-35.0,1,-35.0085,-35.357,-35.357,5299,951,30795,3530,30795,3530,1000,1,1714,59059,30440.6,0,1e-07,115200,always,3495,1057,1337,1096,w_n0035_0000_r1.npz,I=-35.357 nA X=-35.357 nA MODE=1 T=1000ms RAW m=5299 n=951 INT1=30795 INT2=3530 EXT1=30795 EXT2=3530
-35.0,2,-35.0083,-35.369,-35.369,5317,933,30816,21777,30816,21777,1000,1,1680,59217,30427.8,0,1e-07,115200,always,3495,1057,1270,1096,w_n0035_0000_r2.npz,I=-35.369 nA X=-35.369 nA MODE=1 T=1000ms RAW m=5317 n=933 INT1=30816 INT2=21777 EXT1=30816 EXT2=21777
-35.0,3,-35.00856666666667,-35.365,-35.365,5312,938,30817,16736,30817,16736,1000,1,1733,59194,30453.6,0,1e-07,115200,always,3495,1057,1364,1096,w_n0035_0000_r3.npz,I=-35.365 nA X=-35.365 nA MODE=1 T=1000ms RAW m=5312 n=938 INT1=30817 INT2=16736 EXT1=30817 EXT2=16736
-34.5,1,-34.509224999999994,-34.868,-34.868,5293,957,30893,29359,30893,29359,1000,1,1951,59134,30044.9,0,1e-07,115200,always,3499,1055,1271,1096,w_n0034_5000_r1.npz,I=-34.868 nA X=-34.868 nA MODE=1 T=1000ms RAW m=5293 n=957 INT1=30893 INT2=29359 EXT1=30893 EXT2=29359
-34.5,2,-34.509075,-34.868,-34.868,5293,957,30808,29280,30808,29280,1000,1,1879,59189,30048.9,0,1e-07,115200,always,3499,1055,1271,1096,w_n0034_5000_r2.npz,I=-34.868 nA X=-34.868 nA MODE=1 T=1000ms RAW m=5293 n=957 INT1=30808 INT2=29280 EXT1=30808 EXT2=29280
-34.5,3,-34.509,-34.87,-34.87,5293,957,30843,29231,30843,29231,1000,1,1934,59237,30094.0,0,1e-07,115200,always,3499,1055,1271,1096,w_n0034_5000_r3.npz,I=-34.870 nA X=-34.870 nA MODE=1 T=1000ms RAW m=5293 n=957 INT1=30843 INT2=29231 EXT1=30843 EXT2=29231
-34.0,1,-34.0097,-34.364,-34.364,5258,992,30352,25010,30352,25010,1000,1,1615,59112,30668.2,0,1e-07,115200,always,3500,1054,1037,1096,w_n0034_0000_r1.npz,I=-34.364 nA X=-34.364 nA MODE=1 T=1000ms RAW m=5258 n=992 INT1=30352 INT2=25010 EXT1=30352 EXT2=25010
-34.0,2,-34.009674999999994,-34.379,-34.379,5290,960,30894,58290,30894,58290,1000,1,1552,59181,30558.3,0,1e-07,115200,always,3500,1054,1271,1096,w_n0034_0000_r2.npz,I=-34.379 nA X=-34.379 nA MODE=1 T=1000ms RAW m=5290 n=960 INT1=30894 INT2=58290 EXT1=30894 EXT2=58290
-34.0,3,-34.00975,-34.377,-34.377,5290,960,30802,58327,30802,58327,1000,1,1457,59192,30607.7,0,1e-07,115200,always,3500,1054,1274,1096,w_n0034_0000_r3.npz,I=-34.377 nA X=-34.377 nA MODE=1 T=1000ms RAW m=5290 n=960 INT1=30802 INT2=58327 EXT1=30802 EXT2=58327
-33.5,1,-33.508675,-33.848,-33.848,5211,1039,30788,9709,30788,9709,1000,1,1836,59225,30222.2,0,1e-07,115200,always,3509,1053,1272,1096,w_n0033_5000_r1.npz,I=-33.848 nA X=-33.848 nA MODE=1 T=1000ms RAW m=5211 n=1039 INT1=30788 INT2=9709 EXT1=30788 EXT2=9709
-33.5,2,-33.5087,-33.849,-33.849,5211,1039,30835,9722,30835,9722,1000,1,1812,59216,30217.5,0,1e-07,115200,always,3509,1053,1271,1096,w_n0033_5000_r2.npz,I=-33.849 nA X=-33.849 nA MODE=1 T=1000ms RAW m=5211 n=1039 INT1=30835 INT2=9722 EXT1=30835 EXT2=9722
-33.5,3,-33.50886666666667,-33.851,-33.851,5211,1039,30884,9620,30884,9620,1000,1,1651,59222,30215.0,0,1e-07,115200,always,3509,1053,1353,1096,w_n0033_5000_r3.npz,I=-33.851 nA X=-33.851 nA MODE=1 T=1000ms RAW m=5211 n=1039 INT1=30884 INT2=9620 EXT1=30884 EXT2=9620
-33.0,1,-33.00945,-33.36,-33.36,5211,1039,30811,41747,30811,41747,1000,1,2094,59167,30252.8,0,1e-07,115200,always,3500,1052,1294,1096,w_n0033_0000_r1.npz,I=-33.360 nA X=-33.360 nA MODE=1 T=1000ms RAW m=5211 n=1039 INT1=30811 INT2=41747 EXT1=30811 EXT2=41747
-33.0,2,-33.0096,-33.362,-33.362,5211,1039,30816,41581,30816,41581,1000,1,1966,59240,30272.5,0,1e-07,115200,always,3500,1052,1272,1096,w_n0033_0000_r2.npz,I=-33.362 nA X=-33.362 nA MODE=1 T=1000ms RAW m=5211 n=1039 INT1=30816 INT2=41581 EXT1=30816 EXT2=41581
-33.0,3,-33.00945,-33.361,-33.361,5210,1040,30939,40767,30939,40767,1000,1,1572,59300,30205.4,0,1e-07,115200,always,3500,1052,1271,1096,w_n0033_0000_r3.npz,I=-33.361 nA X=-33.361 nA MODE=1 T=1000ms RAW m=5210 n=1040 INT1=30939 INT2=40767 EXT1=30939 EXT2=40767
-32.5,1,-32.50835,-32.851,-32.851,5179,1071,30934,41470,30934,41470,1000,1,1726,59264,30512.2,0,1e-07,115200,always,3500,1051,1036,1096,w_n0032_5000_r1.npz,I=-32.851 nA X=-32.851 nA MODE=1 T=1000ms RAW m=5179 n=1071 INT1=30934 INT2=41470 EXT1=30934 EXT2=41470
-32.5,2,-32.508175,-32.854,-32.854,5184,1066,30783,46409,30783,46409,1000,1,1739,59116,30445.6,0,1e-07,115200,always,3500,1051,1284,1096,w_n0032_5000_r2.npz,I=-32.854 nA X=-32.854 nA MODE=1 T=1000ms RAW m=5184 n=1066 INT1=30783 INT2=46409 EXT1=30783 EXT2=46409
-32.5,3,-32.50825,-32.86,-32.86,5194,1056,30804,56593,30804,56593,1000,1,1725,59181,30415.8,0,1e-07,115200,always,3500,1051,1296,1096,w_n0032_5000_r3.npz,I=-32.860 nA X=-32.860 nA MODE=1 T=1000ms RAW m=5194 n=1056 INT1=30804 INT2=56593 EXT1=30804 EXT2=56593
-32.0,1,-32.0092,-32.34,-32.34,5128,1122,30976,21251,30976,21251,1000,1,2049,59177,30177.6,0,1e-07,115200,always,3500,1049,1270,1096,w_n0032_0000_r1.npz,I=-32.340 nA X=-32.340 nA MODE=1 T=1000ms RAW m=5128 n=1122 INT1=30976 INT2=21251 EXT1=30976 EXT2=21251
-32.0,2,-32.009175000000006,-32.341,-32.341,5128,1122,30977,21231,30977,21231,1000,1,2012,59212,30188.0,0,1e-07,115200,always,3500,1049,1271,1096,w_n0032_0000_r2.npz,I=-32.341 nA X=-32.341 nA MODE=1 T=1000ms RAW m=5128 n=1122 INT1=30977 INT2=21231 EXT1=30977 EXT2=21231
-32.0,3,-32.009100000000004,-32.34,-32.34,5127,1123,31002,20236,31002,20236,1000,1,1720,59285,30230.3,0,1e-07,115200,always,3500,1049,1354,1096,w_n0032_0000_r3.npz,I=-32.340 nA X=-32.340 nA MODE=1 T=1000ms RAW m=5127 n=1123 INT1=31002 INT2=20236 EXT1=31002 EXT2=20236
-31.5,1,-31.509900000000002,-31.847,-31.847,5123,1127,30788,48154,30788,48154,1000,1,1714,59228,30378.5,0,1e-07,115200,always,3500,1048,1272,1096,w_n0031_5000_r1.npz,I=-31.847 nA X=-31.847 nA MODE=1 T=1000ms RAW m=5123 n=1127 INT1=30788 INT2=48154 EXT1=30788 EXT2=48154
-31.5,2,-31.509675,-31.847,-31.847,5119,1131,30872,44018,30872,44018,1000,1,1745,59267,30218.8,0,1e-07,115200,always,3500,1048,1274,1096,w_n0031_5000_r2.npz,I=-31.847 nA X=-31.847 nA MODE=1 T=1000ms RAW m=5119 n=1131 INT1=30872 INT2=44018 EXT1=30872 EXT2=44018
-31.5,3,-31.509724999999996,-31.851,-31.851,5124,1126,30897,49050,30897,49050,1000,1,1718,59183,30381.3,0,1e-07,115200,always,3500,1048,1270,1096,w_n0031_5000_r3.npz,I=-31.851 nA X=-31.851 nA MODE=1 T=1000ms RAW m=5124 n=1126 INT1=30897 INT2=49050 EXT1=30897 EXT2=49050
-31.0,1,-31.008433333333336,-31.324,-31.324,5064,1186,30879,20358,30879,20358,1000,1,1874,59247,30499.1,0,1e-07,115200,always,3500,1047,1355,1096,w_n0031_0000_r1.npz,I=-31.324 nA X=-31.324 nA MODE=1 T=1000ms RAW m=5064 n=1186 INT1=30879 INT2=20358 EXT1=30879 EXT2=20358
-31.0,2,-31.008225,-31.325,-31.325,5064,1186,30876,20236,30876,20236,1000,1,1971,59272,30523.4,0,1e-07,115200,always,3500,1047,1271,1096,w_n0031_0000_r2.npz,I=-31.325 nA X=-31.325 nA MODE=1 T=1000ms RAW m=5064 n=1186 INT1=30876 INT2=20236 EXT1=30876 EXT2=20236
-31.0,3,-31.008250000000004,-31.324,-31.324,5064,1186,30825,20276,30825,20276,1000,1,1873,59152,30465.4,0,1e-07,115200,always,3500,1047,1309,1096,w_n0031_0000_r3.npz,I=-31.324 nA X=-31.324 nA MODE=1 T=1000ms RAW m=5064 n=1186 INT1=30825 INT2=20276 EXT1=30825 EXT2=20276
-30.5,1,-30.509200000000003,-30.827,-30.827,5040,1210,30941,27695,30941,27695,1000,1,1532,59216,30273.2,0,1e-07,115200,always,3500,1046,1270,1096,w_n0030_5000_r1.npz,I=-30.827 nA X=-30.827 nA MODE=1 T=1000ms RAW m=5040 n=1210 INT1=30941 INT2=27695 EXT1=30941 EXT2=27695
-30.5,2,-30.509349999999998,-30.828,-30.828,5042,1208,30826,29581,30826,29581,1000,1,2169,59123,30262.2,0,1e-07,115200,always,3500,1046,1274,1096,w_n0030_5000_r2.npz,I=-30.828 nA X=-30.828 nA MODE=1 T=1000ms RAW m=5042 n=1208 INT1=30826 INT2=29581 EXT1=30826 EXT2=29581
-30.5,3,-30.50926666666667,-30.827,-30.827,5041,1209,30805,28617,30805,28617,1000,1,1668,59240,30270.2,0,1e-07,115200,always,3500,1046,1354,1096,w_n0030_5000_r3.npz,I=-30.827 nA X=-30.827 nA MODE=1 T=1000ms RAW m=5041 n=1209 INT1=30805 INT2=28617 EXT1=30805 EXT2=28617
-30.0,1,-30.008075,-30.329,-30.329,5026,1224,30944,45581,30944,45581,1000,1,1753,59162,30179.3,0,1e-07,115200,always,3500,1046,1271,1096,w_n0030_0000_r1.npz,I=-30.329 nA X=-30.329 nA MODE=1 T=1000ms RAW m=5026 n=1224 INT1=30944 INT2=45581 EXT1=30944 EXT2=45581
-30.0,2,-30.00815,-30.33,-30.33,5026,1224,30925,45474,30925,45474,1000,1,1725,59263,30158.7,0,1e-07,115200,always,3500,1046,1270,1096,w_n0030_0000_r2.npz,I=-30.330 nA X=-30.330 nA MODE=1 T=1000ms RAW m=5026 n=1224 INT1=30925 INT2=45474 EXT1=30925 EXT2=45474
-30.0,3,-30.008,-30.329,-30.329,5026,1224,30914,45540,30914,45540,1000,1,1787,59227,30185.4,0,1e-07,115200,always,3500,1046,1270,1096,w_n0030_0000_r3.npz,I=-30.329 nA X=-30.329 nA MODE=1 T=1000ms RAW m=5026 n=1224 INT1=30914 INT2=45540 EXT1=30914 EXT2=45540
-29.5,1,-29.509133333333335,-29.805,-29.805,4955,1295,30793,4956,30793,4956,1000,1,2073,59276,30540.5,0,1e-07,115200,always,3500,1045,1354,1096,w_n0029_5000_r1.npz,I=-29.805 nA X=-29.805 nA MODE=1 T=1000ms RAW m=4955 n=1295 INT1=30793 INT2=4956 EXT1=30793 EXT2=4956
-29.5,2,-29.5091,-29.804,-29.804,4954,1296,30955,4087,30955,4087,1000,1,1783,59164,30523.2,0,1e-07,115200,always,3500,1045,1271,1096,w_n0029_5000_r2.npz,I=-29.804 nA X=-29.804 nA MODE=1 T=1000ms RAW m=4954 n=1296 INT1=30955 INT2=4087 EXT1=30955 EXT2=4087
-29.5,3,-29.508875,-29.803,-29.803,4954,1296,30945,4155,30945,4155,1000,1,1868,59271,30536.8,0,1e-07,115200,always,3500,1045,1271,1096,w_n0029_5000_r3.npz,I=-29.803 nA X=-29.803 nA MODE=1 T=1000ms RAW m=4954 n=1296 INT1=30945 INT2=4155 EXT1=30945 EXT2=4155
-29.0,1,-29.009625,-29.307,-29.307,4940,1310,30868,21844,30868,21844,1000,1,1700,59181,30142.1,0,1e-07,115200,always,3500,1044,1274,1096,w_n0029_0000_r1.npz,I=-29.307 nA X=-29.307 nA MODE=1 T=1000ms RAW m=4940 n=1310 INT1=30868 INT2=21844 EXT1=30868 EXT2=21844
-29.0,2,-29.0095,-29.308,-29.308,4940,1310,30799,21723,30799,21723,1000,1,1713,59219,30105.5,0,1e-07,115200,always,3500,1044,1271,1096,w_n0029_0000_r2.npz,I=-29.308 nA X=-29.308 nA MODE=1 T=1000ms RAW m=4940 n=1310 INT1=30799 INT2=21723 EXT1=30799 EXT2=21723
-29.0,3,-29.009533333333334,-29.307,-29.307,4939,1311,30970,20879,30970,20879,1000,1,1660,59243,30161.5,0,1e-07,115200,always,3500,1044,1354,1096,w_n0029_0000_r3.npz,I=-29.307 nA X=-29.307 nA MODE=1 T=1000ms RAW m=4939 n=1311 INT1=30970 INT2=20879 EXT1=30970 EXT2=20879
-28.5,1,-28.508275,-28.817,-28.817,4936,1314,30834,49736,30834,49736,1000,1,2126,59208,30416.8,0,1e-07,115200,always,3499,1043,1270,1096,w_n0028_5000_r1.npz,I=-28.817 nA X=-28.817 nA MODE=1 T=1000ms RAW m=4936 n=1314 INT1=30834 INT2=49736 EXT1=30834 EXT2=49736
-28.5,2,-28.50815,-28.818,-28.818,4936,1314,30991,49808,30991,49808,1000,1,2100,59267,30368.8,0,1e-07,115200,always,3499,1043,1325,1096,w_n0028_5000_r2.npz,I=-28.818 nA X=-28.818 nA MODE=1 T=1000ms RAW m=4936 n=1314 INT1=30991 INT2=49808 EXT1=30991 EXT2=49808
-28.5,3,-28.50825,-28.817,-28.817,4936,1314,30921,49828,30921,49828,1000,1,2078,59208,30344.4,0,1e-07,115200,always,3499,1043,1307,1096,w_n0028_5000_r3.npz,I=-28.817 nA X=-28.817 nA MODE=1 T=1000ms RAW m=4936 n=1314 INT1=30921 INT2=49828 EXT1=30921 EXT2=49828
-28.0,1,-28.0091,-28.295,-28.295,4877,1373,30938,21894,30938,21894,1000,1,1632,59227,30536.2,0,1e-07,115200,always,3499,1045,1357,1096,w_n0028_0000_r1.npz,I=-28.295 nA X=-28.295 nA MODE=1 T=1000ms RAW m=4877 n=1373 INT1=30938 INT2=21894 EXT1=30938 EXT2=21894
-28.0,2,-28.00895,-28.301,-28.301,4884,1366,30822,28730,30822,28730,1000,1,1660,59216,30530.2,0,1e-07,115200,always,3499,1045,1305,1096,w_n0028_0000_r2.npz,I=-28.301 nA X=-28.301 nA MODE=1 T=1000ms RAW m=4884 n=1366 INT1=30822 INT2=28730 EXT1=30822 EXT2=28730
-28.0,3,-28.0089,-28.291,-28.291,4869,1381,31071,13806,31071,13806,1000,1,1701,59326,30551.3,0,1e-07,115200,always,3499,1045,1300,1096,w_n0028_0000_r3.npz,I=-28.291 nA X=-28.291 nA MODE=1 T=1000ms RAW m=4869 n=1381 INT1=31071 INT2=13806 EXT1=31071 EXT2=13806
-27.5,1,-27.508025000000004,-27.793,-27.793,4846,1404,30948,22117,30948,22117,1000,1,2015,59252,30252.5,0,1e-07,115200,always,3498,1042,1271,1096,w_n0027_5000_r1.npz,I=-27.793 nA X=-27.793 nA MODE=1 T=1000ms RAW m=4846 n=1404 INT1=30948 INT2=22117 EXT1=30948 EXT2=22117
-27.5,2,-27.507824999999997,-27.791,-27.791,4845,1405,30987,21192,30987,21192,1000,1,1715,59241,30236.1,0,1e-07,115200,always,3498,1042,1275,1096,w_n0027_5000_r2.npz,I=-27.791 nA X=-27.791 nA MODE=1 T=1000ms RAW m=4845 n=1405 INT1=30987 INT2=21192 EXT1=30987 EXT2=21192
-27.5,3,-27.5078,-27.793,-27.793,4846,1404,30951,22134,30951,22134,1000,1,2007,59249,30274.7,0,1e-07,115200,always,3498,1042,1353,1096,w_n0027_5000_r3.npz,I=-27.793 nA X=-27.793 nA MODE=1 T=1000ms RAW m=4846 n=1404 INT1=30951 INT2=22134 EXT1=30951 EXT2=22134
-27.0,1,-27.008425,-27.296,-27.296,4836,1414,30857,44041,30857,44041,1000,1,1627,59252,30299.4,0,1e-07,115200,always,3500,1041,1271,1096,w_n0027_0000_r1.npz,I=-27.296 nA X=-27.296 nA MODE=1 T=1000ms RAW m=4836 n=1414 INT1=30857 INT2=44041 EXT1=30857 EXT2=44041
-27.0,2,-27.008275,-27.298,-27.298,4837,1413,30976,45116,30976,45116,1000,1,1714,59227,30304.3,0,1e-07,115200,always,3500,1041,1273,1096,w_n0027_0000_r2.npz,I=-27.298 nA X=-27.298 nA MODE=1 T=1000ms RAW m=4837 n=1413 INT1=30976 INT2=45116 EXT1=30976 EXT2=45116
-27.0,3,-27.008475,-27.299,-27.299,4836,1414,30983,43982,30983,43982,1000,1,1688,59266,30307.8,0,1e-07,115200,always,3500,1041,1273,1096,w_n0027_0000_r3.npz,I=-27.299 nA X=-27.299 nA MODE=1 T=1000ms RAW m=4836 n=1414 INT1=30983 INT2=43982 EXT1=30983 EXT2=43982
-26.5,1,-26.5094,-26.787,-26.787,4798,1452,30950,37471,30950,37471,1000,1,1959,59243,30587.9,0,1e-07,115200,always,3500,1040,1044,1096,w_n0026_5000_r1.npz,I=-26.787 nA X=-26.787 nA MODE=1 T=1000ms RAW m=4798 n=1452 INT1=30950 INT2=37471 EXT1=30950 EXT2=37471
-26.5,2,-26.509325,-26.787,-26.787,4798,1452,30966,37500,30966,37500,1000,1,1965,59225,30573.4,0,1e-07,115200,always,3500,1040,1270,1096,w_n0026_5000_r2.npz,I=-26.787 nA X=-26.787 nA MODE=1 T=1000ms RAW m=4798 n=1452 INT1=30966 INT2=37500 EXT1=30966 EXT2=37500
-26.5,3,-26.508975,-26.788,-26.788,4798,1452,30945,37422,30945,37422,1000,1,1983,59298,30608.0,0,1e-07,115200,always,3500,1040,1271,1096,w_n0026_5000_r3.npz,I=-26.788 nA X=-26.788 nA MODE=1 T=1000ms RAW m=4798 n=1452 INT1=30945 INT2=37422 EXT1=30945 EXT2=37422
-26.0,1,-26.00815,-26.275,-26.275,4750,1500,30937,20403,30937,20403,1000,1,1828,59283,30409.6,0,1e-07,115200,always,3500,1040,1272,1096,w_n0026_0000_r1.npz,I=-26.275 nA X=-26.275 nA MODE=1 T=1000ms RAW m=4750 n=1500 INT1=30937 INT2=20403 EXT1=30937 EXT2=20403
-26.0,2,-26.007975,-26.275,-26.275,4751,1499,30910,21426,30910,21426,1000,1,1778,59186,30381.9,0,1e-07,115200,always,3500,1040,1271,1096,w_n0026_0000_r2.npz,I=-26.275 nA X=-26.275 nA MODE=1 T=1000ms RAW m=4751 n=1499 INT1=30910 INT2=21426 EXT1=30910 EXT2=21426
-26.0,3,-26.008166666666664,-26.275,-26.275,4750,1500,30928,20394,30928,20394,1000,1,1681,59267,30388.9,0,1e-07,115200,always,3500,1040,1353,1096,w_n0026_0000_r3.npz,I=-26.275 nA X=-26.275 nA MODE=1 T=1000ms RAW m=4750 n=1500 INT1=30928 INT2=20394 EXT1=30928 EXT2=20394
-25.5,1,-25.508599999999998,-25.778,-25.778,4732,1518,31041,34160,31041,34160,1000,1,1860,59243,30217.4,0,1e-07,115200,always,3500,1039,1271,1096,w_n0025_5000_r1.npz,I=-25.778 nA X=-25.778 nA MODE=1 T=1000ms RAW m=4732 n=1518 INT1=31041 INT2=34160 EXT1=31041 EXT2=34160
-25.5,2,-25.50885,-25.778,-25.778,4733,1517,30786,34932,30786,34932,1000,1,1974,59270,30248.7,0,1e-07,115200,always,3500,1039,1272,1096,w_n0025_5000_r2.npz,I=-25.778 nA X=-25.778 nA MODE=1 T=1000ms RAW m=4733 n=1517 INT1=30786 INT2=34932 EXT1=30786 EXT2=34932
-25.5,3,-25.508525,-25.779,-25.779,4733,1517,31117,35219,31117,35219,1000,1,1878,59352,30261.2,0,1e-07,115200,always,3500,1039,1274,1096,w_n0025_5000_r3.npz,I=-25.779 nA X=-25.779 nA MODE=1 T=1000ms RAW m=4733 n=1517 INT1=31117 INT2=35219 EXT1=31117 EXT2=35219
-25.0,1,-25.00735,-25.267,-25.267,4691,1559,30018,23387,30018,23387,1000,1,1778,59332,30709.7,0,1e-07,115200,always,3502,1039,1036,1096,w_n0025_0000_r1.npz,I=-25.267 nA X=-25.267 nA MODE=1 T=1000ms RAW m=4691 n=1559 INT1=30018 INT2=23387 EXT1=30018 EXT2=23387
-25.0,2,-25.0075,-25.278,-25.278,4719,1531,30905,53062,30905,53062,1000,1,1686,59232,30608.0,0,1e-07,115200,always,3502,1039,1271,1096,w_n0025_0000_r2.npz,I=-25.278 nA X=-25.278 nA MODE=1 T=1000ms RAW m=4719 n=1531 INT1=30905 INT2=53062 EXT1=30905 EXT2=53062
-25.0,3,-25.007425,-25.277,-25.277,4716,1534,30929,50004,30929,50004,1000,1,1765,59210,30626.0,0,1e-07,115200,always,3502,1039,1271,1096,w_n0025_0000_r3.npz,I=-25.277 nA X=-25.277 nA MODE=1 T=1000ms RAW m=4716 n=1534 INT1=30929 INT2=50004 EXT1=30929 EXT2=50004
-24.5,1,-24.508,-24.751,-24.751,4640,1610,30845,4303,30845,4303,1000,1,1959,59306,30506.2,0,1e-07,115200,always,3500,1038,1271,1096,w_n0024_5000_r1.npz,I=-24.751 nA X=-24.751 nA MODE=1 T=1000ms RAW m=4640 n=1610 INT1=30845 INT2=4303 EXT1=30845 EXT2=4303
-24.5,2,-24.507825,-24.75,-24.75,4640,1610,30835,4375,30835,4375,1000,1,1904,59230,30484.3,0,1e-07,115200,always,3500,1038,1270,1096,w_n0024_5000_r2.npz,I=-24.750 nA X=-24.750 nA MODE=1 T=1000ms RAW m=4640 n=1610 INT1=30835 INT2=4375 EXT1=30835 EXT2=4375
-24.5,3,-24.508,-24.748,-24.748,4639,1611,31002,3632,31002,3632,1000,1,1893,59275,30498.6,0,1e-07,115200,always,3500,1038,1089,1096,w_n0024_5000_r3.npz,I=-24.748 nA X=-24.748 nA MODE=1 T=1000ms RAW m=4639 n=1611 INT1=31002 INT2=3632 EXT1=31002 EXT2=3632
-24.0,1,-24.008924999999998,-24.262,-24.262,4634,1616,30925,30118,30925,30118,1000,1,1696,59284,30364.4,0,1e-07,115200,always,3500,1037,1284,1096,w_n0024_0000_r1.npz,I=-24.262 nA X=-24.262 nA MODE=1 T=1000ms RAW m=4634 n=1616 INT1=30925 INT2=30118 EXT1=30925 EXT2=30118
-24.0,2,-24.008924999999998,-24.261,-24.261,4632,1618,30923,28068,30923,28068,1000,1,1644,59290,30346.4,0,1e-07,115200,always,3500,1037,1270,1096,w_n0024_0000_r2.npz,I=-24.261 nA X=-24.261 nA MODE=1 T=1000ms RAW m=4632 n=1618 INT1=30923 INT2=28068 EXT1=30923 EXT2=28068
-24.0,3,-24.009024999999998,-24.26,-24.26,4630,1620,31125,26244,31125,26244,1000,1,1813,59260,30346.9,0,1e-07,115200,always,3500,1037,1303,1096,w_n0024_0000_r3.npz,I=-24.260 nA X=-24.260 nA MODE=1 T=1000ms RAW m=4630 n=1620 INT1=31125 INT2=26244 EXT1=31125 EXT2=26244
-23.5,1,-23.5075,-23.761,-23.761,4616,1634,30867,43950,30867,43950,1000,1,1908,59203,30295.0,0,1e-07,115200,always,3500,1037,1036,1096,w_n0023_5000_r1.npz,I=-23.761 nA X=-23.761 nA MODE=1 T=1000ms RAW m=4616 n=1634 INT1=30867 INT2=43950 EXT1=30867 EXT2=43950
-23.5,2,-23.507575000000003,-23.76,-23.76,4616,1634,30809,43944,30809,43944,1000,1,1951,59259,30301.7,0,1e-07,115200,always,3500,1037,1330,1096,w_n0023_5000_r2.npz,I=-23.760 nA X=-23.760 nA MODE=1 T=1000ms RAW m=4616 n=1634 INT1=30809 INT2=43944 EXT1=30809 EXT2=43944
-23.5,3,-23.507375,-23.76,-23.76,4616,1634,30884,43976,30884,43976,1000,1,2008,59271,30337.4,0,1e-07,115200,always,3500,1037,1271,1096,w_n0023_5000_r3.npz,I=-23.760 nA X=-23.760 nA MODE=1 T=1000ms RAW m=4616 n=1634 INT1=30884 INT2=43976 EXT1=30884 EXT2=43976
-23.0,1,-23.008325,-23.249,-23.249,4573,1677,30959,32250,30959,32250,1000,1,1675,59386,30686.8,0,1e-07,115200,always,3500,1036,1275,1096,w_n0023_0000_r1.npz,I=-23.249 nA X=-23.249 nA MODE=1 T=1000ms RAW m=4573 n=1677 INT1=30959 INT2=32250 EXT1=30959 EXT2=32250
-23.0,2,-23.0083,-23.245,-23.245,4568,1682,30844,27120,30844,27120,1000,1,1845,59313,30676.6,0,1e-07,115200,always,3500,1036,1270,1096,w_n0023_0000_r2.npz,I=-23.245 nA X=-23.245 nA MODE=1 T=1000ms RAW m=4568 n=1682 INT1=30844 INT2=27120 EXT1=30844 EXT2=27120
-23.0,3,-23.008533333333332,-23.244,-23.244,4565,1685,30808,24009,30808,24009,1000,1,1834,59240,30659.6,0,1e-07,115200,always,3500,1036,1353,1096,w_n0023_0000_r3.npz,I=-23.244 nA X=-23.244 nA MODE=1 T=1000ms RAW m=4565 n=1685 INT1=30808 INT2=24009 EXT1=30808 EXT2=24009
-22.5,1,-22.506950000000003,-22.73,-22.73,4517,1733,30844,7182,30844,7182,1000,1,2018,59209,30427.2,0,1e-07,115200,always,3500,1036,1271,1096,w_n0022_5000_r1.npz,I=-22.730 nA X=-22.730 nA MODE=1 T=1000ms RAW m=4517 n=1733 INT1=30844 INT2=7182 EXT1=30844 EXT2=7182
-22.5,2,-22.507125000000002,-22.732,-22.732,4517,1733,30799,7002,30799,7002,1000,1,2017,59327,30496.2,0,1e-07,115200,always,3500,1036,1270,1096,w_n0022_5000_r2.npz,I=-22.732 nA X=-22.732 nA MODE=1 T=1000ms RAW m=4517 n=1733 INT1=30799 INT2=7002 EXT1=30799 EXT2=7002
-22.5,3,-22.5073,-22.731,-22.731,4517,1733,30821,7038,30821,7038,1000,1,1980,59293,30461.2,0,1e-07,115200,always,3500,1036,1317,1096,w_n0022_5000_r3.npz,I=-22.731 nA X=-22.731 nA MODE=1 T=1000ms RAW m=4517 n=1733 INT1=30821 INT2=7038 EXT1=30821 EXT2=7038
-22.0,1,-22.00805,-22.237,-22.237,4504,1746,30945,25837,30945,25837,1000,1,1793,59310,30339.1,0,1e-07,115200,always,3500,1036,1036,1096,w_n0022_0000_r1.npz,I=-22.237 nA X=-22.237 nA MODE=1 T=1000ms RAW m=4504 n=1746 INT1=30945 INT2=25837 EXT1=30945 EXT2=25837
-22.0,2,-22.007849999999998,-22.233,-22.233,4497,1753,30816,18607,30816,18607,1000,1,1780,59286,30285.3,0,1e-07,115200,always,3500,1036,1270,1096,w_n0022_0000_r2.npz,I=-22.233 nA X=-22.233 nA MODE=1 T=1000ms RAW m=4497 n=1753 INT1=30816 INT2=18607 EXT1=30816 EXT2=18607
-22.0,3,-22.008000000000003,-22.236,-22.236,4501,1749,30866,22703,30866,22703,1000,1,1721,59340,30297.9,0,1e-07,115200,always,3500,1036,1276,1096,w_n0022_0000_r3.npz,I=-22.236 nA X=-22.236 nA MODE=1 T=1000ms RAW m=4501 n=1749 INT1=30866 INT2=22703 EXT1=30866 EXT2=22703
-21.5,1,-21.508824999999998,-21.725,-21.725,4456,1794,30124,7987,30124,7987,1000,1,2035,59245,30793.5,0,1e-07,115200,always,3500,1035,1270,1096,w_n0021_5000_r1.npz,I=-21.725 nA X=-21.725 nA MODE=1 T=1000ms RAW m=4456 n=1794 INT1=30124 INT2=7987 EXT1=30124 EXT2=7987
-21.5,2,-21.508824999999998,-21.746,-21.746,4495,1755,30957,48596,30957,48596,1000,1,1984,59291,30431.8,0,1e-07,115200,always,3500,1035,1271,1096,w_n0021_5000_r2.npz,I=-21.746 nA X=-21.746 nA MODE=1 T=1000ms RAW m=4495 n=1755 INT1=30957 INT2=48596 EXT1=30957 EXT2=48596
-21.5,3,-21.5091,-21.747,-21.747,4495,1755,31009,48552,31009,48552,1000,1,2035,59284,30440.0,0,1e-07,115200,always,3500,1035,1036,1096,w_n0021_5000_r3.npz,I=-21.747 nA X=-21.747 nA MODE=1 T=1000ms RAW m=4495 n=1755 INT1=31009 INT2=48552 EXT1=31009 EXT2=48552
-21.0,1,-21.0075,-21.233,-21.233,4458,1792,31186,43434,31186,43434,1000,1,1775,59323,30596.2,0,1e-07,115200,always,3500,1035,1287,1096,w_n0021_0000_r1.npz,I=-21.233 nA X=-21.233 nA MODE=1 T=1000ms RAW m=4458 n=1792 INT1=31186 INT2=43434 EXT1=31186 EXT2=43434
-21.0,2,-21.007175,-21.231,-21.231,4453,1797,30903,38023,30903,38023,1000,1,1931,59309,30622.5,0,1e-07,115200,always,3500,1035,1272,1096,w_n0021_0000_r2.npz,I=-21.231 nA X=-21.231 nA MODE=1 T=1000ms RAW m=4453 n=1797 INT1=30903 INT2=38023 EXT1=30903 EXT2=38023
-21.0,3,-21.007425,-21.231,-21.231,4458,1792,30858,43214,30858,43214,1000,1,1802,59361,30604.8,0,1e-07,115200,always,3500,1035,1271,1096,w_n0021_0000_r3.npz,I=-21.231 nA X=-21.231 nA MODE=1 T=1000ms RAW m=4458 n=1792 INT1=30858 INT2=43214 EXT1=30858 EXT2=43214
-20.5,1,-20.5079,-20.711,-20.711,4393,1857,30992,8972,30992,8972,1000,1,2149,59312,30476.5,0,1e-07,115200,always,3483,1034,1036,1096,w_n0020_5000_r1.npz,I=-20.711 nA X=-20.711 nA MODE=1 T=1000ms RAW m=4393 n=1857 INT1=30992 INT2=8972 EXT1=30992 EXT2=8972
-20.5,2,-20.507849999999998,-20.714,-20.714,4393,1857,31031,8823,31031,8823,1000,1,2176,59266,30471.0,0,1e-07,115200,always,3483,1034,1271,1096,w_n0020_5000_r2.npz,I=-20.714 nA X=-20.714 nA MODE=1 T=1000ms RAW m=4393 n=1857 INT1=31031 INT2=8823 EXT1=31031 EXT2=8823
-20.5,3,-20.507925,-20.714,-20.714,4393,1857,30813,8599,30813,8599,1000,1,2018,59373,30504.9,0,1e-07,115200,always,3483,1034,1273,1096,w_n0020_5000_r3.npz,I=-20.714 nA X=-20.714 nA MODE=1 T=1000ms RAW m=4393 n=1857 INT1=30813 INT2=8599 EXT1=30813 EXT2=8599
-20.0,1,-20.00655,-20.211,-20.211,4373,1877,31051,20694,31051,20694,1000,1,1920,59237,30343.3,0,1e-07,115200,always,3499,1034,1325,1096,w_n0020_0000_r1.npz,I=-20.211 nA X=-20.211 nA MODE=1 T=1000ms RAW m=4373 n=1877 INT1=31051 INT2=20694 EXT1=31051 EXT2=20694
-20.0,2,-20.00685,-20.21,-20.21,4370,1880,30873,17452,30873,17452,1000,1,1873,59305,30286.7,0,1e-07,115200,always,3499,1034,1271,1096,w_n0020_0000_r2.npz,I=-20.210 nA X=-20.210 nA MODE=1 T=1000ms RAW m=4370 n=1880 INT1=30873 INT2=17452 EXT1=30873 EXT2=17452
-20.0,3,-20.00685,-20.212,-20.212,4372,1878,30878,19423,30878,19423,1000,1,1822,59362,30325.8,0,1e-07,115200,always,3499,1034,1035,1096,w_n0020_0000_r3.npz,I=-20.212 nA X=-20.212 nA MODE=1 T=1000ms RAW m=4372 n=1878 INT1=30878 INT2=19423 EXT1=30878 EXT2=19423
-19.5,1,-19.507324999999998,-19.718,-19.718,4365,1885,31033,44594,31033,44594,1000,1,1754,59314,30436.2,0,1e-07,115200,always,3500,1034,1270,1096,w_n0019_5000_r1.npz,I=-19.718 nA X=-19.718 nA MODE=1 T=1000ms RAW m=4365 n=1885 INT1=31033 INT2=44594 EXT1=31033 EXT2=44594
-19.5,2,-19.50705,-19.719,-19.719,4365,1885,30989,44447,30989,44447,1000,1,1725,59400,30474.1,0,1e-07,115200,always,3500,1034,1270,1096,w_n0019_5000_r2.npz,I=-19.719 nA X=-19.719 nA MODE=1 T=1000ms RAW m=4365 n=1885 INT1=30989 INT2=44447 EXT1=30989 EXT2=44447
-19.5,3,-19.507450000000002,-19.72,-19.72,4366,1884,30964,45414,30964,45414,1000,1,1698,59254,30419.1,0,1e-07,115200,always,3500,1034,1271,1096,w_n0019_5000_r3.npz,I=-19.720 nA X=-19.720 nA MODE=1 T=1000ms RAW m=4366 n=1884 INT1=30964 INT2=45414 EXT1=30964 EXT2=45414
-19.0,1,-19.00815,-19.202,-19.202,4306,1944,30462,15661,30462,15661,1000,1,1986,59361,30680.8,0,1e-07,115200,always,3500,1033,1036,1096,w_n0019_0000_r1.npz,I=-19.202 nA X=-19.202 nA MODE=1 T=1000ms RAW m=4306 n=1944 INT1=30462 INT2=15661 EXT1=30462 EXT2=15661
-19.0,2,-19.007825,-19.221,-19.221,4346,1904,31126,57199,31126,57199,1000,1,2017,59251,30515.3,0,1e-07,115200,always,3500,1033,1271,1096,w_n0019_0000_r2.npz,I=-19.221 nA X=-19.221 nA MODE=1 T=1000ms RAW m=4346 n=1904 INT1=31126 INT2=57199 EXT1=31126 EXT2=57199
-19.0,3,-19.0078,-19.223,-19.223,4346,1904,30847,56830,30847,56830,1000,1,1861,59342,30498.4,0,1e-07,115200,always,3500,1033,1271,1096,w_n0019_0000_r3.npz,I=-19.223 nA X=-19.223 nA MODE=1 T=1000ms RAW m=4346 n=1904 INT1=30847 INT2=56830 EXT1=30847 EXT2=56830
-18.5,1,-18.506449999999997,-18.694,-18.694,4279,1971,30914,20945,30914,20945,1000,1,1782,59336,30651.8,0,1e-07,115200,always,3500,1033,1271,1096,w_n0018_5000_r1.npz,I=-18.694 nA X=-18.694 nA MODE=1 T=1000ms RAW m=4279 n=1971 INT1=30914 INT2=20945 EXT1=30914 EXT2=20945
-18.5,2,-18.50665,-18.694,-18.694,4279,1971,30841,20858,30841,20858,1000,1,1803,59355,30630.9,0,1e-07,115200,always,3500,1033,1271,1096,w_n0018_5000_r2.npz,I=-18.694 nA X=-18.694 nA MODE=1 T=1000ms RAW m=4279 n=1971 INT1=30841 INT2=20858 EXT1=30841 EXT2=20858
-18.5,3,-18.506800000000002,-18.695,-18.695,4275,1975,30841,16617,30841,16617,1000,1,1770,59325,30632.5,0,1e-07,115200,always,3500,1033,1036,1096,w_n0018_5000_r3.npz,I=-18.695 nA X=-18.695 nA MODE=1 T=1000ms RAW m=4275 n=1975 INT1=30841 INT2=16617 EXT1=30841 EXT2=16617
-18.0,1,-18.007324999999998,-18.186,-18.186,4240,2010,31062,13284,31062,13284,1000,1,1999,59310,30473.1,0,1e-07,115200,always,3500,1033,1271,1096,w_n0018_0000_r1.npz,I=-18.186 nA X=-18.186 nA MODE=1 T=1000ms RAW m=4240 n=2010 INT1=31062 INT2=13284 EXT1=31062 EXT2=13284
-18.0,2,-18.007475,-18.19,-18.19,4241,2009,30870,13910,30870,13910,1000,1,2031,59360,30452.4,0,1e-07,115200,always,3500,1033,1282,1096,w_n0018_0000_r2.npz,I=-18.190 nA X=-18.190 nA MODE=1 T=1000ms RAW m=4241 n=2009 INT1=30870 INT2=13910 EXT1=30870 EXT2=13910
-18.0,3,-18.007225,-18.19,-18.19,4241,2009,30930,13936,30930,13936,1000,1,2094,59327,30483.1,0,1e-07,115200,always,3500,1033,1270,1096,w_n0018_0000_r3.npz,I=-18.190 nA X=-18.190 nA MODE=1 T=1000ms RAW m=4241 n=2009 INT1=30930 INT2=13936 EXT1=30930 EXT2=13936
-17.5,1,-17.5059,-17.688,-17.688,4222,2028,31171,27105,31171,27105,1000,1,1867,59363,30358.4,0,1e-07,115200,always,3498,1032,1035,1096,w_n0017_5000_r1.npz,I=-17.688 nA X=-17.688 nA MODE=1 T=1000ms RAW m=4222 n=2028 INT1=31171 INT2=27105 EXT1=31171 EXT2=27105
-17.5,2,-17.505675,-17.687,-17.687,4220,2030,30876,24736,30876,24736,1000,1,1891,59294,30313.1,0,1e-07,115200,always,3498,1032,1272,1096,w_n0017_5000_r2.npz,I=-17.687 nA X=-17.687 nA MODE=1 T=1000ms RAW m=4220 n=2030 INT1=30876 INT2=24736 EXT1=30876 EXT2=24736
-17.5,3,-17.505724999999998,-17.689,-17.689,4219,2031,30980,23687,30980,23687,1000,1,1821,59350,30343.3,0,1e-07,115200,always,3498,1032,1273,1096,w_n0017_5000_r3.npz,I=-17.689 nA X=-17.689 nA MODE=1 T=1000ms RAW m=4219 n=2031 INT1=30980 INT2=23687 EXT1=30980 EXT2=23687
-17.0,1,-17.006899999999998,-17.175,-17.175,4172,2078,30377,7225,30377,7225,1000,1,1850,59318,30856.5,0,1e-07,115200,always,3503,1032,1318,1096,w_n0017_0000_r1.npz,I=-17.175 nA X=-17.175 nA MODE=1 T=1000ms RAW m=4172 n=2078 INT1=30377 INT2=7225 EXT1=30377 EXT2=7225
-17.0,2,-17.006525,-17.195,-17.195,4212,2038,30911,48557,30911,48557,1000,1,1845,59366,30530.3,0,1e-07,115200,always,3503,1032,1272,1096,w_n0017_0000_r2.npz,I=-17.195 nA X=-17.195 nA MODE=1 T=1000ms RAW m=4212 n=2038 INT1=30911 INT2=48557 EXT1=30911 EXT2=48557
-17.0,3,-17.00685,-17.197,-17.197,4215,2035,30900,51614,30900,51614,1000,1,1949,59341,30576.5,0,1e-07,115200,always,3503,1032,1038,1096,w_n0017_0000_r3.npz,I=-17.197 nA X=-17.197 nA MODE=1 T=1000ms RAW m=4215 n=2035 INT1=30900 INT2=51614 EXT1=30900 EXT2=51614
-16.5,1,-16.5073,-16.675,-16.675,4150,2100,30547,16942,30547,16942,1000,1,2040,59393,30706.1,0,1e-07,115200,always,3503,1031,1272,1096,w_n0016_5000_r1.npz,I=-16.675 nA X=-16.675 nA MODE=1 T=1000ms RAW m=4150 n=2100 INT1=30547 INT2=16942 EXT1=30547 EXT2=16942
-16.5,2,-16.507150000000003,-16.691,-16.691,4189,2061,30852,57315,30852,57315,1000,1,1896,59250,30539.2,0,1e-07,115200,always,3503,1031,1271,1096,w_n0016_5000_r2.npz,I=-16.691 nA X=-16.691 nA MODE=1 T=1000ms RAW m=4189 n=2061 INT1=30852 INT2=57315 EXT1=30852 EXT2=57315
-16.5,3,-16.507325,-16.691,-16.691,4189,2061,30812,57263,30812,57263,1000,1,1919,59329,30558.3,0,1e-07,115200,always,3503,1031,1273,1096,w_n0016_5000_r3.npz,I=-16.691 nA X=-16.691 nA MODE=1 T=1000ms RAW m=4189 n=2061 INT1=30812 INT2=57263 EXT1=30812 EXT2=57263
-16.0,1,-16.0061,-16.169,-16.169,4127,2123,30863,26233,30863,26233,1000,1,1867,59387,30659.8,0,1e-07,115200,always,3499,1031,1036,1096,w_n0016_0000_r1.npz,I=-16.169 nA X=-16.169 nA MODE=1 T=1000ms RAW m=4127 n=2123 INT1=30863 INT2=26233 EXT1=30863 EXT2=26233
-16.0,2,-16.006149999999998,-16.172,-16.172,4131,2119,30803,30173,30803,30173,1000,1,1923,59398,30657.4,0,1e-07,115200,always,3499,1031,1271,1096,w_n0016_0000_r2.npz,I=-16.172 nA X=-16.172 nA MODE=1 T=1000ms RAW m=4131 n=2119 INT1=30803 INT2=30173 EXT1=30803 EXT2=30173
-16.0,3,-16.0063,-16.171,-16.171,4131,2119,30807,30249,30807,30249,1000,1,1783,59313,30618.8,0,1e-07,115200,always,3499,1031,1270,1096,w_n0016_0000_r3.npz,I=-16.171 nA X=-16.171 nA MODE=1 T=1000ms RAW m=4131 n=2119 INT1=30807 INT2=30249 EXT1=30807 EXT2=30249
-15.5,1,-15.507024999999999,-15.659,-15.659,4080,2170,30822,10103,30822,10103,1000,1,1910,59300,30549.5,0,1e-07,115200,always,3501,1031,1272,1096,w_n0015_5000_r1.npz,I=-15.659 nA X=-15.659 nA MODE=1 T=1000ms RAW m=4080 n=2170 INT1=30822 INT2=10103 EXT1=30822 EXT2=10103
-15.5,2,-15.507024999999999,-15.66,-15.66,4081,2169,31142,11352,31142,11352,1000,1,2181,59498,30553.6,0,1e-07,115200,always,3501,1031,1271,1096,w_n0015_5000_r2.npz,I=-15.660 nA X=-15.660 nA MODE=1 T=1000ms RAW m=4081 n=2169 INT1=31142 INT2=11352 EXT1=31142 EXT2=11352
-15.5,3,-15.506949999999998,-15.66,-15.66,4077,2173,30835,6866,30835,6866,1000,1,1833,59356,30557.4,0,1e-07,115200,always,3501,1031,1036,1096,w_n0015_5000_r3.npz,I=-15.660 nA X=-15.660 nA MODE=1 T=1000ms RAW m=4077 n=2173 INT1=30835 INT2=6866 EXT1=30835 EXT2=6866
-15.0,1,-15.00545,-15.156,-15.156,4057,2193,30946,18907,30946,18907,1000,1,1844,59324,30397.2,0,1e-07,115200,always,3500,1031,1272,1096,w_n0015_0000_r1.npz,I=-15.156 nA X=-15.156 nA MODE=1 T=1000ms RAW m=4057 n=2193 INT1=30946 INT2=18907 EXT1=30946 EXT2=18907
-15.0,2,-15.005550000000001,-15.158,-15.158,4056,2194,31011,17821,31011,17821,1000,1,1922,59373,30377.7,0,1e-07,115200,always,3500,1031,1304,1096,w_n0015_0000_r2.npz,I=-15.158 nA X=-15.158 nA MODE=1 T=1000ms RAW m=4056 n=2194 INT1=31011 INT2=17821 EXT1=31011 EXT2=17821
-15.0,3,-15.005775,-15.158,-15.158,4056,2194,31116,17920,31116,17920,1000,1,1977,59348,30403.9,0,1e-07,115200,always,3500,1031,1271,1096,w_n0015_0000_r3.npz,I=-15.158 nA X=-15.158 nA MODE=1 T=1000ms RAW m=4056 n=2194 INT1=31116 INT2=17920 EXT1=31116 EXT2=17920
-14.5,1,-14.506499999999999,-14.659,-14.659,4042,2208,30860,35619,30860,35619,1000,1,1804,59398,30397.0,0,1e-07,115200,always,3500,1030,1035,1096,w_n0014_5000_r1.npz,I=-14.659 nA X=-14.659 nA MODE=1 T=1000ms RAW m=4042 n=2208 INT1=30860 INT2=35619 EXT1=30860 EXT2=35619
-14.5,2,-14.5064,-14.663,-14.663,4043,2207,30948,36494,30948,36494,1000,1,1858,59375,30418.5,0,1e-07,115200,always,3500,1030,1285,1096,w_n0014_5000_r2.npz,I=-14.663 nA X=-14.663 nA MODE=1 T=1000ms RAW m=4043 n=2207 INT1=30948 INT2=36494 EXT1=30948 EXT2=36494
-14.5,3,-14.50635,-14.665,-14.665,4048,2202,30934,41630,30934,41630,1000,1,1822,59274,30435.9,0,1e-07,115200,always,3500,1030,1270,1096,w_n0014_5000_r3.npz,I=-14.665 nA X=-14.665 nA MODE=1 T=1000ms RAW m=4048 n=2202 INT1=30934 INT2=41630 EXT1=30934 EXT2=41630
-14.0,1,-14.006899999999998,-14.146,-14.146,3987,2263,30598,10999,30598,10999,1000,1,1851,59352,30847.0,0,1e-07,115200,always,3499,1030,1271,1096,w_n0014_0000_r1.npz,I=-14.146 nA X=-14.146 nA MODE=1 T=1000ms RAW m=3987 n=2263 INT1=30598 INT2=10999 EXT1=30598 EXT2=10999
-14.0,2,-14.00675,-14.165,-14.165,4027,2223,30799,52112,30799,52112,1000,1,1788,59369,30569.9,0,1e-07,115200,always,3499,1030,1280,1096,w_n0014_0000_r2.npz,I=-14.165 nA X=-14.165 nA MODE=1 T=1000ms RAW m=4027 n=2223 INT1=30799 INT2=52112 EXT1=30799 EXT2=52112
-14.0,3,-14.0068,-14.165,-14.165,4029,2221,30783,54191,30783,54191,1000,1,1888,59338,30568.4,0,1e-07,115200,always,3499,1030,1038,1096,w_n0014_0000_r3.npz,I=-14.165 nA X=-14.165 nA MODE=1 T=1000ms RAW m=4029 n=2221 INT1=30783 INT2=54191 EXT1=30783 EXT2=54191
-13.5,1,-13.5057,-13.645,-13.645,3962,2288,30536,17421,30536,17421,1000,1,2085,59384,30734.5,0,1e-07,115200,always,3500,1030,1269,1096,w_n0013_5000_r1.npz,I=-13.645 nA X=-13.645 nA MODE=1 T=1000ms RAW m=3962 n=2288 INT1=30536 INT2=17421 EXT1=30536 EXT2=17421
-13.5,2,-13.50565,-13.659,-13.659,3997,2253,31173,54012,31173,54012,1000,1,1970,59384,30599.9,0,1e-07,115200,always,3500,1030,1270,1096,w_n0013_5000_r2.npz,I=-13.659 nA X=-13.659 nA MODE=1 T=1000ms RAW m=3997 n=2253 INT1=31173 INT2=54012 EXT1=31173 EXT2=54012
-13.5,3,-13.505575,-13.656,-13.656,3995,2255,31096,52033,31096,52033,1000,1,1987,59406,30632.4,0,1e-07,115200,always,3500,1030,1272,1096,w_n0013_5000_r3.npz,I=-13.656 nA X=-13.656 nA MODE=1 T=1000ms RAW m=3995 n=2255 INT1=31096 INT2=52033 EXT1=31096 EXT2=52033
-13.0,1,-13.0068,-13.143,-13.143,3946,2304,31121,34041,31121,34041,1000,1,1912,59355,30653.2,0,1e-07,115200,always,3504,1030,1036,1096,w_n0013_0000_r1.npz,I=-13.143 nA X=-13.143 nA MODE=1 T=1000ms RAW m=3946 n=2304 INT1=31121 INT2=34041 EXT1=31121 EXT2=34041
-13.0,2,-13.006649999999999,-13.142,-13.142,3941,2309,31025,28760,31025,28760,1000,1,1888,59422,30647.8,0,1e-07,115200,always,3504,1030,1298,1096,w_n0013_0000_r2.npz,I=-13.142 nA X=-13.142 nA MODE=1 T=1000ms RAW m=3941 n=2309 INT1=31025 INT2=28760 EXT1=31025 EXT2=28760
-13.0,3,-13.006525,-13.143,-13.143,3947,2303,30927,34906,30927,34906,1000,1,1850,59308,30649.9,0,1e-07,115200,always,3504,1030,1271,1096,w_n0013_0000_r3.npz,I=-13.143 nA X=-13.143 nA MODE=1 T=1000ms RAW m=3947 n=2303 INT1=30927 INT2=34906 EXT1=30927 EXT2=34906
-12.5,1,-12.505175,-12.627,-12.627,3888,2362,31120,6802,31120,6802,1000,1,1885,59383,30620.2,0,1e-07,115200,always,3500,1029,1271,1096,w_n0012_5000_r1.npz,I=-12.627 nA X=-12.627 nA MODE=1 T=1000ms RAW m=3888 n=2362 INT1=31120 INT2=6802 EXT1=31120 EXT2=6802
-12.5,2,-12.505199999999999,-12.627,-12.627,3887,2363,30836,5462,30836,5462,1000,1,1834,59345,30597.8,0,1e-07,115200,always,3500,1029,1276,1096,w_n0012_5000_r2.npz,I=-12.627 nA X=-12.627 nA MODE=1 T=1000ms RAW m=3887 n=2363 INT1=30836 INT2=5462 EXT1=30836 EXT2=5462
-12.5,3,-12.505249999999998,-12.625,-12.625,3886,2364,31204,4862,31204,4862,1000,1,1893,59355,30605.2,0,1e-07,115200,always,3500,1029,1037,1096,w_n0012_5000_r3.npz,I=-12.625 nA X=-12.625 nA MODE=1 T=1000ms RAW m=3886 n=2364 INT1=31204 INT2=4862 EXT1=31204 EXT2=4862
-12.0,1,-12.005825,-12.122,-12.122,3864,2386,31033,14473,31033,14473,1000,1,2073,59379,30498.8,0,1e-07,115200,always,3526,1029,1271,1096,w_n0012_0000_r1.npz,I=-12.122 nA X=-12.122 nA MODE=1 T=1000ms RAW m=3864 n=2386 INT1=31033 INT2=14473 EXT1=31033 EXT2=14473
-12.0,2,-12.005575,-12.123,-12.123,3863,2387,30965,13276,30965,13276,1000,1,1841,59399,30499.5,0,1e-07,115200,always,3526,1029,1271,1096,w_n0012_0000_r2.npz,I=-12.123 nA X=-12.123 nA MODE=1 T=1000ms RAW m=3863 n=2387 INT1=30965 INT2=13276 EXT1=30965 EXT2=13276
-12.0,3,-12.005524999999999,-12.124,-12.124,3864,2386,30987,14290,30987,14290,1000,1,1869,59357,30482.6,0,1e-07,115200,always,3526,1029,1329,1096,w_n0012_0000_r3.npz,I=-12.124 nA X=-12.124 nA MODE=1 T=1000ms RAW m=3864 n=2386 INT1=30987 INT2=14290 EXT1=30987 EXT2=14290
-11.5,1,-11.506149999999998,-11.622,-11.622,3838,2412,31275,20089,31275,20089,1000,1,1918,59357,30410.3,0,1e-07,115200,always,3500,1029,1036,1096,w_n0011_5000_r1.npz,I=-11.622 nA X=-11.622 nA MODE=1 T=1000ms RAW m=3838 n=2412 INT1=31275 INT2=20089 EXT1=31275 EXT2=20089
-11.5,2,-11.506125,-11.623,-11.623,3839,2411,31195,21021,31195,21021,1000,1,1981,59408,30456.2,0,1e-07,115200,always,3500,1029,1270,1096,w_n0011_5000_r2.npz,I=-11.623 nA X=-11.623 nA MODE=1 T=1000ms RAW m=3839 n=2411 INT1=31195 INT2=21021 EXT1=31195 EXT2=21021
-11.5,3,-11.506,-11.622,-11.622,3838,2412,31193,19997,31193,19997,1000,1,1901,59448,30438.8,0,1e-07,115200,always,3500,1029,1270,1096,w_n0011_5000_r3.npz,I=-11.622 nA X=-11.622 nA MODE=1 T=1000ms RAW m=3838 n=2412 INT1=31193 INT2=19997 EXT1=31193 EXT2=19997
-11.0,1,-11.004975,-11.113,-11.113,3802,2448,30228,14471,30228,14471,1000,1,1846,59259,30927.6,0,1e-07,115200,always,3500,1029,1271,1096,w_n0011_0000_r1.npz,I=-11.113 nA X=-11.113 nA MODE=1 T=1000ms RAW m=3802 n=2448 INT1=30228 INT2=14471 EXT1=30228 EXT2=14471
-11.0,2,-11.004925,-11.128,-11.128,3829,2421,30930,42663,30930,42663,1000,1,1945,59239,30471.9,0,1e-07,115200,always,3500,1029,1271,1096,w_n0011_0000_r2.npz,I=-11.128 nA X=-11.128 nA MODE=1 T=1000ms RAW m=3829 n=2421 INT1=30930 INT2=42663 EXT1=30930 EXT2=42663
-11.0,3,-11.0049,-11.124,-11.124,3826,2424,30900,39697,30900,39697,1000,1,1855,59405,30453.4,0,1e-07,115200,always,3500,1029,1037,1096,w_n0011_0000_r3.npz,I=-11.124 nA X=-11.124 nA MODE=1 T=1000ms RAW m=3826 n=2424 INT1=30900 INT2=39697 EXT1=30900 EXT2=39697
-10.5,1,-10.5056,-10.609,-10.609,3764,2486,30410,7653,30410,7653,1000,1,1997,59455,30853.1,0,1e-07,115200,always,3500,1029,1271,1096,w_n0010_5000_r1.npz,I=-10.609 nA X=-10.609 nA MODE=1 T=1000ms RAW m=3764 n=2486 INT1=30410 INT2=7653 EXT1=30410 EXT2=7653
-10.5,2,-10.505225,-10.629,-10.629,3807,2443,31255,52466,31255,52466,1000,1,1838,59415,30585.5,0,1e-07,115200,always,3500,1029,1271,1096,w_n0010_5000_r2.npz,I=-10.629 nA X=-10.629 nA MODE=1 T=1000ms RAW m=3807 n=2443 INT1=31255 INT2=52466 EXT1=31255 EXT2=52466
-10.5,3,-10.505575,-10.627,-10.627,3805,2445,31068,50348,31068,50348,1000,1,1844,59381,30545.7,0,1e-07,115200,always,3500,1029,1277,1096,w_n0010_5000_r3.npz,I=-10.627 nA X=-10.627 nA MODE=1 T=1000ms RAW m=3805 n=2445 INT1=31068 INT2=50348 EXT1=31068 EXT2=50348
-10.0,1,-10.0024,-10.101,-10.101,3737,2513,30703,12820,30703,12820,1000,1,1761,59399,30821.9,0,1e-08,115200,always,3478,1028,1185,1096,w_n0010_0000_r1.npz,I=-10.101 nA X=-10.101 nA MODE=1 T=1000ms RAW m=3737 n=2513 INT1=30703 INT2=12820 EXT1=30703 EXT2=12820
-10.0,2,-10.0024,-10.121,-10.121,3780,2470,30899,56962,30899,56962,1000,1,1885,59353,30646.2,0,1e-08,115200,always,3478,1028,1180,1096,w_n0010_0000_r2.npz,I=-10.121 nA X=-10.121 nA MODE=1 T=1000ms RAW m=3780 n=2470 INT1=30899 INT2=56962 EXT1=30899 EXT2=56962
-10.0,3,-10.0024,-10.12,-10.12,3780,2470,30831,56970,30831,56970,1000,1,1922,59432,30661.1,0,1e-08,115200,always,3478,1028,1178,1096,w_n0010_0000_r3.npz,I=-10.120 nA X=-10.120 nA MODE=1 T=1000ms RAW m=3780 n=2470 INT1=30831 INT2=56970 EXT1=30831 EXT2=56970
-9.5,1,-9.502373333333333,-9.601,-9.601,3714,2536,30205,20845,30205,20845,1000,1,1907,59415,30714.0,0,1e-08,115200,always,3500,1028,1179,1096,w_n0009_5000_r1.npz,I=-9.601 nA X=-9.601 nA MODE=1 T=1000ms RAW m=3714 n=2536 INT1=30205 INT2=20845 EXT1=30205 EXT2=20845
-9.5,2,-9.502333333333333,-9.609,-9.609,3736,2514,30989,44263,30989,44263,1000,1,1995,59417,30714.1,0,1e-08,115200,always,3500,1028,1179,1096,w_n0009_5000_r2.npz,I=-9.609 nA X=-9.609 nA MODE=1 T=1000ms RAW m=3736 n=2514 INT1=30989 INT2=44263 EXT1=30989 EXT2=44263
-9.5,3,-9.50236,-9.61,-9.61,3737,2513,31097,45331,31097,45331,1000,1,1900,59400,30667.6,0,1e-08,115200,always,3500,1028,1186,1096,w_n0009_5000_r3.npz,I=-9.610 nA X=-9.610 nA MODE=1 T=1000ms RAW m=3737 n=2513 INT1=31097 INT2=45331 EXT1=31097 EXT2=45331
-9.0,1,-9.00236,-9.097,-9.097,3695,2555,31020,34651,31020,34651,1000,1,1952,59349,30686.1,0,1e-08,115200,always,3498,1027,1178,1096,w_n0009_0000_r1.npz,I=-9.097 nA X=-9.097 nA MODE=1 T=1000ms RAW m=3695 n=2555 INT1=31020 INT2=34651 EXT1=31020 EXT2=34651
-9.0,2,-9.002346666666666,-9.097,-9.097,3692,2558,31186,31643,31186,31643,1000,1,1942,59319,30669.9,0,1e-08,115200,always,3498,1027,1179,1096,w_n0009_0000_r2.npz,I=-9.097 nA X=-9.097 nA MODE=1 T=1000ms RAW m=3692 n=2558 INT1=31186 INT2=31643 EXT1=31186 EXT2=31643
-9.0,3,-9.00239,-9.098,-9.098,3696,2554,31149,35760,31149,35760,1000,1,1869,59388,30665.2,0,1e-08,115200,always,3498,1027,1179,1096,w_n0009_0000_r3.npz,I=-9.098 nA X=-9.098 nA MODE=1 T=1000ms RAW m=3696 n=2554 INT1=31149 INT2=35760 EXT1=31149 EXT2=35760
-8.5,1,-8.502384999999999,-8.583,-8.583,3646,2604,31147,16838,31147,16838,1000,1,1685,59548,30670.3,0,1e-08,115200,always,3500,1027,1186,1096,w_n0008_5000_r1.npz,I=-8.583 nA X=-8.583 nA MODE=1 T=1000ms RAW m=3646 n=2604 INT1=31147 INT2=16838 EXT1=31147 EXT2=16838
-8.5,2,-8.502373333333333,-8.583,-8.583,3641,2609,30884,11296,30884,11296,1000,1,2030,59409,30685.1,0,1e-08,115200,always,3500,1027,1179,1096,w_n0008_5000_r2.npz,I=-8.583 nA X=-8.583 nA MODE=1 T=1000ms RAW m=3641 n=2609 INT1=30884 INT2=11296 EXT1=30884 EXT2=11296
-8.5,3,-8.50242,-8.581,-8.581,3644,2606,30799,14485,30799,14485,1000,1,1927,59428,30656.1,0,1e-08,115200,always,3500,1027,1181,1096,w_n0008_5000_r3.npz,I=-8.581 nA X=-8.581 nA MODE=1 T=1000ms RAW m=3644 n=2606 INT1=30799 INT2=14485 EXT1=30799 EXT2=14485
-8.0,1,-8.002526666666666,-8.074,-8.074,3603,2647,30836,4573,30836,4573,1000,1,1877,59396,30650.8,0,1e-08,115200,always,3500,1027,1178,1096,w_n0008_0000_r1.npz,I=-8.074 nA X=-8.074 nA MODE=1 T=1000ms RAW m=3603 n=2647 INT1=30836 INT2=4573 EXT1=30836 EXT2=4573
-8.0,2,-8.00262,-8.075,-8.075,3603,2647,31002,4669,31002,4669,1000,1,1926,59405,30660.9,0,1e-08,115200,always,3500,1027,1178,1096,w_n0008_0000_r2.npz,I=-8.075 nA X=-8.075 nA MODE=1 T=1000ms RAW m=3603 n=2647 INT1=31002 INT2=4669 EXT1=31002 EXT2=4669
-8.0,3,-8.00256,-8.077,-8.077,3605,2645,30974,6639,30974,6639,1000,1,2042,59381,30684.2,0,1e-08,115200,always,3500,1027,1186,1096,w_n0008_0000_r3.npz,I=-8.077 nA X=-8.077 nA MODE=1 T=1000ms RAW m=3605 n=2645 INT1=30974 INT2=6639 EXT1=30974 EXT2=6639
-7.5,1,-7.502459999999999,-7.575,-7.575,3581,2669,30935,14199,30935,14199,1000,1,1962,59462,30539.5,0,1e-08,115200,always,3499,1027,1183,1096,w_n0007_5000_r1.npz,I=-7.575 nA X=-7.575 nA MODE=1 T=1000ms RAW m=3581 n=2669 INT1=30935 INT2=14199 EXT1=30935 EXT2=14199
-7.5,2,-7.502466666666666,-7.573,-7.573,3577,2673,31105,10280,31105,10280,1000,1,1889,59459,30546.9,0,1e-08,115200,always,3499,1027,1178,1096,w_n0007_5000_r2.npz,I=-7.573 nA X=-7.573 nA MODE=1 T=1000ms RAW m=3577 n=2673 INT1=31105 INT2=10280 EXT1=31105 EXT2=10280
-7.5,3,-7.502479999999999,-7.575,-7.575,3579,2671,31074,12252,31074,12252,1000,1,1984,59447,30545.2,0,1e-08,115200,always,3499,1027,1179,1096,w_n0007_5000_r3.npz,I=-7.575 nA X=-7.575 nA MODE=1 T=1000ms RAW m=3579 n=2671 INT1=31074 INT2=12252 EXT1=31074 EXT2=12252
-7.0,1,-7.002350000000001,-7.072,-7.072,3556,2694,30992,20900,30992,20900,1000,1,1981,59374,30473.0,0,1e-08,115200,always,3501,1027,1186,1096,w_n0007_0000_r1.npz,I=-7.072 nA X=-7.072 nA MODE=1 T=1000ms RAW m=3556 n=2694 INT1=30992 INT2=20900 EXT1=30992 EXT2=20900
-7.0,2,-7.00237,-7.073,-7.073,3555,2695,30783,19536,30783,19536,1000,1,2083,59455,30500.6,0,1e-08,115200,always,3501,1027,1178,1096,w_n0007_0000_r2.npz,I=-7.073 nA X=-7.073 nA MODE=1 T=1000ms RAW m=3555 n=2695 INT1=30783 INT2=19536 EXT1=30783 EXT2=19536
-7.0,3,-7.002336666666667,-7.071,-7.071,3552,2698,31242,16955,31242,16955,1000,1,1906,59468,30480.5,0,1e-08,115200,always,3501,1027,1178,1096,w_n0007_0000_r3.npz,I=-7.071 nA X=-7.071 nA MODE=1 T=1000ms RAW m=3552 n=2698 INT1=31242 INT2=16955 EXT1=31242 EXT2=16955
-6.5,1,-6.502626666666667,-6.57,-6.57,3529,2721,31088,25410,31088,25410,1000,1,1830,59535,30510.7,0,1e-08,115200,always,3500,1027,1178,1096,w_n0006_5000_r1.npz,I=-6.570 nA X=-6.570 nA MODE=1 T=1000ms RAW m=3529 n=2721 INT1=31088 INT2=25410 EXT1=31088 EXT2=25410
-6.5,2,-6.502613333333334,-6.571,-6.571,3529,2721,31278,25537,31278,25537,1000,1,1937,59449,30477.7,0,1e-08,115200,always,3500,1027,1178,1096,w_n0006_5000_r2.npz,I=-6.571 nA X=-6.571 nA MODE=1 T=1000ms RAW m=3529 n=2721 INT1=31278 INT2=25537 EXT1=31278 EXT2=25537
-6.5,3,-6.50263,-6.57,-6.57,3529,2721,31233,25554,31233,25554,1000,1,1960,59439,30460.1,0,1e-08,115200,always,3500,1027,1186,1096,w_n0006_5000_r3.npz,I=-6.570 nA X=-6.570 nA MODE=1 T=1000ms RAW m=3529 n=2721 INT1=31233 INT2=25554 EXT1=31233 EXT2=25554
-6.0,1,-6.0026166666666665,-6.065,-6.065,3499,2751,30321,26113,30321,26113,1000,1,1910,59403,30972.2,0,1e-08,115200,always,3500,1026,1187,1096,w_n0006_0000_r1.npz,I=-6.065 nA X=-6.065 nA MODE=1 T=1000ms RAW m=3499 n=2751 INT1=30321 INT2=26113 EXT1=30321 EXT2=26113
-6.0,2,-6.002649999999999,-6.071,-6.071,3508,2742,30879,35815,30879,35815,1000,1,1882,59447,30516.4,0,1e-08,115200,always,3500,1026,1178,1096,w_n0006_0000_r2.npz,I=-6.071 nA X=-6.071 nA MODE=1 T=1000ms RAW m=3508 n=2742 INT1=30879 INT2=35815 EXT1=30879 EXT2=35815
-6.0,3,-6.0026,-6.068,-6.068,3504,2746,30842,31729,30842,31729,1000,1,1904,59487,30470.9,0,1e-08,115200,always,3500,1026,1201,1096,w_n0006_0000_r3.npz,I=-6.068 nA X=-6.068 nA MODE=1 T=1000ms RAW m=3504 n=2746 INT1=30842 INT2=31729 EXT1=30842 EXT2=31729
-5.5,1,-5.502465,-5.557,-5.557,3460,2790,30578,18610,30578,18610,1000,1,1947,59428,30972.8,0,1e-08,115200,always,3500,1026,1186,1096,w_n0005_5000_r1.npz,I=-5.557 nA X=-5.557 nA MODE=1 T=1000ms RAW m=3460 n=2790 INT1=30578 INT2=18610 EXT1=30578 EXT2=18610
-5.5,2,-5.502526666666666,-5.57,-5.57,3485,2765,30903,44418,30903,44418,1000,1,1900,59405,30488.1,0,1e-08,115200,always,3500,1026,1179,1096,w_n0005_5000_r2.npz,I=-5.570 nA X=-5.570 nA MODE=1 T=1000ms RAW m=3485 n=2765 INT1=30903 INT2=44418 EXT1=30903 EXT2=44418
-5.5,3,-5.502503333333333,-5.57,-5.57,3486,2764,30962,45499,30962,45499,1000,1,1851,59452,30482.3,0,1e-08,115200,always,3500,1026,1182,1096,w_n0005_5000_r3.npz,I=-5.570 nA X=-5.570 nA MODE=1 T=1000ms RAW m=3486 n=2764 INT1=30962 INT2=45499 EXT1=30962 EXT2=45499
-5.0,1,-5.002586666666667,-5.048,-5.048,3423,2827,30463,12838,30463,12838,1000,1,1937,59442,30969.6,0,1e-08,115200,always,3500,1026,1178,1096,w_n0005_0000_r1.npz,I=-5.048 nA X=-5.048 nA MODE=1 T=1000ms RAW m=3423 n=2827 INT1=30463 INT2=12838 EXT1=30463 EXT2=12838
-5.0,2,-5.002666666666666,-5.062,-5.062,3451,2799,30905,41904,30905,41904,1000,1,2071,59520,30541.3,0,1e-08,115200,always,3500,1026,1234,1096,w_n0005_0000_r2.npz,I=-5.062 nA X=-5.062 nA MODE=1 T=1000ms RAW m=3451 n=2799 INT1=30905 INT2=41904 EXT1=30905 EXT2=41904
-5.0,3,-5.0027,-5.066,-5.066,3455,2795,31027,45926,31027,45926,1000,1,1963,59485,30574.6,0,1e-08,115200,always,3500,1026,1185,1096,w_n0005_0000_r3.npz,I=-5.066 nA X=-5.066 nA MODE=1 T=1000ms RAW m=3455 n=2795 INT1=31027 INT2=45926 EXT1=31027 EXT2=45926
